image_path,original_path,scenario,weather_class,description,is_negative,AQI
/Users/nesar/VS/V1/negative_examples/motion_blur/motion_blur_0000.JPG,/Users/nesar/VS/V1/blur/motion_blurred/101_NIKON-D3400-35MM_M.JPG,motion_blur,6,Camera motion blur,True,
/Users/nesar/VS/V1/negative_examples/motion_blur/motion_blur_0001.jpg,/Users/nesar/VS/V1/blur/motion_blurred/257_HONOR-9_M.jpg,motion_blur,6,Camera motion blur,True,
/Users/nesar/VS/V1/negative_examples/motion_blur/motion_blur_0002.jpg,/Users/nesar/VS/V1/blur/motion_blurred/211_SAMSUNG-GALAXY-7-NEO_M.jpg,motion_blur,6,Camera motion blur,True,
/Users/nesar/VS/V1/negative_examples/motion_blur/motion_blur_0003.jpg,/Users/nesar/VS/V1/blur/motion_blurred/79_HUAWEI-P30-PRO_M.jpg,motion_blur,6,Camera motion blur,True,
/Users/nesar/VS/V1/negative_examples/motion_blur/motion_blur_0004.jpg,/Users/nesar/VS/V1/blur/motion_blurred/97_HONOR-7X_M.jpg,motion_blur,6,Camera motion blur,True,
/Users/nesar/VS/V1/negative_examples/motion_blur/motion_blur_0005.jpg,/Users/nesar/VS/V1/blur/motion_blurred/315_HUAWEI-NOVA-LITE_M.jpg,motion_blur,6,Camera motion blur,True,
/Users/nesar/VS/V1/negative_examples/motion_blur/motion_blur_0006.jpg,/Users/nesar/VS/V1/blur/motion_blurred/337_XIAOMI-PROCOFONE-F1_M.jpg,motion_blur,6,Camera motion blur,True,
/Users/nesar/VS/V1/negative_examples/motion_blur/motion_blur_0007.jpg,/Users/nesar/VS/V1/blur/motion_blurred/85_HONOR-8X_M.jpg,motion_blur,6,Camera motion blur,True,
/Users/nesar/VS/V1/negative_examples/motion_blur/motion_blur_0008.JPG,/Users/nesar/VS/V1/blur/motion_blurred/267_SONY-NEX-5T_M.JPG,motion_blur,6,Camera motion blur,True,
/Users/nesar/VS/V1/negative_examples/motion_blur/motion_blur_0009.jpg,/Users/nesar/VS/V1/blur/motion_blurred/182_HONOR-10_M.jpg,motion_blur,6,Camera motion blur,True,
/Users/nesar/VS/V1/negative_examples/motion_blur/motion_blur_0010.JPG,/Users/nesar/VS/V1/blur/motion_blurred/274_NIKON-D3400-18-55MM_M.JPG,motion_blur,6,Camera motion blur,True,
/Users/nesar/VS/V1/negative_examples/motion_blur/motion_blur_0011.jpg,/Users/nesar/VS/V1/blur/motion_blurred/305_HONOR-9_M.jpg,motion_blur,6,Camera motion blur,True,
/Users/nesar/VS/V1/negative_examples/motion_blur/motion_blur_0012.jpg,/Users/nesar/VS/V1/blur/motion_blurred/74_HONOR-8X_M.jpg,motion_blur,6,Camera motion blur,True,
/Users/nesar/VS/V1/negative_examples/motion_blur/motion_blur_0013.jpg,/Users/nesar/VS/V1/blur/motion_blurred/156_HUAWEI-P30-LITE_M.jpg,motion_blur,6,Camera motion blur,True,
/Users/nesar/VS/V1/negative_examples/motion_blur/motion_blur_0014.jpg,/Users/nesar/VS/V1/blur/motion_blurred/206_IPHONE-7_M.jpg,motion_blur,6,Camera motion blur,True,
/Users/nesar/VS/V1/negative_examples/motion_blur/motion_blur_0015.jpg,/Users/nesar/VS/V1/blur/motion_blurred/50_HONOR-8X_M.jpg,motion_blur,6,Camera motion blur,True,
/Users/nesar/VS/V1/negative_examples/motion_blur/motion_blur_0016.jpg,/Users/nesar/VS/V1/blur/motion_blurred/320_HONOR-7X_M.jpg,motion_blur,6,Camera motion blur,True,
/Users/nesar/VS/V1/negative_examples/motion_blur/motion_blur_0017.jpeg,/Users/nesar/VS/V1/blur/motion_blurred/40_IPHONE-6S_M.jpeg,motion_blur,6,Camera motion blur,True,
/Users/nesar/VS/V1/negative_examples/motion_blur/motion_blur_0018.JPG,/Users/nesar/VS/V1/blur/motion_blurred/301_NIKON-D3400-35MM_M.JPG,motion_blur,6,Camera motion blur,True,
/Users/nesar/VS/V1/negative_examples/motion_blur/motion_blur_0019.jpg,/Users/nesar/VS/V1/blur/motion_blurred/214_IPHONE-SE_M.jpg,motion_blur,6,Camera motion blur,True,
/Users/nesar/VS/V1/negative_examples/motion_blur/motion_blur_0020.JPG,/Users/nesar/VS/V1/blur/motion_blurred/42_NIKON-D3400-35MM_M.JPG,motion_blur,6,Camera motion blur,True,
/Users/nesar/VS/V1/negative_examples/motion_blur/motion_blur_0021.jpg,/Users/nesar/VS/V1/blur/motion_blurred/5_XIAOMI-PROCOFONE-F1_M.jpg,motion_blur,6,Camera motion blur,True,
/Users/nesar/VS/V1/negative_examples/motion_blur/motion_blur_0022.JPG,/Users/nesar/VS/V1/blur/motion_blurred/190_NIKON-D3400-18-55MM_M.JPG,motion_blur,6,Camera motion blur,True,
/Users/nesar/VS/V1/negative_examples/motion_blur/motion_blur_0023.jpg,/Users/nesar/VS/V1/blur/motion_blurred/128_XIAOMI-MI8-SE_M.jpg,motion_blur,6,Camera motion blur,True,
/Users/nesar/VS/V1/negative_examples/motion_blur/motion_blur_0024.jpg,/Users/nesar/VS/V1/blur/motion_blurred/230_NOKIA-21_M.jpg,motion_blur,6,Camera motion blur,True,
/Users/nesar/VS/V1/negative_examples/motion_blur/motion_blur_0025.jpg,/Users/nesar/VS/V1/blur/motion_blurred/192_XIAOMI-MI8-SE_M.jpg,motion_blur,6,Camera motion blur,True,
/Users/nesar/VS/V1/negative_examples/motion_blur/motion_blur_0026.JPG,/Users/nesar/VS/V1/blur/motion_blurred/139_NIKON-D3400-18-55MM_M.JPG,motion_blur,6,Camera motion blur,True,
/Users/nesar/VS/V1/negative_examples/motion_blur/motion_blur_0027.jpg,/Users/nesar/VS/V1/blur/motion_blurred/165_SAMSUNG-GALAXY-J3_M.jpg,motion_blur,6,Camera motion blur,True,
/Users/nesar/VS/V1/negative_examples/motion_blur/motion_blur_0028.jpg,/Users/nesar/VS/V1/blur/motion_blurred/185_HONOR-6X_M.jpg,motion_blur,6,Camera motion blur,True,
/Users/nesar/VS/V1/negative_examples/motion_blur/motion_blur_0029.jpg,/Users/nesar/VS/V1/blur/motion_blurred/197_HUAWEI-P20-LITE_M.jpg,motion_blur,6,Camera motion blur,True,
/Users/nesar/VS/V1/negative_examples/motion_blur/motion_blur_0030.JPG,/Users/nesar/VS/V1/blur/motion_blurred/0_IPHONE-SE_M.JPG,motion_blur,6,Camera motion blur,True,
/Users/nesar/VS/V1/negative_examples/motion_blur/motion_blur_0031.jpg,/Users/nesar/VS/V1/blur/motion_blurred/200_HUAWEI-MATE20_M.jpg,motion_blur,6,Camera motion blur,True,
/Users/nesar/VS/V1/negative_examples/motion_blur/motion_blur_0032.JPG,/Users/nesar/VS/V1/blur/motion_blurred/106_NIKON-D3400-35MM_M.JPG,motion_blur,6,Camera motion blur,True,
/Users/nesar/VS/V1/negative_examples/motion_blur/motion_blur_0033.jpg,/Users/nesar/VS/V1/blur/motion_blurred/336_ASUS-ZENFONE-LIVE-ZB501KL_M.jpg,motion_blur,6,Camera motion blur,True,
/Users/nesar/VS/V1/negative_examples/motion_blur/motion_blur_0034.jpg,/Users/nesar/VS/V1/blur/motion_blurred/51_IPHONE-SE_M.jpg,motion_blur,6,Camera motion blur,True,
/Users/nesar/VS/V1/negative_examples/motion_blur/motion_blur_0035.jpg,/Users/nesar/VS/V1/blur/motion_blurred/3_HUAWEI-NOVA-LITE_M.jpg,motion_blur,6,Camera motion blur,True,
/Users/nesar/VS/V1/negative_examples/motion_blur/motion_blur_0036.JPG,/Users/nesar/VS/V1/blur/motion_blurred/150_NIKON-D3400-18-55MM_M.JPG,motion_blur,6,Camera motion blur,True,
/Users/nesar/VS/V1/negative_examples/motion_blur/motion_blur_0037.JPG,/Users/nesar/VS/V1/blur/motion_blurred/298_NIKON-D3400-35MM_M.JPG,motion_blur,6,Camera motion blur,True,
/Users/nesar/VS/V1/negative_examples/motion_blur/motion_blur_0038.jpg,/Users/nesar/VS/V1/blur/motion_blurred/261_HONOR-10_M.jpg,motion_blur,6,Camera motion blur,True,
/Users/nesar/VS/V1/negative_examples/motion_blur/motion_blur_0039.jpg,/Users/nesar/VS/V1/blur/motion_blurred/72_IPHONE-8_M.jpg,motion_blur,6,Camera motion blur,True,
/Users/nesar/VS/V1/negative_examples/motion_blur/motion_blur_0040.jpg,/Users/nesar/VS/V1/blur/motion_blurred/209_SAMSUNG-GALAXY-A8_M.jpg,motion_blur,6,Camera motion blur,True,
/Users/nesar/VS/V1/negative_examples/motion_blur/motion_blur_0041.jpg,/Users/nesar/VS/V1/blur/motion_blurred/329_HONOR-7C_M.jpg,motion_blur,6,Camera motion blur,True,
/Users/nesar/VS/V1/negative_examples/motion_blur/motion_blur_0042.jpg,/Users/nesar/VS/V1/blur/motion_blurred/33_HONOR-8X_M.jpg,motion_blur,6,Camera motion blur,True,
/Users/nesar/VS/V1/negative_examples/motion_blur/motion_blur_0043.jpg,/Users/nesar/VS/V1/blur/motion_blurred/163_SAMSUNG-GALAXY-GRAND-PRIME-PLUS_M.jpg,motion_blur,6,Camera motion blur,True,
/Users/nesar/VS/V1/negative_examples/motion_blur/motion_blur_0044.jpg,/Users/nesar/VS/V1/blur/motion_blurred/343_XIAOMI-PROCOFONE-F1_M.jpg,motion_blur,6,Camera motion blur,True,
/Users/nesar/VS/V1/negative_examples/motion_blur/motion_blur_0045.JPG,/Users/nesar/VS/V1/blur/motion_blurred/286_SONY-NEX-5T_M.JPG,motion_blur,6,Camera motion blur,True,
/Users/nesar/VS/V1/negative_examples/motion_blur/motion_blur_0046.jpg,/Users/nesar/VS/V1/blur/motion_blurred/41_XIAOMI-PROCOFONE-F1_M.jpg,motion_blur,6,Camera motion blur,True,
/Users/nesar/VS/V1/negative_examples/motion_blur/motion_blur_0047.jpg,/Users/nesar/VS/V1/blur/motion_blurred/344_XIAOMI-PROCOFONE-F1_M.jpg,motion_blur,6,Camera motion blur,True,
/Users/nesar/VS/V1/negative_examples/motion_blur/motion_blur_0048.jpg,/Users/nesar/VS/V1/blur/motion_blurred/121_HONOR-7X_M.jpg,motion_blur,6,Camera motion blur,True,
/Users/nesar/VS/V1/negative_examples/motion_blur/motion_blur_0049.JPG,/Users/nesar/VS/V1/blur/motion_blurred/271_NIKON-D3400-18-55MM_M.JPG,motion_blur,6,Camera motion blur,True,
/Users/nesar/VS/V1/negative_examples/motion_blur/motion_blur_0050.jpg,/Users/nesar/VS/V1/blur/motion_blurred/91_HONOR-7X_M.jpg,motion_blur,6,Camera motion blur,True,
/Users/nesar/VS/V1/negative_examples/motion_blur/motion_blur_0051.jpg,/Users/nesar/VS/V1/blur/motion_blurred/176_HONOR-7X_M.jpg,motion_blur,6,Camera motion blur,True,
/Users/nesar/VS/V1/negative_examples/motion_blur/motion_blur_0052.JPG,/Users/nesar/VS/V1/blur/motion_blurred/170_IPHONE-8_M.JPG,motion_blur,6,Camera motion blur,True,
/Users/nesar/VS/V1/negative_examples/motion_blur/motion_blur_0053.jpg,/Users/nesar/VS/V1/blur/motion_blurred/25_HUAWEI-Y9_M.jpg,motion_blur,6,Camera motion blur,True,
/Users/nesar/VS/V1/negative_examples/motion_blur/motion_blur_0054.jpg,/Users/nesar/VS/V1/blur/motion_blurred/227_SAMSUNG-GALAXY-A3_M.jpg,motion_blur,6,Camera motion blur,True,
/Users/nesar/VS/V1/negative_examples/motion_blur/motion_blur_0055.jpg,/Users/nesar/VS/V1/blur/motion_blurred/83_HONOR-8X_M.jpg,motion_blur,6,Camera motion blur,True,
/Users/nesar/VS/V1/negative_examples/motion_blur/motion_blur_0056.jpg,/Users/nesar/VS/V1/blur/motion_blurred/34_HONOR-8X_M.jpg,motion_blur,6,Camera motion blur,True,
/Users/nesar/VS/V1/negative_examples/motion_blur/motion_blur_0057.jpg,/Users/nesar/VS/V1/blur/motion_blurred/241_HONOR-7X_M.jpg,motion_blur,6,Camera motion blur,True,
/Users/nesar/VS/V1/negative_examples/motion_blur/motion_blur_0058.JPG,/Users/nesar/VS/V1/blur/motion_blurred/293_NIKON-D3400-35MM_M.JPG,motion_blur,6,Camera motion blur,True,
/Users/nesar/VS/V1/negative_examples/motion_blur/motion_blur_0059.JPG,/Users/nesar/VS/V1/blur/motion_blurred/100_NIKON-D3400-35MM_M.JPG,motion_blur,6,Camera motion blur,True,
/Users/nesar/VS/V1/negative_examples/motion_blur/motion_blur_0060.jpg,/Users/nesar/VS/V1/blur/motion_blurred/224_ONEPLUS-3T_M.jpg,motion_blur,6,Camera motion blur,True,
/Users/nesar/VS/V1/negative_examples/motion_blur/motion_blur_0061.JPG,/Users/nesar/VS/V1/blur/motion_blurred/141_NIKON-D3400-18-55MM_M.JPG,motion_blur,6,Camera motion blur,True,
/Users/nesar/VS/V1/negative_examples/motion_blur/motion_blur_0062.JPG,/Users/nesar/VS/V1/blur/motion_blurred/281_NIKON-D3400-18-55MM_M.JPG,motion_blur,6,Camera motion blur,True,
/Users/nesar/VS/V1/negative_examples/motion_blur/motion_blur_0063.jpg,/Users/nesar/VS/V1/blur/motion_blurred/36_HONOR-8X_M.jpg,motion_blur,6,Camera motion blur,True,
/Users/nesar/VS/V1/negative_examples/motion_blur/motion_blur_0064.jpg,/Users/nesar/VS/V1/blur/motion_blurred/18_XIAOMI-REDMI-5-PLUS_M.jpg,motion_blur,6,Camera motion blur,True,
/Users/nesar/VS/V1/negative_examples/motion_blur/motion_blur_0065.jpg,/Users/nesar/VS/V1/blur/motion_blurred/312_ASUS-ZENFONE-LIVE-ZB501KL_M.jpg,motion_blur,6,Camera motion blur,True,
/Users/nesar/VS/V1/negative_examples/motion_blur/motion_blur_0066.jpg,/Users/nesar/VS/V1/blur/motion_blurred/71_SAMSUNG-GALAXY-A6_M.jpg,motion_blur,6,Camera motion blur,True,
/Users/nesar/VS/V1/negative_examples/motion_blur/motion_blur_0067.jpg,/Users/nesar/VS/V1/blur/motion_blurred/87_IPHONE-8-PLUS_M.jpg,motion_blur,6,Camera motion blur,True,
/Users/nesar/VS/V1/negative_examples/motion_blur/motion_blur_0068.jpg,/Users/nesar/VS/V1/blur/motion_blurred/86_HONOR-8X_M.jpg,motion_blur,6,Camera motion blur,True,
/Users/nesar/VS/V1/negative_examples/motion_blur/motion_blur_0069.jpg,/Users/nesar/VS/V1/blur/motion_blurred/61_XIAOMI-REDMI-7_M.jpg,motion_blur,6,Camera motion blur,True,
/Users/nesar/VS/V1/negative_examples/motion_blur/motion_blur_0070.jpg,/Users/nesar/VS/V1/blur/motion_blurred/45_HONOR-7X_M.jpg,motion_blur,6,Camera motion blur,True,
/Users/nesar/VS/V1/negative_examples/motion_blur/motion_blur_0071.jpg,/Users/nesar/VS/V1/blur/motion_blurred/22_HUAWEI-Y9_M.jpg,motion_blur,6,Camera motion blur,True,
/Users/nesar/VS/V1/negative_examples/motion_blur/motion_blur_0072.jpeg,/Users/nesar/VS/V1/blur/motion_blurred/193_IPHONE-7_M.jpeg,motion_blur,6,Camera motion blur,True,
/Users/nesar/VS/V1/negative_examples/motion_blur/motion_blur_0073.JPG,/Users/nesar/VS/V1/blur/motion_blurred/147_NIKON-D3400-35MM_M.JPG,motion_blur,6,Camera motion blur,True,
/Users/nesar/VS/V1/negative_examples/motion_blur/motion_blur_0074.JPG,/Users/nesar/VS/V1/blur/motion_blurred/129_NIKON-D3400-18-55MM_M.JPG,motion_blur,6,Camera motion blur,True,
/Users/nesar/VS/V1/negative_examples/motion_blur/motion_blur_0075.jpg,/Users/nesar/VS/V1/blur/motion_blurred/183_XIAOMI-REDMI-7_M.jpg,motion_blur,6,Camera motion blur,True,
/Users/nesar/VS/V1/negative_examples/motion_blur/motion_blur_0076.JPG,/Users/nesar/VS/V1/blur/motion_blurred/282_SONY-NEX-5T_M.JPG,motion_blur,6,Camera motion blur,True,
/Users/nesar/VS/V1/negative_examples/motion_blur/motion_blur_0077.jpg,/Users/nesar/VS/V1/blur/motion_blurred/167_HONOR-7X_M.jpg,motion_blur,6,Camera motion blur,True,
/Users/nesar/VS/V1/negative_examples/motion_blur/motion_blur_0078.JPG,/Users/nesar/VS/V1/blur/motion_blurred/152_NIKON-D3400-18-55MM_M.JPG,motion_blur,6,Camera motion blur,True,
/Users/nesar/VS/V1/negative_examples/motion_blur/motion_blur_0079.jpg,/Users/nesar/VS/V1/blur/motion_blurred/28_HONOR-8X_M.jpg,motion_blur,6,Camera motion blur,True,
/Users/nesar/VS/V1/negative_examples/motion_blur/motion_blur_0080.jpg,/Users/nesar/VS/V1/blur/motion_blurred/29_HONOR-7X_M.jpg,motion_blur,6,Camera motion blur,True,
/Users/nesar/VS/V1/negative_examples/motion_blur/motion_blur_0081.jpg,/Users/nesar/VS/V1/blur/motion_blurred/220_IPHONE-6_M.jpg,motion_blur,6,Camera motion blur,True,
/Users/nesar/VS/V1/negative_examples/motion_blur/motion_blur_0082.JPG,/Users/nesar/VS/V1/blur/motion_blurred/270_NIKON-D3400-18-55MM_M.JPG,motion_blur,6,Camera motion blur,True,
/Users/nesar/VS/V1/negative_examples/motion_blur/motion_blur_0083.jpg,/Users/nesar/VS/V1/blur/motion_blurred/59_IPHONE-6S_M.jpg,motion_blur,6,Camera motion blur,True,
/Users/nesar/VS/V1/negative_examples/motion_blur/motion_blur_0084.jpg,/Users/nesar/VS/V1/blur/motion_blurred/38_HONOR-8X_M.jpg,motion_blur,6,Camera motion blur,True,
/Users/nesar/VS/V1/negative_examples/motion_blur/motion_blur_0085.jpg,/Users/nesar/VS/V1/blur/motion_blurred/349_IPHONE-SE_M.jpg,motion_blur,6,Camera motion blur,True,
/Users/nesar/VS/V1/negative_examples/motion_blur/motion_blur_0086.jpg,/Users/nesar/VS/V1/blur/motion_blurred/223_HONOR-4C_M.jpg,motion_blur,6,Camera motion blur,True,
/Users/nesar/VS/V1/negative_examples/motion_blur/motion_blur_0087.jpg,/Users/nesar/VS/V1/blur/motion_blurred/6_HUAWEI-MATE20_M.jpg,motion_blur,6,Camera motion blur,True,
/Users/nesar/VS/V1/negative_examples/motion_blur/motion_blur_0088.jpeg,/Users/nesar/VS/V1/blur/motion_blurred/127_IPHONE-8_M.jpeg,motion_blur,6,Camera motion blur,True,
/Users/nesar/VS/V1/negative_examples/motion_blur/motion_blur_0089.jpeg,/Users/nesar/VS/V1/blur/motion_blurred/248_IPHONE-7_M.jpeg,motion_blur,6,Camera motion blur,True,
/Users/nesar/VS/V1/negative_examples/motion_blur/motion_blur_0090.jpeg,/Users/nesar/VS/V1/blur/motion_blurred/264_IPHONE-7_M.jpeg,motion_blur,6,Camera motion blur,True,
/Users/nesar/VS/V1/negative_examples/motion_blur/motion_blur_0091.jpg,/Users/nesar/VS/V1/blur/motion_blurred/326_XIAOMI-PROCOFONE-F1_M.jpg,motion_blur,6,Camera motion blur,True,
/Users/nesar/VS/V1/negative_examples/motion_blur/motion_blur_0092.jpg,/Users/nesar/VS/V1/blur/motion_blurred/140_SAMSUNG-GALAXY-J5_M.jpg,motion_blur,6,Camera motion blur,True,
/Users/nesar/VS/V1/negative_examples/motion_blur/motion_blur_0093.jpg,/Users/nesar/VS/V1/blur/motion_blurred/70_HONOR-8X_M.jpg,motion_blur,6,Camera motion blur,True,
/Users/nesar/VS/V1/negative_examples/motion_blur/motion_blur_0094.JPG,/Users/nesar/VS/V1/blur/motion_blurred/159_NIKON-D3400-35MM_M.JPG,motion_blur,6,Camera motion blur,True,
/Users/nesar/VS/V1/negative_examples/motion_blur/motion_blur_0095.JPG,/Users/nesar/VS/V1/blur/motion_blurred/284_SONY-NEX-5T_M.JPG,motion_blur,6,Camera motion blur,True,
/Users/nesar/VS/V1/negative_examples/motion_blur/motion_blur_0096.JPG,/Users/nesar/VS/V1/blur/motion_blurred/125_NIKON-D3400-35MM_M.JPG,motion_blur,6,Camera motion blur,True,
/Users/nesar/VS/V1/negative_examples/motion_blur/motion_blur_0097.jpg,/Users/nesar/VS/V1/blur/motion_blurred/189_HONOR-7X_M.jpg,motion_blur,6,Camera motion blur,True,
/Users/nesar/VS/V1/negative_examples/motion_blur/motion_blur_0098.jpg,/Users/nesar/VS/V1/blur/motion_blurred/240_HONOR-7X_M.jpg,motion_blur,6,Camera motion blur,True,
/Users/nesar/VS/V1/negative_examples/motion_blur/motion_blur_0099.jpeg,/Users/nesar/VS/V1/blur/motion_blurred/242_IPHONE-6S_M.jpeg,motion_blur,6,Camera motion blur,True,
/Users/nesar/VS/V1/negative_examples/overexposure/overexposure_0000.JPG,/Users/nesar/VS/V1/Exposure_Errors_Dataset/INPUT_IMAGES/a1694-CRW_0172_P1.5.JPG,overexposure,7,Overexposed/glare,True,
/Users/nesar/VS/V1/negative_examples/overexposure/overexposure_0001.JPG,/Users/nesar/VS/V1/Exposure_Errors_Dataset/INPUT_IMAGES/a2677-KE_-2160_N1.5.JPG,overexposure,7,Overexposed/glare,True,
/Users/nesar/VS/V1/negative_examples/overexposure/overexposure_0002.JPG,/Users/nesar/VS/V1/Exposure_Errors_Dataset/INPUT_IMAGES/a1186-IMG_5553_0.JPG,overexposure,7,Overexposed/glare,True,
/Users/nesar/VS/V1/negative_examples/overexposure/overexposure_0003.JPG,/Users/nesar/VS/V1/Exposure_Errors_Dataset/INPUT_IMAGES/a0007-IMG_2480_0.JPG,overexposure,7,Overexposed/glare,True,
/Users/nesar/VS/V1/negative_examples/overexposure/overexposure_0004.JPG,/Users/nesar/VS/V1/Exposure_Errors_Dataset/INPUT_IMAGES/a0782-IMG_4498_P1.JPG,overexposure,7,Overexposed/glare,True,
/Users/nesar/VS/V1/negative_examples/overexposure/overexposure_0005.JPG,/Users/nesar/VS/V1/Exposure_Errors_Dataset/INPUT_IMAGES/a4087-NKIM_MG_6395_P1.JPG,overexposure,7,Overexposed/glare,True,
/Users/nesar/VS/V1/negative_examples/overexposure/overexposure_0006.JPG,/Users/nesar/VS/V1/Exposure_Errors_Dataset/INPUT_IMAGES/a2813-KE_-2418_0.JPG,overexposure,7,Overexposed/glare,True,
/Users/nesar/VS/V1/negative_examples/overexposure/overexposure_0007.JPG,/Users/nesar/VS/V1/Exposure_Errors_Dataset/INPUT_IMAGES/a2796-_I2E6925_N1.5.JPG,overexposure,7,Overexposed/glare,True,
/Users/nesar/VS/V1/negative_examples/overexposure/overexposure_0008.JPG,/Users/nesar/VS/V1/Exposure_Errors_Dataset/INPUT_IMAGES/a0853-20070923_073247__MG_9686_P1.JPG,overexposure,7,Overexposed/glare,True,
/Users/nesar/VS/V1/negative_examples/overexposure/overexposure_0009.JPG,/Users/nesar/VS/V1/Exposure_Errors_Dataset/INPUT_IMAGES/a3135-jn_20080802_0023_N1.JPG,overexposure,7,Overexposed/glare,True,
/Users/nesar/VS/V1/negative_examples/overexposure/overexposure_0010.JPG,/Users/nesar/VS/V1/Exposure_Errors_Dataset/INPUT_IMAGES/a0651-dgw_129_P1.5.JPG,overexposure,7,Overexposed/glare,True,
/Users/nesar/VS/V1/negative_examples/overexposure/overexposure_0011.JPG,/Users/nesar/VS/V1/Exposure_Errors_Dataset/INPUT_IMAGES/a4113-IMG_2800_P1.5.JPG,overexposure,7,Overexposed/glare,True,
/Users/nesar/VS/V1/negative_examples/overexposure/overexposure_0012.JPG,/Users/nesar/VS/V1/Exposure_Errors_Dataset/INPUT_IMAGES/a0269-JI2E4569_N1.JPG,overexposure,7,Overexposed/glare,True,
/Users/nesar/VS/V1/negative_examples/overexposure/overexposure_0013.JPG,/Users/nesar/VS/V1/Exposure_Errors_Dataset/INPUT_IMAGES/a1460-050801_074700__I2E5490_0.JPG,overexposure,7,Overexposed/glare,True,
/Users/nesar/VS/V1/negative_examples/overexposure/overexposure_0014.JPG,/Users/nesar/VS/V1/Exposure_Errors_Dataset/INPUT_IMAGES/a4276-_MG_9356_0.JPG,overexposure,7,Overexposed/glare,True,
/Users/nesar/VS/V1/negative_examples/overexposure/overexposure_0015.JPG,/Users/nesar/VS/V1/Exposure_Errors_Dataset/INPUT_IMAGES/a4230-Duggan_090426_7798_N1.JPG,overexposure,7,Overexposed/glare,True,
/Users/nesar/VS/V1/negative_examples/overexposure/overexposure_0016.JPG,/Users/nesar/VS/V1/Exposure_Errors_Dataset/INPUT_IMAGES/a3789-_DSC5595_P1.5.JPG,overexposure,7,Overexposed/glare,True,
/Users/nesar/VS/V1/negative_examples/overexposure/overexposure_0017.JPG,/Users/nesar/VS/V1/Exposure_Errors_Dataset/INPUT_IMAGES/a3135-jn_20080802_0023_0.JPG,overexposure,7,Overexposed/glare,True,
/Users/nesar/VS/V1/negative_examples/overexposure/overexposure_0018.JPG,/Users/nesar/VS/V1/Exposure_Errors_Dataset/INPUT_IMAGES/a1292-_DSC0177_0.JPG,overexposure,7,Overexposed/glare,True,
/Users/nesar/VS/V1/negative_examples/overexposure/overexposure_0019.JPG,/Users/nesar/VS/V1/Exposure_Errors_Dataset/INPUT_IMAGES/a1235-Ja_Pe-26_N1.5.JPG,overexposure,7,Overexposed/glare,True,
/Users/nesar/VS/V1/negative_examples/overexposure/overexposure_0020.JPG,/Users/nesar/VS/V1/Exposure_Errors_Dataset/INPUT_IMAGES/a1694-CRW_0172_0.JPG,overexposure,7,Overexposed/glare,True,
/Users/nesar/VS/V1/negative_examples/overexposure/overexposure_0021.JPG,/Users/nesar/VS/V1/Exposure_Errors_Dataset/INPUT_IMAGES/a2363-07-11-19-at-14h03m38s-_MG_5078_P1.JPG,overexposure,7,Overexposed/glare,True,
/Users/nesar/VS/V1/negative_examples/overexposure/overexposure_0022.JPG,/Users/nesar/VS/V1/Exposure_Errors_Dataset/INPUT_IMAGES/a1182-_DSC0063_0.JPG,overexposure,7,Overexposed/glare,True,
/Users/nesar/VS/V1/negative_examples/overexposure/overexposure_0023.JPG,/Users/nesar/VS/V1/Exposure_Errors_Dataset/INPUT_IMAGES/a3933-IMG_5822_P1.5.JPG,overexposure,7,Overexposed/glare,True,
/Users/nesar/VS/V1/negative_examples/overexposure/overexposure_0024.JPG,/Users/nesar/VS/V1/Exposure_Errors_Dataset/INPUT_IMAGES/a2923-20060619_195834__MG_9248_0.JPG,overexposure,7,Overexposed/glare,True,
/Users/nesar/VS/V1/negative_examples/overexposure/overexposure_0025.JPG,/Users/nesar/VS/V1/Exposure_Errors_Dataset/INPUT_IMAGES/a3853-Ja_Pe-78_N1.JPG,overexposure,7,Overexposed/glare,True,
/Users/nesar/VS/V1/negative_examples/overexposure/overexposure_0026.JPG,/Users/nesar/VS/V1/Exposure_Errors_Dataset/INPUT_IMAGES/a0811-20051224_165428__MG_0953_P1.5.JPG,overexposure,7,Overexposed/glare,True,
/Users/nesar/VS/V1/negative_examples/overexposure/overexposure_0027.JPG,/Users/nesar/VS/V1/Exposure_Errors_Dataset/INPUT_IMAGES/a2767-kme_567_N1.JPG,overexposure,7,Overexposed/glare,True,
/Users/nesar/VS/V1/negative_examples/overexposure/overexposure_0028.JPG,/Users/nesar/VS/V1/Exposure_Errors_Dataset/INPUT_IMAGES/a1487-20081226_at_16h52m49__MG_3920_N1.JPG,overexposure,7,Overexposed/glare,True,
/Users/nesar/VS/V1/negative_examples/overexposure/overexposure_0029.JPG,/Users/nesar/VS/V1/Exposure_Errors_Dataset/INPUT_IMAGES/a4121-07-11-22-at-06h50m14s-_MG_6000_P1.5.JPG,overexposure,7,Overexposed/glare,True,
/Users/nesar/VS/V1/negative_examples/overexposure/overexposure_0030.JPG,/Users/nesar/VS/V1/Exposure_Errors_Dataset/INPUT_IMAGES/a1794-_DSC0132_N1.JPG,overexposure,7,Overexposed/glare,True,
/Users/nesar/VS/V1/negative_examples/overexposure/overexposure_0031.JPG,/Users/nesar/VS/V1/Exposure_Errors_Dataset/INPUT_IMAGES/a1739-WP_DSC_0012_P1.5.JPG,overexposure,7,Overexposed/glare,True,
/Users/nesar/VS/V1/negative_examples/overexposure/overexposure_0032.JPG,/Users/nesar/VS/V1/Exposure_Errors_Dataset/INPUT_IMAGES/a4251-DSC_0248_P1.JPG,overexposure,7,Overexposed/glare,True,
/Users/nesar/VS/V1/negative_examples/overexposure/overexposure_0033.JPG,/Users/nesar/VS/V1/Exposure_Errors_Dataset/INPUT_IMAGES/a2328-kme_547_0.JPG,overexposure,7,Overexposed/glare,True,
/Users/nesar/VS/V1/negative_examples/overexposure/overexposure_0034.JPG,/Users/nesar/VS/V1/Exposure_Errors_Dataset/INPUT_IMAGES/a2429-kme_315_P1.5.JPG,overexposure,7,Overexposed/glare,True,
/Users/nesar/VS/V1/negative_examples/overexposure/overexposure_0035.JPG,/Users/nesar/VS/V1/Exposure_Errors_Dataset/INPUT_IMAGES/a0485-kme_021_N1.5.JPG,overexposure,7,Overexposed/glare,True,
/Users/nesar/VS/V1/negative_examples/overexposure/overexposure_0036.JPG,/Users/nesar/VS/V1/Exposure_Errors_Dataset/INPUT_IMAGES/a0246-IMG_1652_0.JPG,overexposure,7,Overexposed/glare,True,
/Users/nesar/VS/V1/negative_examples/overexposure/overexposure_0037.JPG,/Users/nesar/VS/V1/Exposure_Errors_Dataset/INPUT_IMAGES/a1274-jmac_DSC1525_N1.JPG,overexposure,7,Overexposed/glare,True,
/Users/nesar/VS/V1/negative_examples/overexposure/overexposure_0038.JPG,/Users/nesar/VS/V1/Exposure_Errors_Dataset/INPUT_IMAGES/a1310-Ja_Pe-3_0.JPG,overexposure,7,Overexposed/glare,True,
/Users/nesar/VS/V1/negative_examples/overexposure/overexposure_0039.JPG,/Users/nesar/VS/V1/Exposure_Errors_Dataset/INPUT_IMAGES/a2436-IMG_0237_P1.5.JPG,overexposure,7,Overexposed/glare,True,
/Users/nesar/VS/V1/negative_examples/overexposure/overexposure_0040.JPG,/Users/nesar/VS/V1/Exposure_Errors_Dataset/INPUT_IMAGES/a3531-07-06-30-at-04h02m08s-_MG_1936_P1.5.JPG,overexposure,7,Overexposed/glare,True,
/Users/nesar/VS/V1/negative_examples/overexposure/overexposure_0041.JPG,/Users/nesar/VS/V1/Exposure_Errors_Dataset/INPUT_IMAGES/a4206-DSC_0022_P1.JPG,overexposure,7,Overexposed/glare,True,
/Users/nesar/VS/V1/negative_examples/overexposure/overexposure_0042.JPG,/Users/nesar/VS/V1/Exposure_Errors_Dataset/INPUT_IMAGES/a1100-_DGW6248_0.JPG,overexposure,7,Overexposed/glare,True,
/Users/nesar/VS/V1/negative_examples/overexposure/overexposure_0043.JPG,/Users/nesar/VS/V1/Exposure_Errors_Dataset/INPUT_IMAGES/a0673-IMG_1635_P1.5.JPG,overexposure,7,Overexposed/glare,True,
/Users/nesar/VS/V1/negative_examples/overexposure/overexposure_0044.JPG,/Users/nesar/VS/V1/Exposure_Errors_Dataset/INPUT_IMAGES/a1745-NKIM_MG_6667_P1.JPG,overexposure,7,Overexposed/glare,True,
/Users/nesar/VS/V1/negative_examples/overexposure/overexposure_0045.JPG,/Users/nesar/VS/V1/Exposure_Errors_Dataset/INPUT_IMAGES/a3175-NKIM_083_N1.JPG,overexposure,7,Overexposed/glare,True,
/Users/nesar/VS/V1/negative_examples/overexposure/overexposure_0046.JPG,/Users/nesar/VS/V1/Exposure_Errors_Dataset/INPUT_IMAGES/a0941-MB_071013_001_N1.5.JPG,overexposure,7,Overexposed/glare,True,
/Users/nesar/VS/V1/negative_examples/overexposure/overexposure_0047.JPG,/Users/nesar/VS/V1/Exposure_Errors_Dataset/INPUT_IMAGES/a3078-050620_174150__MG_3158_N1.5.JPG,overexposure,7,Overexposed/glare,True,
/Users/nesar/VS/V1/negative_examples/overexposure/overexposure_0048.JPG,/Users/nesar/VS/V1/Exposure_Errors_Dataset/INPUT_IMAGES/a2880-_DSC2262_N1.JPG,overexposure,7,Overexposed/glare,True,
/Users/nesar/VS/V1/negative_examples/overexposure/overexposure_0049.JPG,/Users/nesar/VS/V1/Exposure_Errors_Dataset/INPUT_IMAGES/a1574-kme_550_N1.JPG,overexposure,7,Overexposed/glare,True,
/Users/nesar/VS/V1/negative_examples/overexposure/overexposure_0050.JPG,/Users/nesar/VS/V1/Exposure_Errors_Dataset/INPUT_IMAGES/a2357-_DSC0009-2_N1.5.JPG,overexposure,7,Overexposed/glare,True,
/Users/nesar/VS/V1/negative_examples/overexposure/overexposure_0051.JPG,/Users/nesar/VS/V1/Exposure_Errors_Dataset/INPUT_IMAGES/a1164-kme_196_N1.5.JPG,overexposure,7,Overexposed/glare,True,
/Users/nesar/VS/V1/negative_examples/overexposure/overexposure_0052.JPG,/Users/nesar/VS/V1/Exposure_Errors_Dataset/INPUT_IMAGES/a2596-jmac_DSC2937_P1.5.JPG,overexposure,7,Overexposed/glare,True,
/Users/nesar/VS/V1/negative_examples/overexposure/overexposure_0053.JPG,/Users/nesar/VS/V1/Exposure_Errors_Dataset/INPUT_IMAGES/a0630-jmac_DSC3294_N1.JPG,overexposure,7,Overexposed/glare,True,
/Users/nesar/VS/V1/negative_examples/overexposure/overexposure_0054.JPG,/Users/nesar/VS/V1/Exposure_Errors_Dataset/INPUT_IMAGES/a0422-054hunwed_P1.5.JPG,overexposure,7,Overexposed/glare,True,
/Users/nesar/VS/V1/negative_examples/overexposure/overexposure_0055.JPG,/Users/nesar/VS/V1/Exposure_Errors_Dataset/INPUT_IMAGES/a0887-_DSC5906_P1.JPG,overexposure,7,Overexposed/glare,True,
/Users/nesar/VS/V1/negative_examples/overexposure/overexposure_0056.JPG,/Users/nesar/VS/V1/Exposure_Errors_Dataset/INPUT_IMAGES/a3043-jmac_MG_6976_N1.JPG,overexposure,7,Overexposed/glare,True,
/Users/nesar/VS/V1/negative_examples/overexposure/overexposure_0057.JPG,/Users/nesar/VS/V1/Exposure_Errors_Dataset/INPUT_IMAGES/a0106-NKIM_120_0.JPG,overexposure,7,Overexposed/glare,True,
/Users/nesar/VS/V1/negative_examples/overexposure/overexposure_0058.JPG,/Users/nesar/VS/V1/Exposure_Errors_Dataset/INPUT_IMAGES/a2374-IMG_5578_0.JPG,overexposure,7,Overexposed/glare,True,
/Users/nesar/VS/V1/negative_examples/overexposure/overexposure_0059.JPG,/Users/nesar/VS/V1/Exposure_Errors_Dataset/INPUT_IMAGES/a3062-_I2E7521_P1.JPG,overexposure,7,Overexposed/glare,True,
/Users/nesar/VS/V1/negative_examples/overexposure/overexposure_0060.JPG,/Users/nesar/VS/V1/Exposure_Errors_Dataset/INPUT_IMAGES/a2678-07-11-30-at-15h00m07s-_MG_8238_P1.JPG,overexposure,7,Overexposed/glare,True,
/Users/nesar/VS/V1/negative_examples/overexposure/overexposure_0061.JPG,/Users/nesar/VS/V1/Exposure_Errors_Dataset/INPUT_IMAGES/a2858-GrassleyCase-5374_P1.5.JPG,overexposure,7,Overexposed/glare,True,
/Users/nesar/VS/V1/negative_examples/overexposure/overexposure_0062.JPG,/Users/nesar/VS/V1/Exposure_Errors_Dataset/INPUT_IMAGES/a2876-jn_20080130_Las_Vegas_0082_P1.5.JPG,overexposure,7,Overexposed/glare,True,
/Users/nesar/VS/V1/negative_examples/overexposure/overexposure_0063.JPG,/Users/nesar/VS/V1/Exposure_Errors_Dataset/INPUT_IMAGES/a3735-_MG_7825_P1.JPG,overexposure,7,Overexposed/glare,True,
/Users/nesar/VS/V1/negative_examples/overexposure/overexposure_0064.JPG,/Users/nesar/VS/V1/Exposure_Errors_Dataset/INPUT_IMAGES/a3535-_I2E6130_P1.5.JPG,overexposure,7,Overexposed/glare,True,
/Users/nesar/VS/V1/negative_examples/overexposure/overexposure_0065.JPG,/Users/nesar/VS/V1/Exposure_Errors_Dataset/INPUT_IMAGES/a4363-20090417_at_12h41m34__MG_1838_N1.JPG,overexposure,7,Overexposed/glare,True,
/Users/nesar/VS/V1/negative_examples/overexposure/overexposure_0066.JPG,/Users/nesar/VS/V1/Exposure_Errors_Dataset/INPUT_IMAGES/a2278-20080508_074100__MG_9540_0.JPG,overexposure,7,Overexposed/glare,True,
/Users/nesar/VS/V1/negative_examples/overexposure/overexposure_0067.JPG,/Users/nesar/VS/V1/Exposure_Errors_Dataset/INPUT_IMAGES/a3032-dgw_139_0.JPG,overexposure,7,Overexposed/glare,True,
/Users/nesar/VS/V1/negative_examples/overexposure/overexposure_0068.JPG,/Users/nesar/VS/V1/Exposure_Errors_Dataset/INPUT_IMAGES/a0501-_MG_7370_P1.5.JPG,overexposure,7,Overexposed/glare,True,
/Users/nesar/VS/V1/negative_examples/overexposure/overexposure_0069.JPG,/Users/nesar/VS/V1/Exposure_Errors_Dataset/INPUT_IMAGES/a1622-IMG_0006_0.JPG,overexposure,7,Overexposed/glare,True,
/Users/nesar/VS/V1/negative_examples/overexposure/overexposure_0070.JPG,/Users/nesar/VS/V1/Exposure_Errors_Dataset/INPUT_IMAGES/a2774-_DSC0051_P1.5.JPG,overexposure,7,Overexposed/glare,True,
/Users/nesar/VS/V1/negative_examples/overexposure/overexposure_0071.JPG,/Users/nesar/VS/V1/Exposure_Errors_Dataset/INPUT_IMAGES/a1599-kme_499_P1.5.JPG,overexposure,7,Overexposed/glare,True,
/Users/nesar/VS/V1/negative_examples/overexposure/overexposure_0072.JPG,/Users/nesar/VS/V1/Exposure_Errors_Dataset/INPUT_IMAGES/a1243-kme_455_N1.5.JPG,overexposure,7,Overexposed/glare,True,
/Users/nesar/VS/V1/negative_examples/overexposure/overexposure_0073.JPG,/Users/nesar/VS/V1/Exposure_Errors_Dataset/INPUT_IMAGES/a2972-_DSC6416_P1.JPG,overexposure,7,Overexposed/glare,True,
/Users/nesar/VS/V1/negative_examples/overexposure/overexposure_0074.JPG,/Users/nesar/VS/V1/Exposure_Errors_Dataset/INPUT_IMAGES/a2573-IMG_0227_N1.5.JPG,overexposure,7,Overexposed/glare,True,
/Users/nesar/VS/V1/negative_examples/overexposure/overexposure_0075.JPG,/Users/nesar/VS/V1/Exposure_Errors_Dataset/INPUT_IMAGES/a1177-LSYD4O2459_P1.5.JPG,overexposure,7,Overexposed/glare,True,
/Users/nesar/VS/V1/negative_examples/overexposure/overexposure_0076.JPG,/Users/nesar/VS/V1/Exposure_Errors_Dataset/INPUT_IMAGES/a2017-dgw_045_N1.JPG,overexposure,7,Overexposed/glare,True,
/Users/nesar/VS/V1/negative_examples/overexposure/overexposure_0077.JPG,/Users/nesar/VS/V1/Exposure_Errors_Dataset/INPUT_IMAGES/a3950-IMG_5059_N1.JPG,overexposure,7,Overexposed/glare,True,
/Users/nesar/VS/V1/negative_examples/overexposure/overexposure_0078.JPG,/Users/nesar/VS/V1/Exposure_Errors_Dataset/INPUT_IMAGES/a2200-dgw_031_N1.JPG,overexposure,7,Overexposed/glare,True,
/Users/nesar/VS/V1/negative_examples/overexposure/overexposure_0079.JPG,/Users/nesar/VS/V1/Exposure_Errors_Dataset/INPUT_IMAGES/a1719-kme_283_P1.5.JPG,overexposure,7,Overexposed/glare,True,
/Users/nesar/VS/V1/negative_examples/overexposure/overexposure_0080.JPG,/Users/nesar/VS/V1/Exposure_Errors_Dataset/INPUT_IMAGES/a1163-IMG_4975_0.JPG,overexposure,7,Overexposed/glare,True,
/Users/nesar/VS/V1/negative_examples/overexposure/overexposure_0081.JPG,/Users/nesar/VS/V1/Exposure_Errors_Dataset/INPUT_IMAGES/a0353-dvf_049_P1.JPG,overexposure,7,Overexposed/glare,True,
/Users/nesar/VS/V1/negative_examples/overexposure/overexposure_0082.JPG,/Users/nesar/VS/V1/Exposure_Errors_Dataset/INPUT_IMAGES/a0290-IMG_2741_P1.5.JPG,overexposure,7,Overexposed/glare,True,
/Users/nesar/VS/V1/negative_examples/overexposure/overexposure_0083.JPG,/Users/nesar/VS/V1/Exposure_Errors_Dataset/INPUT_IMAGES/a3383-DSC_0022_N1.JPG,overexposure,7,Overexposed/glare,True,
/Users/nesar/VS/V1/negative_examples/overexposure/overexposure_0084.JPG,/Users/nesar/VS/V1/Exposure_Errors_Dataset/INPUT_IMAGES/a2748-_DGW6282_N1.JPG,overexposure,7,Overexposed/glare,True,
/Users/nesar/VS/V1/negative_examples/overexposure/overexposure_0085.JPG,/Users/nesar/VS/V1/Exposure_Errors_Dataset/INPUT_IMAGES/a3232-_DGW6397_N1.JPG,overexposure,7,Overexposed/glare,True,
/Users/nesar/VS/V1/negative_examples/overexposure/overexposure_0086.JPG,/Users/nesar/VS/V1/Exposure_Errors_Dataset/INPUT_IMAGES/a0852-tc_DSC1928_P1.JPG,overexposure,7,Overexposed/glare,True,
/Users/nesar/VS/V1/negative_examples/overexposure/overexposure_0087.JPG,/Users/nesar/VS/V1/Exposure_Errors_Dataset/INPUT_IMAGES/a4252-DSC_0104_P1.5.JPG,overexposure,7,Overexposed/glare,True,
/Users/nesar/VS/V1/negative_examples/overexposure/overexposure_0088.JPG,/Users/nesar/VS/V1/Exposure_Errors_Dataset/INPUT_IMAGES/a0399-kme_200_N1.5.JPG,overexposure,7,Overexposed/glare,True,
/Users/nesar/VS/V1/negative_examples/overexposure/overexposure_0089.JPG,/Users/nesar/VS/V1/Exposure_Errors_Dataset/INPUT_IMAGES/a4176-kme_069_P1.JPG,overexposure,7,Overexposed/glare,True,
/Users/nesar/VS/V1/negative_examples/overexposure/overexposure_0090.JPG,/Users/nesar/VS/V1/Exposure_Errors_Dataset/INPUT_IMAGES/a4404-20090519_at_22h53m01__MG_9648_N1.5.JPG,overexposure,7,Overexposed/glare,True,
/Users/nesar/VS/V1/negative_examples/overexposure/overexposure_0091.JPG,/Users/nesar/VS/V1/Exposure_Errors_Dataset/INPUT_IMAGES/a3752-IMG_8290_P1.JPG,overexposure,7,Overexposed/glare,True,
/Users/nesar/VS/V1/negative_examples/overexposure/overexposure_0092.JPG,/Users/nesar/VS/V1/Exposure_Errors_Dataset/INPUT_IMAGES/a2848-MB_060708_292_P1.JPG,overexposure,7,Overexposed/glare,True,
/Users/nesar/VS/V1/negative_examples/overexposure/overexposure_0093.JPG,/Users/nesar/VS/V1/Exposure_Errors_Dataset/INPUT_IMAGES/a2125-20080710_001754__MG_9208_P1.JPG,overexposure,7,Overexposed/glare,True,
/Users/nesar/VS/V1/negative_examples/overexposure/overexposure_0094.JPG,/Users/nesar/VS/V1/Exposure_Errors_Dataset/INPUT_IMAGES/a0425-060818_145522__Z9B2601_P1.5.JPG,overexposure,7,Overexposed/glare,True,
/Users/nesar/VS/V1/negative_examples/overexposure/overexposure_0095.JPG,/Users/nesar/VS/V1/Exposure_Errors_Dataset/INPUT_IMAGES/a2715-WP_CRW_0685_P1.5.JPG,overexposure,7,Overexposed/glare,True,
/Users/nesar/VS/V1/negative_examples/overexposure/overexposure_0096.JPG,/Users/nesar/VS/V1/Exposure_Errors_Dataset/INPUT_IMAGES/a3714-LS_D4O0338_P1.5.JPG,overexposure,7,Overexposed/glare,True,
/Users/nesar/VS/V1/negative_examples/overexposure/overexposure_0097.JPG,/Users/nesar/VS/V1/Exposure_Errors_Dataset/INPUT_IMAGES/a0516-IMG_4420_P1.JPG,overexposure,7,Overexposed/glare,True,
/Users/nesar/VS/V1/negative_examples/overexposure/overexposure_0098.JPG,/Users/nesar/VS/V1/Exposure_Errors_Dataset/INPUT_IMAGES/a1989-MB_070908_016_N1.5.JPG,overexposure,7,Overexposed/glare,True,
/Users/nesar/VS/V1/negative_examples/overexposure/overexposure_0099.JPG,/Users/nesar/VS/V1/Exposure_Errors_Dataset/INPUT_IMAGES/a0965-2004-07-29-18-24-54-CRW_3304_P1.JPG,overexposure,7,Overexposed/glare,True,
/Users/nesar/VS/V1/negative_examples/fog/fog_0000.jpeg,/Users/nesar/VS/V1/clear_fog/foggy/Fog1 (282).jpeg,fog,1,Fog/mist,True,
/Users/nesar/VS/V1/negative_examples/fog/fog_0001.jpg,/Users/nesar/VS/V1/clear_fog/foggy/Fog1 (53).jpg,fog,1,Fog/mist,True,
/Users/nesar/VS/V1/negative_examples/fog/fog_0002.png,/Users/nesar/VS/V1/clear_fog/foggy/Fog1 (246).png,fog,1,Fog/mist,True,
/Users/nesar/VS/V1/negative_examples/fog/fog_0003.png,/Users/nesar/VS/V1/clear_fog/foggy/Fog1 (437).png,fog,1,Fog/mist,True,
/Users/nesar/VS/V1/negative_examples/fog/fog_0004.png,/Users/nesar/VS/V1/clear_fog/foggy/Fog1 (271).png,fog,1,Fog/mist,True,
/Users/nesar/VS/V1/negative_examples/fog/fog_0005.jpeg,/Users/nesar/VS/V1/clear_fog/foggy/Fog1 (190).jpeg,fog,1,Fog/mist,True,
/Users/nesar/VS/V1/negative_examples/fog/fog_0006.jpeg,/Users/nesar/VS/V1/clear_fog/foggy/Fog1 (77).jpeg,fog,1,Fog/mist,True,
/Users/nesar/VS/V1/negative_examples/fog/fog_0007.png,/Users/nesar/VS/V1/clear_fog/foggy/Fog1 (458).png,fog,1,Fog/mist,True,
/Users/nesar/VS/V1/negative_examples/fog/fog_0008.jpeg,/Users/nesar/VS/V1/clear_fog/foggy/Fog1 (55).jpeg,fog,1,Fog/mist,True,
/Users/nesar/VS/V1/negative_examples/fog/fog_0009.png,/Users/nesar/VS/V1/clear_fog/foggy/Fog1 (214).png,fog,1,Fog/mist,True,
/Users/nesar/VS/V1/negative_examples/fog/fog_0010.jpg,/Users/nesar/VS/V1/clear_fog/foggy/Fog1 (79).jpg,fog,1,Fog/mist,True,
/Users/nesar/VS/V1/negative_examples/fog/fog_0011.jpg,/Users/nesar/VS/V1/clear_fog/foggy/Fog1 (64).jpg,fog,1,Fog/mist,True,
/Users/nesar/VS/V1/negative_examples/fog/fog_0012.jpeg,/Users/nesar/VS/V1/clear_fog/foggy/Fog1 (145).jpeg,fog,1,Fog/mist,True,
/Users/nesar/VS/V1/negative_examples/fog/fog_0013.png,/Users/nesar/VS/V1/clear_fog/foggy/Fog1 (482).png,fog,1,Fog/mist,True,
/Users/nesar/VS/V1/negative_examples/fog/fog_0014.png,/Users/nesar/VS/V1/clear_fog/foggy/Fog1 (420).png,fog,1,Fog/mist,True,
/Users/nesar/VS/V1/negative_examples/fog/fog_0015.png,/Users/nesar/VS/V1/clear_fog/foggy/Fog1 (117).png,fog,1,Fog/mist,True,
/Users/nesar/VS/V1/negative_examples/fog/fog_0016.jpg,/Users/nesar/VS/V1/clear_fog/foggy/Fog1 (13).jpg,fog,1,Fog/mist,True,
/Users/nesar/VS/V1/negative_examples/fog/fog_0017.png,/Users/nesar/VS/V1/clear_fog/foggy/Fog1 (229).png,fog,1,Fog/mist,True,
/Users/nesar/VS/V1/negative_examples/fog/fog_0018.png,/Users/nesar/VS/V1/clear_fog/foggy/Fog1 (512).png,fog,1,Fog/mist,True,
/Users/nesar/VS/V1/negative_examples/fog/fog_0019.png,/Users/nesar/VS/V1/clear_fog/foggy/Fog1 (582).png,fog,1,Fog/mist,True,
/Users/nesar/VS/V1/negative_examples/fog/fog_0020.png,/Users/nesar/VS/V1/clear_fog/foggy/Fog1 (676).png,fog,1,Fog/mist,True,
/Users/nesar/VS/V1/negative_examples/fog/fog_0021.png,/Users/nesar/VS/V1/clear_fog/foggy/Fog1 (517).png,fog,1,Fog/mist,True,
/Users/nesar/VS/V1/negative_examples/fog/fog_0022.png,/Users/nesar/VS/V1/clear_fog/foggy/Fog1 (194).png,fog,1,Fog/mist,True,
/Users/nesar/VS/V1/negative_examples/fog/fog_0023.png,/Users/nesar/VS/V1/clear_fog/foggy/Fog1 (817).png,fog,1,Fog/mist,True,
/Users/nesar/VS/V1/negative_examples/fog/fog_0024.jpg,/Users/nesar/VS/V1/clear_fog/foggy/Fog1 (9).jpg,fog,1,Fog/mist,True,
/Users/nesar/VS/V1/negative_examples/fog/fog_0025.jpeg,/Users/nesar/VS/V1/clear_fog/foggy/Fog1 (168).jpeg,fog,1,Fog/mist,True,
/Users/nesar/VS/V1/negative_examples/fog/fog_0026.png,/Users/nesar/VS/V1/clear_fog/foggy/Fog1 (644).png,fog,1,Fog/mist,True,
/Users/nesar/VS/V1/negative_examples/fog/fog_0027.png,/Users/nesar/VS/V1/clear_fog/foggy/Fog1 (191).png,fog,1,Fog/mist,True,
/Users/nesar/VS/V1/negative_examples/fog/fog_0028.jpeg,/Users/nesar/VS/V1/clear_fog/foggy/Fog1 (171).jpeg,fog,1,Fog/mist,True,
/Users/nesar/VS/V1/negative_examples/fog/fog_0029.png,/Users/nesar/VS/V1/clear_fog/foggy/Fog1 (251).png,fog,1,Fog/mist,True,
/Users/nesar/VS/V1/negative_examples/fog/fog_0030.png,/Users/nesar/VS/V1/clear_fog/foggy/Fog1 (596).png,fog,1,Fog/mist,True,
/Users/nesar/VS/V1/negative_examples/fog/fog_0031.jpeg,/Users/nesar/VS/V1/clear_fog/foggy/Fog1 (244).jpeg,fog,1,Fog/mist,True,
/Users/nesar/VS/V1/negative_examples/fog/fog_0032.png,/Users/nesar/VS/V1/clear_fog/foggy/Fog1 (372).png,fog,1,Fog/mist,True,
/Users/nesar/VS/V1/negative_examples/fog/fog_0033.jpeg,/Users/nesar/VS/V1/clear_fog/foggy/Fog1 (36).jpeg,fog,1,Fog/mist,True,
/Users/nesar/VS/V1/negative_examples/fog/fog_0034.png,/Users/nesar/VS/V1/clear_fog/foggy/Fog1 (145).png,fog,1,Fog/mist,True,
/Users/nesar/VS/V1/negative_examples/fog/fog_0035.png,/Users/nesar/VS/V1/clear_fog/foggy/Fog1 (597).png,fog,1,Fog/mist,True,
/Users/nesar/VS/V1/negative_examples/fog/fog_0036.png,/Users/nesar/VS/V1/clear_fog/foggy/Fog1 (483).png,fog,1,Fog/mist,True,
/Users/nesar/VS/V1/negative_examples/fog/fog_0037.jpg,/Users/nesar/VS/V1/clear_fog/foggy/Fog1 (39).jpg,fog,1,Fog/mist,True,
/Users/nesar/VS/V1/negative_examples/fog/fog_0038.png,/Users/nesar/VS/V1/clear_fog/foggy/Fog1 (87).png,fog,1,Fog/mist,True,
/Users/nesar/VS/V1/negative_examples/fog/fog_0039.png,/Users/nesar/VS/V1/clear_fog/foggy/Fog1 (766).png,fog,1,Fog/mist,True,
/Users/nesar/VS/V1/negative_examples/fog/fog_0040.jpeg,/Users/nesar/VS/V1/clear_fog/foggy/Fog1 (18).jpeg,fog,1,Fog/mist,True,
/Users/nesar/VS/V1/negative_examples/fog/fog_0041.png,/Users/nesar/VS/V1/clear_fog/foggy/Fog1 (470).png,fog,1,Fog/mist,True,
/Users/nesar/VS/V1/negative_examples/fog/fog_0042.jpeg,/Users/nesar/VS/V1/clear_fog/foggy/Fog1 (52).jpeg,fog,1,Fog/mist,True,
/Users/nesar/VS/V1/negative_examples/fog/fog_0043.png,/Users/nesar/VS/V1/clear_fog/foggy/Fog1 (35).png,fog,1,Fog/mist,True,
/Users/nesar/VS/V1/negative_examples/fog/fog_0044.png,/Users/nesar/VS/V1/clear_fog/foggy/Fog1 (670).png,fog,1,Fog/mist,True,
/Users/nesar/VS/V1/negative_examples/fog/fog_0045.png,/Users/nesar/VS/V1/clear_fog/foggy/Fog1 (283).png,fog,1,Fog/mist,True,
/Users/nesar/VS/V1/negative_examples/fog/fog_0046.png,/Users/nesar/VS/V1/clear_fog/foggy/Fog1 (614).png,fog,1,Fog/mist,True,
/Users/nesar/VS/V1/negative_examples/fog/fog_0047.png,/Users/nesar/VS/V1/clear_fog/foggy/Fog1 (800).png,fog,1,Fog/mist,True,
/Users/nesar/VS/V1/negative_examples/fog/fog_0048.jpeg,/Users/nesar/VS/V1/clear_fog/foggy/Fog1 (31).jpeg,fog,1,Fog/mist,True,
/Users/nesar/VS/V1/negative_examples/fog/fog_0049.jpeg,/Users/nesar/VS/V1/clear_fog/foggy/Fog1 (200).jpeg,fog,1,Fog/mist,True,
/Users/nesar/VS/V1/negative_examples/fog/fog_0050.png,/Users/nesar/VS/V1/clear_fog/foggy/Fog1 (375).png,fog,1,Fog/mist,True,
/Users/nesar/VS/V1/negative_examples/fog/fog_0051.png,/Users/nesar/VS/V1/clear_fog/foggy/Fog1 (417).png,fog,1,Fog/mist,True,
/Users/nesar/VS/V1/negative_examples/fog/fog_0052.jpeg,/Users/nesar/VS/V1/clear_fog/foggy/Fog1 (239).jpeg,fog,1,Fog/mist,True,
/Users/nesar/VS/V1/negative_examples/fog/fog_0053.jpeg,/Users/nesar/VS/V1/clear_fog/foggy/Fog1 (299).jpeg,fog,1,Fog/mist,True,
/Users/nesar/VS/V1/negative_examples/fog/fog_0054.png,/Users/nesar/VS/V1/clear_fog/foggy/Fog1 (540).png,fog,1,Fog/mist,True,
/Users/nesar/VS/V1/negative_examples/fog/fog_0055.png,/Users/nesar/VS/V1/clear_fog/foggy/Fog1 (554).png,fog,1,Fog/mist,True,
/Users/nesar/VS/V1/negative_examples/fog/fog_0056.jpeg,/Users/nesar/VS/V1/clear_fog/foggy/Fog1 (254).jpeg,fog,1,Fog/mist,True,
/Users/nesar/VS/V1/negative_examples/fog/fog_0057.png,/Users/nesar/VS/V1/clear_fog/foggy/Fog1 (173).png,fog,1,Fog/mist,True,
/Users/nesar/VS/V1/negative_examples/fog/fog_0058.png,/Users/nesar/VS/V1/clear_fog/foggy/Fog1 (811).png,fog,1,Fog/mist,True,
/Users/nesar/VS/V1/negative_examples/fog/fog_0059.png,/Users/nesar/VS/V1/clear_fog/foggy/Fog1 (355).png,fog,1,Fog/mist,True,
/Users/nesar/VS/V1/negative_examples/fog/fog_0060.png,/Users/nesar/VS/V1/clear_fog/foggy/Fog1 (591).png,fog,1,Fog/mist,True,
/Users/nesar/VS/V1/negative_examples/fog/fog_0061.jpeg,/Users/nesar/VS/V1/clear_fog/foggy/Fog1 (76).jpeg,fog,1,Fog/mist,True,
/Users/nesar/VS/V1/negative_examples/fog/fog_0062.jpeg,/Users/nesar/VS/V1/clear_fog/foggy/Fog1 (272).jpeg,fog,1,Fog/mist,True,
/Users/nesar/VS/V1/negative_examples/fog/fog_0063.png,/Users/nesar/VS/V1/clear_fog/foggy/Fog1 (459).png,fog,1,Fog/mist,True,
/Users/nesar/VS/V1/negative_examples/fog/fog_0064.jpeg,/Users/nesar/VS/V1/clear_fog/foggy/Fog1 (85).jpeg,fog,1,Fog/mist,True,
/Users/nesar/VS/V1/negative_examples/fog/fog_0065.png,/Users/nesar/VS/V1/clear_fog/foggy/Fog1 (346).png,fog,1,Fog/mist,True,
/Users/nesar/VS/V1/negative_examples/fog/fog_0066.png,/Users/nesar/VS/V1/clear_fog/foggy/Fog1 (165).png,fog,1,Fog/mist,True,
/Users/nesar/VS/V1/negative_examples/fog/fog_0067.png,/Users/nesar/VS/V1/clear_fog/foggy/Fog1 (587).png,fog,1,Fog/mist,True,
/Users/nesar/VS/V1/negative_examples/fog/fog_0068.png,/Users/nesar/VS/V1/clear_fog/foggy/Fog1 (435).png,fog,1,Fog/mist,True,
/Users/nesar/VS/V1/negative_examples/fog/fog_0069.png,/Users/nesar/VS/V1/clear_fog/foggy/Fog1 (363).png,fog,1,Fog/mist,True,
/Users/nesar/VS/V1/negative_examples/fog/fog_0070.png,/Users/nesar/VS/V1/clear_fog/foggy/Fog1 (390).png,fog,1,Fog/mist,True,
/Users/nesar/VS/V1/negative_examples/fog/fog_0071.jpeg,/Users/nesar/VS/V1/clear_fog/foggy/Fog1 (35).jpeg,fog,1,Fog/mist,True,
/Users/nesar/VS/V1/negative_examples/fog/fog_0072.png,/Users/nesar/VS/V1/clear_fog/foggy/Fog1 (660).png,fog,1,Fog/mist,True,
/Users/nesar/VS/V1/negative_examples/fog/fog_0073.png,/Users/nesar/VS/V1/clear_fog/foggy/Fog1 (105).png,fog,1,Fog/mist,True,
/Users/nesar/VS/V1/negative_examples/fog/fog_0074.png,/Users/nesar/VS/V1/clear_fog/foggy/Fog1 (189).png,fog,1,Fog/mist,True,
/Users/nesar/VS/V1/negative_examples/fog/fog_0075.png,/Users/nesar/VS/V1/clear_fog/foggy/Fog1 (207).png,fog,1,Fog/mist,True,
/Users/nesar/VS/V1/negative_examples/fog/fog_0076.jpeg,/Users/nesar/VS/V1/clear_fog/foggy/Fog1 (28).jpeg,fog,1,Fog/mist,True,
/Users/nesar/VS/V1/negative_examples/fog/fog_0077.png,/Users/nesar/VS/V1/clear_fog/foggy/Fog1 (569).png,fog,1,Fog/mist,True,
/Users/nesar/VS/V1/negative_examples/fog/fog_0078.png,/Users/nesar/VS/V1/clear_fog/foggy/Fog1 (157).png,fog,1,Fog/mist,True,
/Users/nesar/VS/V1/negative_examples/fog/fog_0079.png,/Users/nesar/VS/V1/clear_fog/foggy/Fog1 (386).png,fog,1,Fog/mist,True,
/Users/nesar/VS/V1/negative_examples/fog/fog_0080.png,/Users/nesar/VS/V1/clear_fog/foggy/Fog1 (206).png,fog,1,Fog/mist,True,
/Users/nesar/VS/V1/negative_examples/fog/fog_0081.png,/Users/nesar/VS/V1/clear_fog/foggy/Fog1 (80).png,fog,1,Fog/mist,True,
/Users/nesar/VS/V1/negative_examples/fog/fog_0082.png,/Users/nesar/VS/V1/clear_fog/foggy/Fog1 (598).png,fog,1,Fog/mist,True,
/Users/nesar/VS/V1/negative_examples/fog/fog_0083.png,/Users/nesar/VS/V1/clear_fog/foggy/Fog1 (68).png,fog,1,Fog/mist,True,
/Users/nesar/VS/V1/negative_examples/fog/fog_0084.jpeg,/Users/nesar/VS/V1/clear_fog/foggy/Fog1 (174).jpeg,fog,1,Fog/mist,True,
/Users/nesar/VS/V1/negative_examples/fog/fog_0085.png,/Users/nesar/VS/V1/clear_fog/foggy/Fog1 (250).png,fog,1,Fog/mist,True,
/Users/nesar/VS/V1/negative_examples/fog/fog_0086.png,/Users/nesar/VS/V1/clear_fog/foggy/Fog1 (708).png,fog,1,Fog/mist,True,
/Users/nesar/VS/V1/negative_examples/fog/fog_0087.png,/Users/nesar/VS/V1/clear_fog/foggy/Fog1 (59).png,fog,1,Fog/mist,True,
/Users/nesar/VS/V1/negative_examples/fog/fog_0088.png,/Users/nesar/VS/V1/clear_fog/foggy/Fog1 (196).png,fog,1,Fog/mist,True,
/Users/nesar/VS/V1/negative_examples/fog/fog_0089.png,/Users/nesar/VS/V1/clear_fog/foggy/Fog1 (655).png,fog,1,Fog/mist,True,
/Users/nesar/VS/V1/negative_examples/fog/fog_0090.png,/Users/nesar/VS/V1/clear_fog/foggy/Fog1 (392).png,fog,1,Fog/mist,True,
/Users/nesar/VS/V1/negative_examples/fog/fog_0091.png,/Users/nesar/VS/V1/clear_fog/foggy/Fog1 (78).png,fog,1,Fog/mist,True,
/Users/nesar/VS/V1/negative_examples/fog/fog_0092.png,/Users/nesar/VS/V1/clear_fog/foggy/Fog1 (32).png,fog,1,Fog/mist,True,
/Users/nesar/VS/V1/negative_examples/fog/fog_0093.png,/Users/nesar/VS/V1/clear_fog/foggy/Fog1 (796).png,fog,1,Fog/mist,True,
/Users/nesar/VS/V1/negative_examples/fog/fog_0094.jpeg,/Users/nesar/VS/V1/clear_fog/foggy/Fog1 (291).jpeg,fog,1,Fog/mist,True,
/Users/nesar/VS/V1/negative_examples/fog/fog_0095.png,/Users/nesar/VS/V1/clear_fog/foggy/Fog1 (793).png,fog,1,Fog/mist,True,
/Users/nesar/VS/V1/negative_examples/fog/fog_0096.png,/Users/nesar/VS/V1/clear_fog/foggy/Fog1 (438).png,fog,1,Fog/mist,True,
/Users/nesar/VS/V1/negative_examples/fog/fog_0097.jpeg,/Users/nesar/VS/V1/clear_fog/foggy/Fog1 (185).jpeg,fog,1,Fog/mist,True,
/Users/nesar/VS/V1/negative_examples/fog/fog_0098.jpeg,/Users/nesar/VS/V1/clear_fog/foggy/Fog1 (285).jpeg,fog,1,Fog/mist,True,
/Users/nesar/VS/V1/negative_examples/fog/fog_0099.jpeg,/Users/nesar/VS/V1/clear_fog/foggy/Fog1 (207).jpeg,fog,1,Fog/mist,True,
/Users/nesar/VS/V1/negative_examples/fog/fog_0100.jpeg,/Users/nesar/VS/V1/clear_fog/foggy/Fog1 (253).jpeg,fog,1,Fog/mist,True,
/Users/nesar/VS/V1/negative_examples/fog/fog_0101.jpeg,/Users/nesar/VS/V1/clear_fog/foggy/Fog1 (47).jpeg,fog,1,Fog/mist,True,
/Users/nesar/VS/V1/negative_examples/fog/fog_0102.jpeg,/Users/nesar/VS/V1/clear_fog/foggy/Fog1 (243).jpeg,fog,1,Fog/mist,True,
/Users/nesar/VS/V1/negative_examples/fog/fog_0103.png,/Users/nesar/VS/V1/clear_fog/foggy/Fog1 (519).png,fog,1,Fog/mist,True,
/Users/nesar/VS/V1/negative_examples/fog/fog_0104.png,/Users/nesar/VS/V1/clear_fog/foggy/Fog1 (237).png,fog,1,Fog/mist,True,
/Users/nesar/VS/V1/negative_examples/fog/fog_0105.png,/Users/nesar/VS/V1/clear_fog/foggy/Fog1 (192).png,fog,1,Fog/mist,True,
/Users/nesar/VS/V1/negative_examples/fog/fog_0106.png,/Users/nesar/VS/V1/clear_fog/foggy/Fog1 (232).png,fog,1,Fog/mist,True,
/Users/nesar/VS/V1/negative_examples/fog/fog_0107.png,/Users/nesar/VS/V1/clear_fog/foggy/Fog1 (163).png,fog,1,Fog/mist,True,
/Users/nesar/VS/V1/negative_examples/fog/fog_0108.png,/Users/nesar/VS/V1/clear_fog/foggy/Fog1 (136).png,fog,1,Fog/mist,True,
/Users/nesar/VS/V1/negative_examples/fog/fog_0109.jpg,/Users/nesar/VS/V1/clear_fog/foggy/Fog1 (26).jpg,fog,1,Fog/mist,True,
/Users/nesar/VS/V1/negative_examples/fog/fog_0110.jpeg,/Users/nesar/VS/V1/clear_fog/foggy/Fog1 (75).jpeg,fog,1,Fog/mist,True,
/Users/nesar/VS/V1/negative_examples/fog/fog_0111.png,/Users/nesar/VS/V1/clear_fog/foggy/Fog1 (674).png,fog,1,Fog/mist,True,
/Users/nesar/VS/V1/negative_examples/fog/fog_0112.png,/Users/nesar/VS/V1/clear_fog/foggy/Fog1 (220).png,fog,1,Fog/mist,True,
/Users/nesar/VS/V1/negative_examples/fog/fog_0113.png,/Users/nesar/VS/V1/clear_fog/foggy/Fog1 (629).png,fog,1,Fog/mist,True,
/Users/nesar/VS/V1/negative_examples/fog/fog_0114.jpeg,/Users/nesar/VS/V1/clear_fog/foggy/Fog1 (195).jpeg,fog,1,Fog/mist,True,
/Users/nesar/VS/V1/negative_examples/fog/fog_0115.png,/Users/nesar/VS/V1/clear_fog/foggy/Fog1 (813).png,fog,1,Fog/mist,True,
/Users/nesar/VS/V1/negative_examples/fog/fog_0116.jpg,/Users/nesar/VS/V1/clear_fog/foggy/Fog1 (36).jpg,fog,1,Fog/mist,True,
/Users/nesar/VS/V1/negative_examples/fog/fog_0117.png,/Users/nesar/VS/V1/clear_fog/foggy/Fog1 (529).png,fog,1,Fog/mist,True,
/Users/nesar/VS/V1/negative_examples/fog/fog_0118.png,/Users/nesar/VS/V1/clear_fog/foggy/Fog1 (183).png,fog,1,Fog/mist,True,
/Users/nesar/VS/V1/negative_examples/fog/fog_0119.jpeg,/Users/nesar/VS/V1/clear_fog/foggy/Fog1 (81).jpeg,fog,1,Fog/mist,True,
/Users/nesar/VS/V1/negative_examples/fog/fog_0120.png,/Users/nesar/VS/V1/clear_fog/foggy/Fog1 (455).png,fog,1,Fog/mist,True,
/Users/nesar/VS/V1/negative_examples/fog/fog_0121.jpeg,/Users/nesar/VS/V1/clear_fog/foggy/Fog1 (93).jpeg,fog,1,Fog/mist,True,
/Users/nesar/VS/V1/negative_examples/fog/fog_0122.png,/Users/nesar/VS/V1/clear_fog/foggy/Fog1 (631).png,fog,1,Fog/mist,True,
/Users/nesar/VS/V1/negative_examples/fog/fog_0123.png,/Users/nesar/VS/V1/clear_fog/foggy/Fog1 (574).png,fog,1,Fog/mist,True,
/Users/nesar/VS/V1/negative_examples/fog/fog_0124.jpeg,/Users/nesar/VS/V1/clear_fog/foggy/Fog1 (110).jpeg,fog,1,Fog/mist,True,
/Users/nesar/VS/V1/negative_examples/fog/fog_0125.png,/Users/nesar/VS/V1/clear_fog/foggy/Fog1 (418).png,fog,1,Fog/mist,True,
/Users/nesar/VS/V1/negative_examples/fog/fog_0126.png,/Users/nesar/VS/V1/clear_fog/foggy/Fog1 (377).png,fog,1,Fog/mist,True,
/Users/nesar/VS/V1/negative_examples/fog/fog_0127.jpg,/Users/nesar/VS/V1/clear_fog/foggy/Fog1 (41).jpg,fog,1,Fog/mist,True,
/Users/nesar/VS/V1/negative_examples/fog/fog_0128.png,/Users/nesar/VS/V1/clear_fog/foggy/Fog1 (47).png,fog,1,Fog/mist,True,
/Users/nesar/VS/V1/negative_examples/fog/fog_0129.png,/Users/nesar/VS/V1/clear_fog/foggy/Fog1 (25).png,fog,1,Fog/mist,True,
/Users/nesar/VS/V1/negative_examples/fog/fog_0130.jpg,/Users/nesar/VS/V1/clear_fog/foggy/Fog1 (66).jpg,fog,1,Fog/mist,True,
/Users/nesar/VS/V1/negative_examples/fog/fog_0131.jpeg,/Users/nesar/VS/V1/clear_fog/foggy/Fog1 (183).jpeg,fog,1,Fog/mist,True,
/Users/nesar/VS/V1/negative_examples/fog/fog_0132.png,/Users/nesar/VS/V1/clear_fog/foggy/Fog1 (503).png,fog,1,Fog/mist,True,
/Users/nesar/VS/V1/negative_examples/fog/fog_0133.png,/Users/nesar/VS/V1/clear_fog/foggy/Fog1 (430).png,fog,1,Fog/mist,True,
/Users/nesar/VS/V1/negative_examples/fog/fog_0134.png,/Users/nesar/VS/V1/clear_fog/foggy/Fog1 (20).png,fog,1,Fog/mist,True,
/Users/nesar/VS/V1/negative_examples/fog/fog_0135.jpeg,/Users/nesar/VS/V1/clear_fog/foggy/Fog1 (11).jpeg,fog,1,Fog/mist,True,
/Users/nesar/VS/V1/negative_examples/fog/fog_0136.png,/Users/nesar/VS/V1/clear_fog/foggy/Fog1 (21).png,fog,1,Fog/mist,True,
/Users/nesar/VS/V1/negative_examples/fog/fog_0137.jpeg,/Users/nesar/VS/V1/clear_fog/foggy/Fog1 (246).jpeg,fog,1,Fog/mist,True,
/Users/nesar/VS/V1/negative_examples/fog/fog_0138.png,/Users/nesar/VS/V1/clear_fog/foggy/Fog1 (599).png,fog,1,Fog/mist,True,
/Users/nesar/VS/V1/negative_examples/fog/fog_0139.jpeg,/Users/nesar/VS/V1/clear_fog/foggy/Fog1 (89).jpeg,fog,1,Fog/mist,True,
/Users/nesar/VS/V1/negative_examples/fog/fog_0140.png,/Users/nesar/VS/V1/clear_fog/foggy/Fog1 (770).png,fog,1,Fog/mist,True,
/Users/nesar/VS/V1/negative_examples/fog/fog_0141.jpeg,/Users/nesar/VS/V1/clear_fog/foggy/Fog1 (60).jpeg,fog,1,Fog/mist,True,
/Users/nesar/VS/V1/negative_examples/fog/fog_0142.jpeg,/Users/nesar/VS/V1/clear_fog/foggy/Fog1 (271).jpeg,fog,1,Fog/mist,True,
/Users/nesar/VS/V1/negative_examples/fog/fog_0143.png,/Users/nesar/VS/V1/clear_fog/foggy/Fog1 (777).png,fog,1,Fog/mist,True,
/Users/nesar/VS/V1/negative_examples/fog/fog_0144.png,/Users/nesar/VS/V1/clear_fog/foggy/Fog1 (376).png,fog,1,Fog/mist,True,
/Users/nesar/VS/V1/negative_examples/fog/fog_0145.jpeg,/Users/nesar/VS/V1/clear_fog/foggy/Fog1 (112).jpeg,fog,1,Fog/mist,True,
/Users/nesar/VS/V1/negative_examples/fog/fog_0146.png,/Users/nesar/VS/V1/clear_fog/foggy/Fog1 (530).png,fog,1,Fog/mist,True,
/Users/nesar/VS/V1/negative_examples/fog/fog_0147.png,/Users/nesar/VS/V1/clear_fog/foggy/Fog1 (490).png,fog,1,Fog/mist,True,
/Users/nesar/VS/V1/negative_examples/fog/fog_0148.png,/Users/nesar/VS/V1/clear_fog/foggy/Fog1 (139).png,fog,1,Fog/mist,True,
/Users/nesar/VS/V1/negative_examples/fog/fog_0149.png,/Users/nesar/VS/V1/clear_fog/foggy/Fog1 (729).png,fog,1,Fog/mist,True,
/Users/nesar/VS/V1/negative_examples/rain/rain_0000.jpg,/Users/nesar/VS/V1/Multi-class Weather Dataset/Rain/rain211.jpg,rain,2,Rain/drizzle,True,
/Users/nesar/VS/V1/negative_examples/rain/rain_0001.jpg,/Users/nesar/VS/V1/Multi-class Weather Dataset/Rain/rain32.jpg,rain,2,Rain/drizzle,True,
/Users/nesar/VS/V1/negative_examples/rain/rain_0002.jpg,/Users/nesar/VS/V1/Multi-class Weather Dataset/Rain/rain191.jpg,rain,2,Rain/drizzle,True,
/Users/nesar/VS/V1/negative_examples/rain/rain_0003.jpg,/Users/nesar/VS/V1/Multi-class Weather Dataset/Rain/rain13.jpg,rain,2,Rain/drizzle,True,
/Users/nesar/VS/V1/negative_examples/rain/rain_0004.jpg,/Users/nesar/VS/V1/Multi-class Weather Dataset/Rain/rain118.jpg,rain,2,Rain/drizzle,True,
/Users/nesar/VS/V1/negative_examples/rain/rain_0005.jpg,/Users/nesar/VS/V1/Multi-class Weather Dataset/Rain/rain57.jpg,rain,2,Rain/drizzle,True,
/Users/nesar/VS/V1/negative_examples/rain/rain_0006.jpg,/Users/nesar/VS/V1/Multi-class Weather Dataset/Rain/rain6.jpg,rain,2,Rain/drizzle,True,
/Users/nesar/VS/V1/negative_examples/rain/rain_0007.jpg,/Users/nesar/VS/V1/Multi-class Weather Dataset/Rain/rain183.jpg,rain,2,Rain/drizzle,True,
/Users/nesar/VS/V1/negative_examples/rain/rain_0008.jpg,/Users/nesar/VS/V1/Multi-class Weather Dataset/Rain/rain17.jpg,rain,2,Rain/drizzle,True,
/Users/nesar/VS/V1/negative_examples/rain/rain_0009.jpg,/Users/nesar/VS/V1/Multi-class Weather Dataset/Rain/rain178.jpg,rain,2,Rain/drizzle,True,
/Users/nesar/VS/V1/negative_examples/rain/rain_0010.jpg,/Users/nesar/VS/V1/Multi-class Weather Dataset/Rain/rain28.jpg,rain,2,Rain/drizzle,True,
/Users/nesar/VS/V1/negative_examples/rain/rain_0011.jpg,/Users/nesar/VS/V1/Multi-class Weather Dataset/Rain/rain11.jpg,rain,2,Rain/drizzle,True,
/Users/nesar/VS/V1/negative_examples/rain/rain_0012.jpg,/Users/nesar/VS/V1/Multi-class Weather Dataset/Rain/rain58.jpg,rain,2,Rain/drizzle,True,
/Users/nesar/VS/V1/negative_examples/rain/rain_0013.jpg,/Users/nesar/VS/V1/Multi-class Weather Dataset/Rain/rain187.jpg,rain,2,Rain/drizzle,True,
/Users/nesar/VS/V1/negative_examples/rain/rain_0014.jpg,/Users/nesar/VS/V1/Multi-class Weather Dataset/Rain/rain98.jpg,rain,2,Rain/drizzle,True,
/Users/nesar/VS/V1/negative_examples/rain/rain_0015.jpg,/Users/nesar/VS/V1/Multi-class Weather Dataset/Rain/rain134.jpg,rain,2,Rain/drizzle,True,
/Users/nesar/VS/V1/negative_examples/rain/rain_0016.jpg,/Users/nesar/VS/V1/Multi-class Weather Dataset/Rain/rain184.jpg,rain,2,Rain/drizzle,True,
/Users/nesar/VS/V1/negative_examples/rain/rain_0017.jpg,/Users/nesar/VS/V1/Multi-class Weather Dataset/Rain/rain190.jpg,rain,2,Rain/drizzle,True,
/Users/nesar/VS/V1/negative_examples/rain/rain_0018.jpg,/Users/nesar/VS/V1/Multi-class Weather Dataset/Rain/rain193.jpg,rain,2,Rain/drizzle,True,
/Users/nesar/VS/V1/negative_examples/rain/rain_0019.jpg,/Users/nesar/VS/V1/Multi-class Weather Dataset/Rain/rain156.jpg,rain,2,Rain/drizzle,True,
/Users/nesar/VS/V1/negative_examples/rain/rain_0020.jpg,/Users/nesar/VS/V1/Multi-class Weather Dataset/Rain/rain30.jpg,rain,2,Rain/drizzle,True,
/Users/nesar/VS/V1/negative_examples/rain/rain_0021.jpg,/Users/nesar/VS/V1/Multi-class Weather Dataset/Rain/rain75.jpg,rain,2,Rain/drizzle,True,
/Users/nesar/VS/V1/negative_examples/rain/rain_0022.jpg,/Users/nesar/VS/V1/Multi-class Weather Dataset/Rain/rain129.jpg,rain,2,Rain/drizzle,True,
/Users/nesar/VS/V1/negative_examples/rain/rain_0023.jpg,/Users/nesar/VS/V1/Multi-class Weather Dataset/Rain/rain39.jpg,rain,2,Rain/drizzle,True,
/Users/nesar/VS/V1/negative_examples/rain/rain_0024.jpg,/Users/nesar/VS/V1/Multi-class Weather Dataset/Rain/rain102.jpg,rain,2,Rain/drizzle,True,
/Users/nesar/VS/V1/negative_examples/rain/rain_0025.jpg,/Users/nesar/VS/V1/Multi-class Weather Dataset/Rain/rain157.jpg,rain,2,Rain/drizzle,True,
/Users/nesar/VS/V1/negative_examples/rain/rain_0026.jpg,/Users/nesar/VS/V1/Multi-class Weather Dataset/Rain/rain171.jpg,rain,2,Rain/drizzle,True,
/Users/nesar/VS/V1/negative_examples/rain/rain_0027.jpg,/Users/nesar/VS/V1/Multi-class Weather Dataset/Rain/rain173.jpg,rain,2,Rain/drizzle,True,
/Users/nesar/VS/V1/negative_examples/rain/rain_0028.jpg,/Users/nesar/VS/V1/Multi-class Weather Dataset/Rain/rain158.jpg,rain,2,Rain/drizzle,True,
/Users/nesar/VS/V1/negative_examples/rain/rain_0029.jpg,/Users/nesar/VS/V1/Multi-class Weather Dataset/Rain/rain200.jpg,rain,2,Rain/drizzle,True,
/Users/nesar/VS/V1/negative_examples/rain/rain_0030.jpg,/Users/nesar/VS/V1/Multi-class Weather Dataset/Rain/rain120.jpg,rain,2,Rain/drizzle,True,
/Users/nesar/VS/V1/negative_examples/rain/rain_0031.jpg,/Users/nesar/VS/V1/Multi-class Weather Dataset/Rain/rain142.jpg,rain,2,Rain/drizzle,True,
/Users/nesar/VS/V1/negative_examples/rain/rain_0032.jpg,/Users/nesar/VS/V1/Multi-class Weather Dataset/Rain/rain84.jpg,rain,2,Rain/drizzle,True,
/Users/nesar/VS/V1/negative_examples/rain/rain_0033.jpg,/Users/nesar/VS/V1/Multi-class Weather Dataset/Rain/rain73.jpg,rain,2,Rain/drizzle,True,
/Users/nesar/VS/V1/negative_examples/rain/rain_0034.jpg,/Users/nesar/VS/V1/Multi-class Weather Dataset/Rain/rain95.jpg,rain,2,Rain/drizzle,True,
/Users/nesar/VS/V1/negative_examples/rain/rain_0035.jpg,/Users/nesar/VS/V1/Multi-class Weather Dataset/Rain/rain34.jpg,rain,2,Rain/drizzle,True,
/Users/nesar/VS/V1/negative_examples/rain/rain_0036.jpg,/Users/nesar/VS/V1/Multi-class Weather Dataset/Rain/rain5.jpg,rain,2,Rain/drizzle,True,
/Users/nesar/VS/V1/negative_examples/rain/rain_0037.jpg,/Users/nesar/VS/V1/Multi-class Weather Dataset/Rain/rain38.jpg,rain,2,Rain/drizzle,True,
/Users/nesar/VS/V1/negative_examples/rain/rain_0038.jpg,/Users/nesar/VS/V1/Multi-class Weather Dataset/Rain/rain41.jpg,rain,2,Rain/drizzle,True,
/Users/nesar/VS/V1/negative_examples/rain/rain_0039.jpg,/Users/nesar/VS/V1/Multi-class Weather Dataset/Rain/rain170.jpg,rain,2,Rain/drizzle,True,
/Users/nesar/VS/V1/negative_examples/rain/rain_0040.jpg,/Users/nesar/VS/V1/Multi-class Weather Dataset/Rain/rain141.jpg,rain,2,Rain/drizzle,True,
/Users/nesar/VS/V1/negative_examples/rain/rain_0041.jpg,/Users/nesar/VS/V1/Multi-class Weather Dataset/Rain/rain160.jpg,rain,2,Rain/drizzle,True,
/Users/nesar/VS/V1/negative_examples/rain/rain_0042.jpg,/Users/nesar/VS/V1/Multi-class Weather Dataset/Rain/rain69.jpg,rain,2,Rain/drizzle,True,
/Users/nesar/VS/V1/negative_examples/rain/rain_0043.jpg,/Users/nesar/VS/V1/Multi-class Weather Dataset/Rain/rain189.jpg,rain,2,Rain/drizzle,True,
/Users/nesar/VS/V1/negative_examples/rain/rain_0044.jpg,/Users/nesar/VS/V1/Multi-class Weather Dataset/Rain/rain174.jpg,rain,2,Rain/drizzle,True,
/Users/nesar/VS/V1/negative_examples/rain/rain_0045.jpg,/Users/nesar/VS/V1/Multi-class Weather Dataset/Rain/rain136.jpg,rain,2,Rain/drizzle,True,
/Users/nesar/VS/V1/negative_examples/rain/rain_0046.jpg,/Users/nesar/VS/V1/Multi-class Weather Dataset/Rain/rain144.jpg,rain,2,Rain/drizzle,True,
/Users/nesar/VS/V1/negative_examples/rain/rain_0047.jpg,/Users/nesar/VS/V1/Multi-class Weather Dataset/Rain/rain45.jpg,rain,2,Rain/drizzle,True,
/Users/nesar/VS/V1/negative_examples/rain/rain_0048.jpg,/Users/nesar/VS/V1/Multi-class Weather Dataset/Rain/rain55.jpg,rain,2,Rain/drizzle,True,
/Users/nesar/VS/V1/negative_examples/rain/rain_0049.jpg,/Users/nesar/VS/V1/Multi-class Weather Dataset/Rain/rain161.jpg,rain,2,Rain/drizzle,True,
/Users/nesar/VS/V1/negative_examples/rain/rain_0050.jpg,/Users/nesar/VS/V1/Multi-class Weather Dataset/Rain/rain131.jpg,rain,2,Rain/drizzle,True,
/Users/nesar/VS/V1/negative_examples/rain/rain_0051.jpg,/Users/nesar/VS/V1/Multi-class Weather Dataset/Rain/rain3.jpg,rain,2,Rain/drizzle,True,
/Users/nesar/VS/V1/negative_examples/rain/rain_0052.jpg,/Users/nesar/VS/V1/Multi-class Weather Dataset/Rain/rain62.jpg,rain,2,Rain/drizzle,True,
/Users/nesar/VS/V1/negative_examples/rain/rain_0053.jpg,/Users/nesar/VS/V1/Multi-class Weather Dataset/Rain/rain60.jpg,rain,2,Rain/drizzle,True,
/Users/nesar/VS/V1/negative_examples/rain/rain_0054.jpg,/Users/nesar/VS/V1/Multi-class Weather Dataset/Rain/rain4.jpg,rain,2,Rain/drizzle,True,
/Users/nesar/VS/V1/negative_examples/rain/rain_0055.jpg,/Users/nesar/VS/V1/Multi-class Weather Dataset/Rain/rain122.jpg,rain,2,Rain/drizzle,True,
/Users/nesar/VS/V1/negative_examples/rain/rain_0056.jpg,/Users/nesar/VS/V1/Multi-class Weather Dataset/Rain/rain192.jpg,rain,2,Rain/drizzle,True,
/Users/nesar/VS/V1/negative_examples/rain/rain_0057.jpg,/Users/nesar/VS/V1/Multi-class Weather Dataset/Rain/rain64.jpg,rain,2,Rain/drizzle,True,
/Users/nesar/VS/V1/negative_examples/rain/rain_0058.jpg,/Users/nesar/VS/V1/Multi-class Weather Dataset/Rain/rain54.jpg,rain,2,Rain/drizzle,True,
/Users/nesar/VS/V1/negative_examples/rain/rain_0059.jpg,/Users/nesar/VS/V1/Multi-class Weather Dataset/Rain/rain92.jpg,rain,2,Rain/drizzle,True,
/Users/nesar/VS/V1/negative_examples/rain/rain_0060.jpg,/Users/nesar/VS/V1/Multi-class Weather Dataset/Rain/rain71.jpg,rain,2,Rain/drizzle,True,
/Users/nesar/VS/V1/negative_examples/rain/rain_0061.jpg,/Users/nesar/VS/V1/Multi-class Weather Dataset/Rain/rain143.jpg,rain,2,Rain/drizzle,True,
/Users/nesar/VS/V1/negative_examples/rain/rain_0062.jpg,/Users/nesar/VS/V1/Multi-class Weather Dataset/Rain/rain151.jpg,rain,2,Rain/drizzle,True,
/Users/nesar/VS/V1/negative_examples/rain/rain_0063.jpeg,/Users/nesar/VS/V1/Multi-class Weather Dataset/Rain/rain22.jpeg,rain,2,Rain/drizzle,True,
/Users/nesar/VS/V1/negative_examples/rain/rain_0064.jpg,/Users/nesar/VS/V1/Multi-class Weather Dataset/Rain/rain208.jpg,rain,2,Rain/drizzle,True,
/Users/nesar/VS/V1/negative_examples/rain/rain_0065.jpg,/Users/nesar/VS/V1/Multi-class Weather Dataset/Rain/rain42.jpg,rain,2,Rain/drizzle,True,
/Users/nesar/VS/V1/negative_examples/rain/rain_0066.jpg,/Users/nesar/VS/V1/Multi-class Weather Dataset/Rain/rain99.jpg,rain,2,Rain/drizzle,True,
/Users/nesar/VS/V1/negative_examples/rain/rain_0067.jpg,/Users/nesar/VS/V1/Multi-class Weather Dataset/Rain/rain148.jpg,rain,2,Rain/drizzle,True,
/Users/nesar/VS/V1/negative_examples/rain/rain_0068.jpg,/Users/nesar/VS/V1/Multi-class Weather Dataset/Rain/rain150.jpg,rain,2,Rain/drizzle,True,
/Users/nesar/VS/V1/negative_examples/rain/rain_0069.jpg,/Users/nesar/VS/V1/Multi-class Weather Dataset/Rain/rain172.jpg,rain,2,Rain/drizzle,True,
/Users/nesar/VS/V1/negative_examples/rain/rain_0070.jpg,/Users/nesar/VS/V1/Multi-class Weather Dataset/Rain/rain16.jpg,rain,2,Rain/drizzle,True,
/Users/nesar/VS/V1/negative_examples/rain/rain_0071.jpg,/Users/nesar/VS/V1/Multi-class Weather Dataset/Rain/rain47.jpg,rain,2,Rain/drizzle,True,
/Users/nesar/VS/V1/negative_examples/rain/rain_0072.jpg,/Users/nesar/VS/V1/Multi-class Weather Dataset/Rain/rain86.jpg,rain,2,Rain/drizzle,True,
/Users/nesar/VS/V1/negative_examples/rain/rain_0073.jpg,/Users/nesar/VS/V1/Multi-class Weather Dataset/Rain/rain155.jpg,rain,2,Rain/drizzle,True,
/Users/nesar/VS/V1/negative_examples/rain/rain_0074.jpg,/Users/nesar/VS/V1/Multi-class Weather Dataset/Rain/rain137.jpg,rain,2,Rain/drizzle,True,
/Users/nesar/VS/V1/negative_examples/rain/rain_0075.jpg,/Users/nesar/VS/V1/Multi-class Weather Dataset/Rain/rain51.jpg,rain,2,Rain/drizzle,True,
/Users/nesar/VS/V1/negative_examples/rain/rain_0076.jpg,/Users/nesar/VS/V1/Multi-class Weather Dataset/Rain/rain195.jpg,rain,2,Rain/drizzle,True,
/Users/nesar/VS/V1/negative_examples/rain/rain_0077.jpg,/Users/nesar/VS/V1/Multi-class Weather Dataset/Rain/rain130.jpg,rain,2,Rain/drizzle,True,
/Users/nesar/VS/V1/negative_examples/rain/rain_0078.jpg,/Users/nesar/VS/V1/Multi-class Weather Dataset/Rain/rain1.jpg,rain,2,Rain/drizzle,True,
/Users/nesar/VS/V1/negative_examples/rain/rain_0079.jpg,/Users/nesar/VS/V1/Multi-class Weather Dataset/Rain/rain33.jpg,rain,2,Rain/drizzle,True,
/Users/nesar/VS/V1/negative_examples/rain/rain_0080.jpg,/Users/nesar/VS/V1/Multi-class Weather Dataset/Rain/rain201.jpg,rain,2,Rain/drizzle,True,
/Users/nesar/VS/V1/negative_examples/rain/rain_0081.jpg,/Users/nesar/VS/V1/Multi-class Weather Dataset/Rain/rain100.jpg,rain,2,Rain/drizzle,True,
/Users/nesar/VS/V1/negative_examples/rain/rain_0082.jpg,/Users/nesar/VS/V1/Multi-class Weather Dataset/Rain/rain76.jpg,rain,2,Rain/drizzle,True,
/Users/nesar/VS/V1/negative_examples/rain/rain_0083.jpg,/Users/nesar/VS/V1/Multi-class Weather Dataset/Rain/rain117.jpg,rain,2,Rain/drizzle,True,
/Users/nesar/VS/V1/negative_examples/rain/rain_0084.jpg,/Users/nesar/VS/V1/Multi-class Weather Dataset/Rain/rain124.jpg,rain,2,Rain/drizzle,True,
/Users/nesar/VS/V1/negative_examples/rain/rain_0085.jpg,/Users/nesar/VS/V1/Multi-class Weather Dataset/Rain/rain188.jpg,rain,2,Rain/drizzle,True,
/Users/nesar/VS/V1/negative_examples/rain/rain_0086.jpg,/Users/nesar/VS/V1/Multi-class Weather Dataset/Rain/rain133.jpg,rain,2,Rain/drizzle,True,
/Users/nesar/VS/V1/negative_examples/rain/rain_0087.jpg,/Users/nesar/VS/V1/Multi-class Weather Dataset/Rain/rain37.jpg,rain,2,Rain/drizzle,True,
/Users/nesar/VS/V1/negative_examples/rain/rain_0088.jpg,/Users/nesar/VS/V1/Multi-class Weather Dataset/Rain/rain26.jpg,rain,2,Rain/drizzle,True,
/Users/nesar/VS/V1/negative_examples/rain/rain_0089.jpg,/Users/nesar/VS/V1/Multi-class Weather Dataset/Rain/rain85.jpg,rain,2,Rain/drizzle,True,
/Users/nesar/VS/V1/negative_examples/rain/rain_0090.jpg,/Users/nesar/VS/V1/Multi-class Weather Dataset/Rain/rain152.jpg,rain,2,Rain/drizzle,True,
/Users/nesar/VS/V1/negative_examples/rain/rain_0091.jpg,/Users/nesar/VS/V1/Multi-class Weather Dataset/Rain/rain46.jpg,rain,2,Rain/drizzle,True,
/Users/nesar/VS/V1/negative_examples/rain/rain_0092.jpg,/Users/nesar/VS/V1/Multi-class Weather Dataset/Rain/rain8.jpg,rain,2,Rain/drizzle,True,
/Users/nesar/VS/V1/negative_examples/rain/rain_0093.jpg,/Users/nesar/VS/V1/Multi-class Weather Dataset/Rain/rain180.jpg,rain,2,Rain/drizzle,True,
/Users/nesar/VS/V1/negative_examples/rain/rain_0094.jpg,/Users/nesar/VS/V1/Multi-class Weather Dataset/Rain/rain197.jpg,rain,2,Rain/drizzle,True,
/Users/nesar/VS/V1/negative_examples/rain/rain_0095.jpg,/Users/nesar/VS/V1/Multi-class Weather Dataset/Rain/rain12.jpg,rain,2,Rain/drizzle,True,
/Users/nesar/VS/V1/negative_examples/rain/rain_0096.jpg,/Users/nesar/VS/V1/Multi-class Weather Dataset/Rain/rain36.jpg,rain,2,Rain/drizzle,True,
/Users/nesar/VS/V1/negative_examples/rain/rain_0097.jpg,/Users/nesar/VS/V1/Multi-class Weather Dataset/Rain/rain203.jpg,rain,2,Rain/drizzle,True,
/Users/nesar/VS/V1/negative_examples/rain/rain_0098.jpg,/Users/nesar/VS/V1/Multi-class Weather Dataset/Rain/rain81.jpg,rain,2,Rain/drizzle,True,
/Users/nesar/VS/V1/negative_examples/rain/rain_0099.jpg,/Users/nesar/VS/V1/Multi-class Weather Dataset/Rain/rain121.jpg,rain,2,Rain/drizzle,True,
/Users/nesar/VS/V1/negative_examples/rain/rain_0100.jpg,/Users/nesar/VS/V1/Multi-class Weather Dataset/Rain/rain198.jpg,rain,2,Rain/drizzle,True,
/Users/nesar/VS/V1/negative_examples/rain/rain_0101.jpg,/Users/nesar/VS/V1/Multi-class Weather Dataset/Rain/rain110.jpg,rain,2,Rain/drizzle,True,
/Users/nesar/VS/V1/negative_examples/rain/rain_0102.jpg,/Users/nesar/VS/V1/Multi-class Weather Dataset/Rain/rain113.jpg,rain,2,Rain/drizzle,True,
/Users/nesar/VS/V1/negative_examples/rain/rain_0103.jpg,/Users/nesar/VS/V1/Multi-class Weather Dataset/Rain/rain63.jpg,rain,2,Rain/drizzle,True,
/Users/nesar/VS/V1/negative_examples/rain/rain_0104.jpg,/Users/nesar/VS/V1/Multi-class Weather Dataset/Rain/rain80.jpg,rain,2,Rain/drizzle,True,
/Users/nesar/VS/V1/negative_examples/rain/rain_0105.jpg,/Users/nesar/VS/V1/Multi-class Weather Dataset/Rain/rain162.jpg,rain,2,Rain/drizzle,True,
/Users/nesar/VS/V1/negative_examples/rain/rain_0106.jpg,/Users/nesar/VS/V1/Multi-class Weather Dataset/Rain/rain127.jpg,rain,2,Rain/drizzle,True,
/Users/nesar/VS/V1/negative_examples/rain/rain_0107.jpg,/Users/nesar/VS/V1/Multi-class Weather Dataset/Rain/rain164.jpg,rain,2,Rain/drizzle,True,
/Users/nesar/VS/V1/negative_examples/rain/rain_0108.jpg,/Users/nesar/VS/V1/Multi-class Weather Dataset/Rain/rain48.jpg,rain,2,Rain/drizzle,True,
/Users/nesar/VS/V1/negative_examples/rain/rain_0109.jpg,/Users/nesar/VS/V1/Multi-class Weather Dataset/Rain/rain168.jpg,rain,2,Rain/drizzle,True,
/Users/nesar/VS/V1/negative_examples/rain/rain_0110.jpg,/Users/nesar/VS/V1/Multi-class Weather Dataset/Rain/rain101.jpg,rain,2,Rain/drizzle,True,
/Users/nesar/VS/V1/negative_examples/rain/rain_0111.jpg,/Users/nesar/VS/V1/Multi-class Weather Dataset/Rain/rain66.jpg,rain,2,Rain/drizzle,True,
/Users/nesar/VS/V1/negative_examples/rain/rain_0112.jpg,/Users/nesar/VS/V1/Multi-class Weather Dataset/Rain/rain123.jpg,rain,2,Rain/drizzle,True,
/Users/nesar/VS/V1/negative_examples/rain/rain_0113.jpg,/Users/nesar/VS/V1/Multi-class Weather Dataset/Rain/rain103.jpg,rain,2,Rain/drizzle,True,
/Users/nesar/VS/V1/negative_examples/rain/rain_0114.jpg,/Users/nesar/VS/V1/Multi-class Weather Dataset/Rain/rain15.jpg,rain,2,Rain/drizzle,True,
/Users/nesar/VS/V1/negative_examples/rain/rain_0115.jpg,/Users/nesar/VS/V1/Multi-class Weather Dataset/Rain/rain139.jpg,rain,2,Rain/drizzle,True,
/Users/nesar/VS/V1/negative_examples/rain/rain_0116.jpg,/Users/nesar/VS/V1/Multi-class Weather Dataset/Rain/rain78.jpg,rain,2,Rain/drizzle,True,
/Users/nesar/VS/V1/negative_examples/rain/rain_0117.jpg,/Users/nesar/VS/V1/Multi-class Weather Dataset/Rain/rain67.jpg,rain,2,Rain/drizzle,True,
/Users/nesar/VS/V1/negative_examples/rain/rain_0118.jpg,/Users/nesar/VS/V1/Multi-class Weather Dataset/Rain/rain181.jpg,rain,2,Rain/drizzle,True,
/Users/nesar/VS/V1/negative_examples/rain/rain_0119.jpg,/Users/nesar/VS/V1/Multi-class Weather Dataset/Rain/rain49.jpg,rain,2,Rain/drizzle,True,
/Users/nesar/VS/V1/negative_examples/cloudy/cloudy_0000.jpg,/Users/nesar/VS/V1/Multi-class Weather Dataset/Cloudy/cloudy109.jpg,cloudy,3,Overcast/cloudy,True,
/Users/nesar/VS/V1/negative_examples/cloudy/cloudy_0001.jpg,/Users/nesar/VS/V1/Multi-class Weather Dataset/Cloudy/cloudy245.jpg,cloudy,3,Overcast/cloudy,True,
/Users/nesar/VS/V1/negative_examples/cloudy/cloudy_0002.jpg,/Users/nesar/VS/V1/Multi-class Weather Dataset/Cloudy/cloudy181.jpg,cloudy,3,Overcast/cloudy,True,
/Users/nesar/VS/V1/negative_examples/cloudy/cloudy_0003.jpg,/Users/nesar/VS/V1/Multi-class Weather Dataset/Cloudy/cloudy180.jpg,cloudy,3,Overcast/cloudy,True,
/Users/nesar/VS/V1/negative_examples/cloudy/cloudy_0004.jpg,/Users/nesar/VS/V1/Multi-class Weather Dataset/Cloudy/cloudy81.jpg,cloudy,3,Overcast/cloudy,True,
/Users/nesar/VS/V1/negative_examples/cloudy/cloudy_0005.jpg,/Users/nesar/VS/V1/Multi-class Weather Dataset/Cloudy/cloudy268.jpg,cloudy,3,Overcast/cloudy,True,
/Users/nesar/VS/V1/negative_examples/cloudy/cloudy_0006.jpg,/Users/nesar/VS/V1/Multi-class Weather Dataset/Cloudy/cloudy24.jpg,cloudy,3,Overcast/cloudy,True,
/Users/nesar/VS/V1/negative_examples/cloudy/cloudy_0007.jpg,/Users/nesar/VS/V1/Multi-class Weather Dataset/Cloudy/cloudy262.jpg,cloudy,3,Overcast/cloudy,True,
/Users/nesar/VS/V1/negative_examples/cloudy/cloudy_0008.jpg,/Users/nesar/VS/V1/Multi-class Weather Dataset/Cloudy/cloudy242.jpg,cloudy,3,Overcast/cloudy,True,
/Users/nesar/VS/V1/negative_examples/cloudy/cloudy_0009.jpg,/Users/nesar/VS/V1/Multi-class Weather Dataset/Cloudy/cloudy72.jpg,cloudy,3,Overcast/cloudy,True,
/Users/nesar/VS/V1/negative_examples/cloudy/cloudy_0010.jpg,/Users/nesar/VS/V1/Multi-class Weather Dataset/Cloudy/cloudy133.jpg,cloudy,3,Overcast/cloudy,True,
/Users/nesar/VS/V1/negative_examples/cloudy/cloudy_0011.jpg,/Users/nesar/VS/V1/Multi-class Weather Dataset/Cloudy/cloudy22.jpg,cloudy,3,Overcast/cloudy,True,
/Users/nesar/VS/V1/negative_examples/cloudy/cloudy_0012.jpg,/Users/nesar/VS/V1/Multi-class Weather Dataset/Cloudy/cloudy295.jpg,cloudy,3,Overcast/cloudy,True,
/Users/nesar/VS/V1/negative_examples/cloudy/cloudy_0013.jpg,/Users/nesar/VS/V1/Multi-class Weather Dataset/Cloudy/cloudy219.jpg,cloudy,3,Overcast/cloudy,True,
/Users/nesar/VS/V1/negative_examples/cloudy/cloudy_0014.jpg,/Users/nesar/VS/V1/Multi-class Weather Dataset/Cloudy/cloudy190.jpg,cloudy,3,Overcast/cloudy,True,
/Users/nesar/VS/V1/negative_examples/cloudy/cloudy_0015.jpg,/Users/nesar/VS/V1/Multi-class Weather Dataset/Cloudy/cloudy1.jpg,cloudy,3,Overcast/cloudy,True,
/Users/nesar/VS/V1/negative_examples/cloudy/cloudy_0016.jpg,/Users/nesar/VS/V1/Multi-class Weather Dataset/Cloudy/cloudy251.jpg,cloudy,3,Overcast/cloudy,True,
/Users/nesar/VS/V1/negative_examples/cloudy/cloudy_0017.jpg,/Users/nesar/VS/V1/Multi-class Weather Dataset/Cloudy/cloudy146.jpg,cloudy,3,Overcast/cloudy,True,
/Users/nesar/VS/V1/negative_examples/cloudy/cloudy_0018.jpg,/Users/nesar/VS/V1/Multi-class Weather Dataset/Cloudy/cloudy6.jpg,cloudy,3,Overcast/cloudy,True,
/Users/nesar/VS/V1/negative_examples/cloudy/cloudy_0019.jpg,/Users/nesar/VS/V1/Multi-class Weather Dataset/Cloudy/cloudy99.jpg,cloudy,3,Overcast/cloudy,True,
/Users/nesar/VS/V1/negative_examples/cloudy/cloudy_0020.jpg,/Users/nesar/VS/V1/Multi-class Weather Dataset/Cloudy/cloudy231.jpg,cloudy,3,Overcast/cloudy,True,
/Users/nesar/VS/V1/negative_examples/cloudy/cloudy_0021.jpg,/Users/nesar/VS/V1/Multi-class Weather Dataset/Cloudy/cloudy216.jpg,cloudy,3,Overcast/cloudy,True,
/Users/nesar/VS/V1/negative_examples/cloudy/cloudy_0022.jpg,/Users/nesar/VS/V1/Multi-class Weather Dataset/Cloudy/cloudy142.jpg,cloudy,3,Overcast/cloudy,True,
/Users/nesar/VS/V1/negative_examples/cloudy/cloudy_0023.jpg,/Users/nesar/VS/V1/Multi-class Weather Dataset/Cloudy/cloudy37.jpg,cloudy,3,Overcast/cloudy,True,
/Users/nesar/VS/V1/negative_examples/cloudy/cloudy_0024.jpg,/Users/nesar/VS/V1/Multi-class Weather Dataset/Cloudy/cloudy40.jpg,cloudy,3,Overcast/cloudy,True,
/Users/nesar/VS/V1/negative_examples/cloudy/cloudy_0025.jpg,/Users/nesar/VS/V1/Multi-class Weather Dataset/Cloudy/cloudy274.jpg,cloudy,3,Overcast/cloudy,True,
/Users/nesar/VS/V1/negative_examples/cloudy/cloudy_0026.jpg,/Users/nesar/VS/V1/Multi-class Weather Dataset/Cloudy/cloudy212.jpg,cloudy,3,Overcast/cloudy,True,
/Users/nesar/VS/V1/negative_examples/cloudy/cloudy_0027.jpg,/Users/nesar/VS/V1/Multi-class Weather Dataset/Cloudy/cloudy4.jpg,cloudy,3,Overcast/cloudy,True,
/Users/nesar/VS/V1/negative_examples/cloudy/cloudy_0028.jpg,/Users/nesar/VS/V1/Multi-class Weather Dataset/Cloudy/cloudy186.jpg,cloudy,3,Overcast/cloudy,True,
/Users/nesar/VS/V1/negative_examples/cloudy/cloudy_0029.jpg,/Users/nesar/VS/V1/Multi-class Weather Dataset/Cloudy/cloudy218.jpg,cloudy,3,Overcast/cloudy,True,
/Users/nesar/VS/V1/negative_examples/cloudy/cloudy_0030.jpg,/Users/nesar/VS/V1/Multi-class Weather Dataset/Cloudy/cloudy75.jpg,cloudy,3,Overcast/cloudy,True,
/Users/nesar/VS/V1/negative_examples/cloudy/cloudy_0031.jpg,/Users/nesar/VS/V1/Multi-class Weather Dataset/Cloudy/cloudy7.jpg,cloudy,3,Overcast/cloudy,True,
/Users/nesar/VS/V1/negative_examples/cloudy/cloudy_0032.jpg,/Users/nesar/VS/V1/Multi-class Weather Dataset/Cloudy/cloudy300.jpg,cloudy,3,Overcast/cloudy,True,
/Users/nesar/VS/V1/negative_examples/cloudy/cloudy_0033.jpg,/Users/nesar/VS/V1/Multi-class Weather Dataset/Cloudy/cloudy210.jpg,cloudy,3,Overcast/cloudy,True,
/Users/nesar/VS/V1/negative_examples/cloudy/cloudy_0034.jpg,/Users/nesar/VS/V1/Multi-class Weather Dataset/Cloudy/cloudy280.jpg,cloudy,3,Overcast/cloudy,True,
/Users/nesar/VS/V1/negative_examples/cloudy/cloudy_0035.jpg,/Users/nesar/VS/V1/Multi-class Weather Dataset/Cloudy/cloudy165.jpg,cloudy,3,Overcast/cloudy,True,
/Users/nesar/VS/V1/negative_examples/cloudy/cloudy_0036.jpg,/Users/nesar/VS/V1/Multi-class Weather Dataset/Cloudy/cloudy207.jpg,cloudy,3,Overcast/cloudy,True,
/Users/nesar/VS/V1/negative_examples/cloudy/cloudy_0037.jpg,/Users/nesar/VS/V1/Multi-class Weather Dataset/Cloudy/cloudy208.jpg,cloudy,3,Overcast/cloudy,True,
/Users/nesar/VS/V1/negative_examples/cloudy/cloudy_0038.jpg,/Users/nesar/VS/V1/Multi-class Weather Dataset/Cloudy/cloudy20.jpg,cloudy,3,Overcast/cloudy,True,
/Users/nesar/VS/V1/negative_examples/cloudy/cloudy_0039.jpg,/Users/nesar/VS/V1/Multi-class Weather Dataset/Cloudy/cloudy148.jpg,cloudy,3,Overcast/cloudy,True,
/Users/nesar/VS/V1/negative_examples/cloudy/cloudy_0040.jpg,/Users/nesar/VS/V1/Multi-class Weather Dataset/Cloudy/cloudy255.jpg,cloudy,3,Overcast/cloudy,True,
/Users/nesar/VS/V1/negative_examples/cloudy/cloudy_0041.jpg,/Users/nesar/VS/V1/Multi-class Weather Dataset/Cloudy/cloudy238.jpg,cloudy,3,Overcast/cloudy,True,
/Users/nesar/VS/V1/negative_examples/cloudy/cloudy_0042.jpg,/Users/nesar/VS/V1/Multi-class Weather Dataset/Cloudy/cloudy120.jpg,cloudy,3,Overcast/cloudy,True,
/Users/nesar/VS/V1/negative_examples/cloudy/cloudy_0043.jpg,/Users/nesar/VS/V1/Multi-class Weather Dataset/Cloudy/cloudy45.jpg,cloudy,3,Overcast/cloudy,True,
/Users/nesar/VS/V1/negative_examples/cloudy/cloudy_0044.jpg,/Users/nesar/VS/V1/Multi-class Weather Dataset/Cloudy/cloudy167.jpg,cloudy,3,Overcast/cloudy,True,
/Users/nesar/VS/V1/negative_examples/cloudy/cloudy_0045.jpg,/Users/nesar/VS/V1/Multi-class Weather Dataset/Cloudy/cloudy183.jpg,cloudy,3,Overcast/cloudy,True,
/Users/nesar/VS/V1/negative_examples/cloudy/cloudy_0046.jpg,/Users/nesar/VS/V1/Multi-class Weather Dataset/Cloudy/cloudy105.jpg,cloudy,3,Overcast/cloudy,True,
/Users/nesar/VS/V1/negative_examples/cloudy/cloudy_0047.jpg,/Users/nesar/VS/V1/Multi-class Weather Dataset/Cloudy/cloudy60.jpg,cloudy,3,Overcast/cloudy,True,
/Users/nesar/VS/V1/negative_examples/cloudy/cloudy_0048.jpg,/Users/nesar/VS/V1/Multi-class Weather Dataset/Cloudy/cloudy127.jpg,cloudy,3,Overcast/cloudy,True,
/Users/nesar/VS/V1/negative_examples/cloudy/cloudy_0049.jpg,/Users/nesar/VS/V1/Multi-class Weather Dataset/Cloudy/cloudy279.jpg,cloudy,3,Overcast/cloudy,True,
/Users/nesar/VS/V1/negative_examples/cloudy/cloudy_0050.jpg,/Users/nesar/VS/V1/Multi-class Weather Dataset/Cloudy/cloudy170.jpg,cloudy,3,Overcast/cloudy,True,
/Users/nesar/VS/V1/negative_examples/cloudy/cloudy_0051.jpg,/Users/nesar/VS/V1/Multi-class Weather Dataset/Cloudy/cloudy123.jpg,cloudy,3,Overcast/cloudy,True,
/Users/nesar/VS/V1/negative_examples/cloudy/cloudy_0052.jpg,/Users/nesar/VS/V1/Multi-class Weather Dataset/Cloudy/cloudy63.jpg,cloudy,3,Overcast/cloudy,True,
/Users/nesar/VS/V1/negative_examples/cloudy/cloudy_0053.jpg,/Users/nesar/VS/V1/Multi-class Weather Dataset/Cloudy/cloudy136.jpg,cloudy,3,Overcast/cloudy,True,
/Users/nesar/VS/V1/negative_examples/cloudy/cloudy_0054.jpg,/Users/nesar/VS/V1/Multi-class Weather Dataset/Cloudy/cloudy119.jpg,cloudy,3,Overcast/cloudy,True,
/Users/nesar/VS/V1/negative_examples/cloudy/cloudy_0055.jpg,/Users/nesar/VS/V1/Multi-class Weather Dataset/Cloudy/cloudy163.jpg,cloudy,3,Overcast/cloudy,True,
/Users/nesar/VS/V1/negative_examples/cloudy/cloudy_0056.jpg,/Users/nesar/VS/V1/Multi-class Weather Dataset/Cloudy/cloudy137.jpg,cloudy,3,Overcast/cloudy,True,
/Users/nesar/VS/V1/negative_examples/cloudy/cloudy_0057.jpg,/Users/nesar/VS/V1/Multi-class Weather Dataset/Cloudy/cloudy161.jpg,cloudy,3,Overcast/cloudy,True,
/Users/nesar/VS/V1/negative_examples/cloudy/cloudy_0058.jpg,/Users/nesar/VS/V1/Multi-class Weather Dataset/Cloudy/cloudy284.jpg,cloudy,3,Overcast/cloudy,True,
/Users/nesar/VS/V1/negative_examples/cloudy/cloudy_0059.jpg,/Users/nesar/VS/V1/Multi-class Weather Dataset/Cloudy/cloudy178.jpg,cloudy,3,Overcast/cloudy,True,
/Users/nesar/VS/V1/negative_examples/cloudy/cloudy_0060.jpg,/Users/nesar/VS/V1/Multi-class Weather Dataset/Cloudy/cloudy261.jpg,cloudy,3,Overcast/cloudy,True,
/Users/nesar/VS/V1/negative_examples/cloudy/cloudy_0061.jpg,/Users/nesar/VS/V1/Multi-class Weather Dataset/Cloudy/cloudy42.jpg,cloudy,3,Overcast/cloudy,True,
/Users/nesar/VS/V1/negative_examples/cloudy/cloudy_0062.jpg,/Users/nesar/VS/V1/Multi-class Weather Dataset/Cloudy/cloudy78.jpg,cloudy,3,Overcast/cloudy,True,
/Users/nesar/VS/V1/negative_examples/cloudy/cloudy_0063.jpg,/Users/nesar/VS/V1/Multi-class Weather Dataset/Cloudy/cloudy229.jpg,cloudy,3,Overcast/cloudy,True,
/Users/nesar/VS/V1/negative_examples/cloudy/cloudy_0064.jpg,/Users/nesar/VS/V1/Multi-class Weather Dataset/Cloudy/cloudy55.jpg,cloudy,3,Overcast/cloudy,True,
/Users/nesar/VS/V1/negative_examples/cloudy/cloudy_0065.jpg,/Users/nesar/VS/V1/Multi-class Weather Dataset/Cloudy/cloudy19.jpg,cloudy,3,Overcast/cloudy,True,
/Users/nesar/VS/V1/negative_examples/cloudy/cloudy_0066.jpg,/Users/nesar/VS/V1/Multi-class Weather Dataset/Cloudy/cloudy41.jpg,cloudy,3,Overcast/cloudy,True,
/Users/nesar/VS/V1/negative_examples/cloudy/cloudy_0067.jpg,/Users/nesar/VS/V1/Multi-class Weather Dataset/Cloudy/cloudy96.jpg,cloudy,3,Overcast/cloudy,True,
/Users/nesar/VS/V1/negative_examples/cloudy/cloudy_0068.jpg,/Users/nesar/VS/V1/Multi-class Weather Dataset/Cloudy/cloudy30.jpg,cloudy,3,Overcast/cloudy,True,
/Users/nesar/VS/V1/negative_examples/cloudy/cloudy_0069.jpg,/Users/nesar/VS/V1/Multi-class Weather Dataset/Cloudy/cloudy61.jpg,cloudy,3,Overcast/cloudy,True,
/Users/nesar/VS/V1/negative_examples/cloudy/cloudy_0070.jpg,/Users/nesar/VS/V1/Multi-class Weather Dataset/Cloudy/cloudy297.jpg,cloudy,3,Overcast/cloudy,True,
/Users/nesar/VS/V1/negative_examples/cloudy/cloudy_0071.jpg,/Users/nesar/VS/V1/Multi-class Weather Dataset/Cloudy/cloudy74.jpg,cloudy,3,Overcast/cloudy,True,
/Users/nesar/VS/V1/negative_examples/cloudy/cloudy_0072.jpg,/Users/nesar/VS/V1/Multi-class Weather Dataset/Cloudy/cloudy277.jpg,cloudy,3,Overcast/cloudy,True,
/Users/nesar/VS/V1/negative_examples/cloudy/cloudy_0073.jpg,/Users/nesar/VS/V1/Multi-class Weather Dataset/Cloudy/cloudy155.jpg,cloudy,3,Overcast/cloudy,True,
/Users/nesar/VS/V1/negative_examples/cloudy/cloudy_0074.jpg,/Users/nesar/VS/V1/Multi-class Weather Dataset/Cloudy/cloudy131.jpg,cloudy,3,Overcast/cloudy,True,
/Users/nesar/VS/V1/negative_examples/cloudy/cloudy_0075.jpg,/Users/nesar/VS/V1/Multi-class Weather Dataset/Cloudy/cloudy222.jpg,cloudy,3,Overcast/cloudy,True,
/Users/nesar/VS/V1/negative_examples/cloudy/cloudy_0076.jpg,/Users/nesar/VS/V1/Multi-class Weather Dataset/Cloudy/cloudy113.jpg,cloudy,3,Overcast/cloudy,True,
/Users/nesar/VS/V1/negative_examples/cloudy/cloudy_0077.jpg,/Users/nesar/VS/V1/Multi-class Weather Dataset/Cloudy/cloudy25.jpg,cloudy,3,Overcast/cloudy,True,
/Users/nesar/VS/V1/negative_examples/cloudy/cloudy_0078.jpg,/Users/nesar/VS/V1/Multi-class Weather Dataset/Cloudy/cloudy84.jpg,cloudy,3,Overcast/cloudy,True,
/Users/nesar/VS/V1/negative_examples/cloudy/cloudy_0079.jpg,/Users/nesar/VS/V1/Multi-class Weather Dataset/Cloudy/cloudy198.jpg,cloudy,3,Overcast/cloudy,True,
/Users/nesar/VS/V1/negative_examples/cloudy/cloudy_0080.jpg,/Users/nesar/VS/V1/Multi-class Weather Dataset/Cloudy/cloudy269.jpg,cloudy,3,Overcast/cloudy,True,
/Users/nesar/VS/V1/negative_examples/cloudy/cloudy_0081.jpg,/Users/nesar/VS/V1/Multi-class Weather Dataset/Cloudy/cloudy160.jpg,cloudy,3,Overcast/cloudy,True,
/Users/nesar/VS/V1/negative_examples/cloudy/cloudy_0082.jpg,/Users/nesar/VS/V1/Multi-class Weather Dataset/Cloudy/cloudy184.jpg,cloudy,3,Overcast/cloudy,True,
/Users/nesar/VS/V1/negative_examples/cloudy/cloudy_0083.jpg,/Users/nesar/VS/V1/Multi-class Weather Dataset/Cloudy/cloudy265.jpg,cloudy,3,Overcast/cloudy,True,
/Users/nesar/VS/V1/negative_examples/cloudy/cloudy_0084.jpg,/Users/nesar/VS/V1/Multi-class Weather Dataset/Cloudy/cloudy240.jpg,cloudy,3,Overcast/cloudy,True,
/Users/nesar/VS/V1/negative_examples/cloudy/cloudy_0085.jpg,/Users/nesar/VS/V1/Multi-class Weather Dataset/Cloudy/cloudy196.jpg,cloudy,3,Overcast/cloudy,True,
/Users/nesar/VS/V1/negative_examples/cloudy/cloudy_0086.jpg,/Users/nesar/VS/V1/Multi-class Weather Dataset/Cloudy/cloudy14.jpg,cloudy,3,Overcast/cloudy,True,
/Users/nesar/VS/V1/negative_examples/cloudy/cloudy_0087.jpg,/Users/nesar/VS/V1/Multi-class Weather Dataset/Cloudy/cloudy263.jpg,cloudy,3,Overcast/cloudy,True,
/Users/nesar/VS/V1/negative_examples/cloudy/cloudy_0088.jpg,/Users/nesar/VS/V1/Multi-class Weather Dataset/Cloudy/cloudy135.jpg,cloudy,3,Overcast/cloudy,True,
/Users/nesar/VS/V1/negative_examples/cloudy/cloudy_0089.jpg,/Users/nesar/VS/V1/Multi-class Weather Dataset/Cloudy/cloudy206.jpg,cloudy,3,Overcast/cloudy,True,
/Users/nesar/VS/V1/negative_examples/cloudy/cloudy_0090.jpg,/Users/nesar/VS/V1/Multi-class Weather Dataset/Cloudy/cloudy68.jpg,cloudy,3,Overcast/cloudy,True,
/Users/nesar/VS/V1/negative_examples/cloudy/cloudy_0091.jpg,/Users/nesar/VS/V1/Multi-class Weather Dataset/Cloudy/cloudy88.jpg,cloudy,3,Overcast/cloudy,True,
/Users/nesar/VS/V1/negative_examples/cloudy/cloudy_0092.jpg,/Users/nesar/VS/V1/Multi-class Weather Dataset/Cloudy/cloudy77.jpg,cloudy,3,Overcast/cloudy,True,
/Users/nesar/VS/V1/negative_examples/cloudy/cloudy_0093.jpg,/Users/nesar/VS/V1/Multi-class Weather Dataset/Cloudy/cloudy36.jpg,cloudy,3,Overcast/cloudy,True,
/Users/nesar/VS/V1/negative_examples/cloudy/cloudy_0094.jpg,/Users/nesar/VS/V1/Multi-class Weather Dataset/Cloudy/cloudy112.jpg,cloudy,3,Overcast/cloudy,True,
/Users/nesar/VS/V1/negative_examples/cloudy/cloudy_0095.jpg,/Users/nesar/VS/V1/Multi-class Weather Dataset/Cloudy/cloudy287.jpg,cloudy,3,Overcast/cloudy,True,
/Users/nesar/VS/V1/negative_examples/cloudy/cloudy_0096.jpg,/Users/nesar/VS/V1/Multi-class Weather Dataset/Cloudy/cloudy192.jpg,cloudy,3,Overcast/cloudy,True,
/Users/nesar/VS/V1/negative_examples/cloudy/cloudy_0097.jpg,/Users/nesar/VS/V1/Multi-class Weather Dataset/Cloudy/cloudy191.jpg,cloudy,3,Overcast/cloudy,True,
/Users/nesar/VS/V1/negative_examples/cloudy/cloudy_0098.jpg,/Users/nesar/VS/V1/Multi-class Weather Dataset/Cloudy/cloudy276.jpg,cloudy,3,Overcast/cloudy,True,
/Users/nesar/VS/V1/negative_examples/cloudy/cloudy_0099.jpg,/Users/nesar/VS/V1/Multi-class Weather Dataset/Cloudy/cloudy248.jpg,cloudy,3,Overcast/cloudy,True,
/Users/nesar/VS/V1/negative_examples/cloudy/cloudy_0100.jpg,/Users/nesar/VS/V1/Multi-class Weather Dataset/Cloudy/cloudy18.jpg,cloudy,3,Overcast/cloudy,True,
/Users/nesar/VS/V1/negative_examples/cloudy/cloudy_0101.jpg,/Users/nesar/VS/V1/Multi-class Weather Dataset/Cloudy/cloudy140.jpg,cloudy,3,Overcast/cloudy,True,
/Users/nesar/VS/V1/negative_examples/cloudy/cloudy_0102.jpg,/Users/nesar/VS/V1/Multi-class Weather Dataset/Cloudy/cloudy139.jpg,cloudy,3,Overcast/cloudy,True,
/Users/nesar/VS/V1/negative_examples/cloudy/cloudy_0103.jpg,/Users/nesar/VS/V1/Multi-class Weather Dataset/Cloudy/cloudy162.jpg,cloudy,3,Overcast/cloudy,True,
/Users/nesar/VS/V1/negative_examples/cloudy/cloudy_0104.jpg,/Users/nesar/VS/V1/Multi-class Weather Dataset/Cloudy/cloudy199.jpg,cloudy,3,Overcast/cloudy,True,
/Users/nesar/VS/V1/negative_examples/cloudy/cloudy_0105.jpg,/Users/nesar/VS/V1/Multi-class Weather Dataset/Cloudy/cloudy169.jpg,cloudy,3,Overcast/cloudy,True,
/Users/nesar/VS/V1/negative_examples/cloudy/cloudy_0106.jpg,/Users/nesar/VS/V1/Multi-class Weather Dataset/Cloudy/cloudy46.jpg,cloudy,3,Overcast/cloudy,True,
/Users/nesar/VS/V1/negative_examples/cloudy/cloudy_0107.jpg,/Users/nesar/VS/V1/Multi-class Weather Dataset/Cloudy/cloudy100.jpg,cloudy,3,Overcast/cloudy,True,
/Users/nesar/VS/V1/negative_examples/cloudy/cloudy_0108.jpg,/Users/nesar/VS/V1/Multi-class Weather Dataset/Cloudy/cloudy182.jpg,cloudy,3,Overcast/cloudy,True,
/Users/nesar/VS/V1/negative_examples/cloudy/cloudy_0109.jpg,/Users/nesar/VS/V1/Multi-class Weather Dataset/Cloudy/cloudy56.jpg,cloudy,3,Overcast/cloudy,True,
/Users/nesar/VS/V1/negative_examples/cloudy/cloudy_0110.jpg,/Users/nesar/VS/V1/Multi-class Weather Dataset/Cloudy/cloudy124.jpg,cloudy,3,Overcast/cloudy,True,
/Users/nesar/VS/V1/negative_examples/cloudy/cloudy_0111.jpg,/Users/nesar/VS/V1/Multi-class Weather Dataset/Cloudy/cloudy283.jpg,cloudy,3,Overcast/cloudy,True,
/Users/nesar/VS/V1/negative_examples/cloudy/cloudy_0112.jpg,/Users/nesar/VS/V1/Multi-class Weather Dataset/Cloudy/cloudy118.jpg,cloudy,3,Overcast/cloudy,True,
/Users/nesar/VS/V1/negative_examples/cloudy/cloudy_0113.jpg,/Users/nesar/VS/V1/Multi-class Weather Dataset/Cloudy/cloudy298.jpg,cloudy,3,Overcast/cloudy,True,
/Users/nesar/VS/V1/negative_examples/cloudy/cloudy_0114.jpg,/Users/nesar/VS/V1/Multi-class Weather Dataset/Cloudy/cloudy156.jpg,cloudy,3,Overcast/cloudy,True,
/Users/nesar/VS/V1/negative_examples/cloudy/cloudy_0115.jpg,/Users/nesar/VS/V1/Multi-class Weather Dataset/Cloudy/cloudy90.jpg,cloudy,3,Overcast/cloudy,True,
/Users/nesar/VS/V1/negative_examples/cloudy/cloudy_0116.jpg,/Users/nesar/VS/V1/Multi-class Weather Dataset/Cloudy/cloudy62.jpg,cloudy,3,Overcast/cloudy,True,
/Users/nesar/VS/V1/negative_examples/cloudy/cloudy_0117.jpg,/Users/nesar/VS/V1/Multi-class Weather Dataset/Cloudy/cloudy79.jpg,cloudy,3,Overcast/cloudy,True,
/Users/nesar/VS/V1/negative_examples/cloudy/cloudy_0118.jpg,/Users/nesar/VS/V1/Multi-class Weather Dataset/Cloudy/cloudy230.jpg,cloudy,3,Overcast/cloudy,True,
/Users/nesar/VS/V1/negative_examples/cloudy/cloudy_0119.jpg,/Users/nesar/VS/V1/Multi-class Weather Dataset/Cloudy/cloudy171.jpg,cloudy,3,Overcast/cloudy,True,
/Users/nesar/VS/V1/negative_examples/night/night_0000.jpg,/Users/nesar/VS/V1/day_night_images/test/night/20151103_041535.jpg,night,5,Night/low-light,True,
/Users/nesar/VS/V1/negative_examples/night/night_0001.jpg,/Users/nesar/VS/V1/day_night_images/training/night/20151102_103048.jpg,night,5,Night/low-light,True,
/Users/nesar/VS/V1/negative_examples/night/night_0002.jpg,/Users/nesar/VS/V1/day_night_images/training/night/20151102_035058.jpg,night,5,Night/low-light,True,
/Users/nesar/VS/V1/negative_examples/night/night_0003.jpg,/Users/nesar/VS/V1/day_night_images/test/night/20151102_031422.jpg,night,5,Night/low-light,True,
/Users/nesar/VS/V1/negative_examples/night/night_0004.jpg,/Users/nesar/VS/V1/day_night_images/training/night/20151102_012049.jpg,night,5,Night/low-light,True,
/Users/nesar/VS/V1/negative_examples/night/night_0005.jpg,/Users/nesar/VS/V1/day_night_images/training/night/20151102_184412.jpg,night,5,Night/low-light,True,
/Users/nesar/VS/V1/negative_examples/night/night_0006.jpg,/Users/nesar/VS/V1/day_night_images/training/night/20151102_014413.jpg,night,5,Night/low-light,True,
/Users/nesar/VS/V1/negative_examples/night/night_0007.jpg,/Users/nesar/VS/V1/day_night_images/training/night/20151108_185603.jpg,night,5,Night/low-light,True,
/Users/nesar/VS/V1/negative_examples/night/night_0008.jpg,/Users/nesar/VS/V1/day_night_images/test/night/20151102_032329.jpg,night,5,Night/low-light,True,
/Users/nesar/VS/V1/negative_examples/night/night_0009.jpg,/Users/nesar/VS/V1/day_night_images/training/night/20151109_003120.jpg,night,5,Night/low-light,True,
/Users/nesar/VS/V1/negative_examples/night/night_0010.jpg,/Users/nesar/VS/V1/day_night_images/test/night/20151101_072507.jpg,night,5,Night/low-light,True,
/Users/nesar/VS/V1/negative_examples/night/night_0011.jpg,/Users/nesar/VS/V1/day_night_images/test/night/20151103_025046.jpg,night,5,Night/low-light,True,
/Users/nesar/VS/V1/negative_examples/night/night_0012.jpg,/Users/nesar/VS/V1/day_night_images/training/night/20151102_010141.jpg,night,5,Night/low-light,True,
/Users/nesar/VS/V1/negative_examples/night/night_0013.jpg,/Users/nesar/VS/V1/day_night_images/test/night/20151102_024045.jpg,night,5,Night/low-light,True,
/Users/nesar/VS/V1/negative_examples/night/night_0014.jpg,/Users/nesar/VS/V1/day_night_images/training/night/20151102_190010.jpg,night,5,Night/low-light,True,
/Users/nesar/VS/V1/negative_examples/night/night_0015.jpg,/Users/nesar/VS/V1/day_night_images/training/night/20151102_182948.jpg,night,5,Night/low-light,True,
/Users/nesar/VS/V1/negative_examples/night/night_0016.jpg,/Users/nesar/VS/V1/day_night_images/training/night/20151102_091934.jpg,night,5,Night/low-light,True,
/Users/nesar/VS/V1/negative_examples/night/night_0017.jpg,/Users/nesar/VS/V1/day_night_images/training/night/20151102_180022.jpg,night,5,Night/low-light,True,
/Users/nesar/VS/V1/negative_examples/night/night_0018.jpg,/Users/nesar/VS/V1/day_night_images/training/night/20151102_181409.jpg,night,5,Night/low-light,True,
/Users/nesar/VS/V1/negative_examples/night/night_0019.jpg,/Users/nesar/VS/V1/day_night_images/training/night/20151102_174442.jpg,night,5,Night/low-light,True,
/Users/nesar/VS/V1/negative_examples/night/night_0020.jpg,/Users/nesar/VS/V1/day_night_images/test/night/20151102_022319.jpg,night,5,Night/low-light,True,
/Users/nesar/VS/V1/negative_examples/night/night_0021.jpg,/Users/nesar/VS/V1/day_night_images/test/night/20151102_051433.jpg,night,5,Night/low-light,True,
/Users/nesar/VS/V1/negative_examples/night/night_0022.jpg,/Users/nesar/VS/V1/day_night_images/test/night/20151103_194033.jpg,night,5,Night/low-light,True,
/Users/nesar/VS/V1/negative_examples/night/night_0023.jpg,/Users/nesar/VS/V1/day_night_images/test/night/20151102_045332.jpg,night,5,Night/low-light,True,
/Users/nesar/VS/V1/negative_examples/night/night_0024.jpg,/Users/nesar/VS/V1/day_night_images/training/night/20151101_112505.jpg,night,5,Night/low-light,True,
/Users/nesar/VS/V1/negative_examples/night/night_0025.jpg,/Users/nesar/VS/V1/day_night_images/test/night/20151105_004106.jpg,night,5,Night/low-light,True,
/Users/nesar/VS/V1/negative_examples/night/night_0026.jpg,/Users/nesar/VS/V1/day_night_images/test/night/20151108_202633.jpg,night,5,Night/low-light,True,
/Users/nesar/VS/V1/negative_examples/night/night_0027.jpg,/Users/nesar/VS/V1/day_night_images/training/night/20151102_181444.jpg,night,5,Night/low-light,True,
/Users/nesar/VS/V1/negative_examples/night/night_0028.jpg,/Users/nesar/VS/V1/day_night_images/training/night/20151102_100102.jpg,night,5,Night/low-light,True,
/Users/nesar/VS/V1/negative_examples/night/night_0029.jpg,/Users/nesar/VS/V1/day_night_images/training/night/20151102_083046.jpg,night,5,Night/low-light,True,
/Users/nesar/VS/V1/negative_examples/night/night_0030.jpg,/Users/nesar/VS/V1/day_night_images/test/night/20151101_230938.jpg,night,5,Night/low-light,True,
/Users/nesar/VS/V1/negative_examples/night/night_0031.jpg,/Users/nesar/VS/V1/day_night_images/training/night/20151102_011408.jpg,night,5,Night/low-light,True,
/Users/nesar/VS/V1/negative_examples/night/night_0032.jpg,/Users/nesar/VS/V1/day_night_images/training/night/20151102_171425.jpg,night,5,Night/low-light,True,
/Users/nesar/VS/V1/negative_examples/night/night_0033.jpg,/Users/nesar/VS/V1/day_night_images/training/night/20151102_180523.jpg,night,5,Night/low-light,True,
/Users/nesar/VS/V1/negative_examples/night/night_0034.jpg,/Users/nesar/VS/V1/day_night_images/test/night/20151102_113052.jpg,night,5,Night/low-light,True,
/Users/nesar/VS/V1/negative_examples/night/night_0035.jpg,/Users/nesar/VS/V1/day_night_images/training/night/20151102_085044.jpg,night,5,Night/low-light,True,
/Users/nesar/VS/V1/negative_examples/night/night_0036.jpg,/Users/nesar/VS/V1/day_night_images/test/night/20151102_050533.jpg,night,5,Night/low-light,True,
/Users/nesar/VS/V1/negative_examples/night/night_0037.jpg,/Users/nesar/VS/V1/day_night_images/training/night/20151102_101940.jpg,night,5,Night/low-light,True,
/Users/nesar/VS/V1/negative_examples/night/night_0038.jpg,/Users/nesar/VS/V1/day_night_images/test/night/20151102_034429.jpg,night,5,Night/low-light,True,
/Users/nesar/VS/V1/negative_examples/night/night_0039.jpg,/Users/nesar/VS/V1/day_night_images/training/night/20151102_010539.jpg,night,5,Night/low-light,True,
/Users/nesar/VS/V1/negative_examples/night/night_0040.jpg,/Users/nesar/VS/V1/day_night_images/test/night/20151101_231132.jpg,night,5,Night/low-light,True,
/Users/nesar/VS/V1/negative_examples/night/night_0041.jpg,/Users/nesar/VS/V1/day_night_images/test/night/20151109_180151.jpg,night,5,Night/low-light,True,
/Users/nesar/VS/V1/negative_examples/night/night_0042.jpg,/Users/nesar/VS/V1/day_night_images/training/night/20151102_084936.jpg,night,5,Night/low-light,True,
/Users/nesar/VS/V1/negative_examples/night/night_0043.jpg,/Users/nesar/VS/V1/day_night_images/training/night/20151102_000151.jpg,night,5,Night/low-light,True,
/Users/nesar/VS/V1/negative_examples/night/night_0044.jpg,/Users/nesar/VS/V1/day_night_images/training/night/20151102_015052.jpg,night,5,Night/low-light,True,
/Users/nesar/VS/V1/negative_examples/night/night_0045.jpg,/Users/nesar/VS/V1/day_night_images/training/night/20151102_090105.jpg,night,5,Night/low-light,True,
/Users/nesar/VS/V1/negative_examples/night/night_0046.jpg,/Users/nesar/VS/V1/day_night_images/training/night/20151102_031134.jpg,night,5,Night/low-light,True,
/Users/nesar/VS/V1/negative_examples/night/night_0047.jpg,/Users/nesar/VS/V1/day_night_images/training/night/20151102_065042.jpg,night,5,Night/low-light,True,
/Users/nesar/VS/V1/negative_examples/night/night_0048.jpg,/Users/nesar/VS/V1/day_night_images/training/night/20151102_220146.jpg,night,5,Night/low-light,True,
/Users/nesar/VS/V1/negative_examples/night/night_0049.jpg,/Users/nesar/VS/V1/day_night_images/test/night/20151105_011128.jpg,night,5,Night/low-light,True,
/Users/nesar/VS/V1/negative_examples/night/night_0050.jpg,/Users/nesar/VS/V1/day_night_images/training/night/20151101_082503.jpg,night,5,Night/low-light,True,
/Users/nesar/VS/V1/negative_examples/night/night_0051.jpg,/Users/nesar/VS/V1/day_night_images/training/night/20151102_062055.jpg,night,5,Night/low-light,True,
/Users/nesar/VS/V1/negative_examples/night/night_0052.jpg,/Users/nesar/VS/V1/day_night_images/training/night/20151116_032330.jpg,night,5,Night/low-light,True,
/Users/nesar/VS/V1/negative_examples/night/night_0053.jpg,/Users/nesar/VS/V1/day_night_images/test/night/20151103_204026.jpg,night,5,Night/low-light,True,
/Users/nesar/VS/V1/negative_examples/night/night_0054.jpg,/Users/nesar/VS/V1/day_night_images/training/night/20151101_085511.jpg,night,5,Night/low-light,True,
/Users/nesar/VS/V1/negative_examples/night/night_0055.jpg,/Users/nesar/VS/V1/day_night_images/training/night/20151102_221039.jpg,night,5,Night/low-light,True,
/Users/nesar/VS/V1/negative_examples/night/night_0056.jpg,/Users/nesar/VS/V1/day_night_images/training/night/20151102_024124.jpg,night,5,Night/low-light,True,
/Users/nesar/VS/V1/negative_examples/night/night_0057.jpg,/Users/nesar/VS/V1/day_night_images/training/night/20151103_031532.jpg,night,5,Night/low-light,True,
/Users/nesar/VS/V1/negative_examples/night/night_0058.jpg,/Users/nesar/VS/V1/day_night_images/test/night/20151103_001525.jpg,night,5,Night/low-light,True,
/Users/nesar/VS/V1/negative_examples/night/night_0059.jpg,/Users/nesar/VS/V1/day_night_images/training/night/20151102_190934.jpg,night,5,Night/low-light,True,
/Users/nesar/VS/V1/negative_examples/night/night_0060.jpg,/Users/nesar/VS/V1/day_night_images/training/night/20151102_052055.jpg,night,5,Night/low-light,True,
/Users/nesar/VS/V1/negative_examples/night/night_0061.jpg,/Users/nesar/VS/V1/day_night_images/test/night/20151105_001113.jpg,night,5,Night/low-light,True,
/Users/nesar/VS/V1/negative_examples/night/night_0062.jpg,/Users/nesar/VS/V1/day_night_images/test/night/20151119_004611.jpg,night,5,Night/low-light,True,
/Users/nesar/VS/V1/negative_examples/night/night_0063.jpg,/Users/nesar/VS/V1/day_night_images/training/night/20151102_014130.jpg,night,5,Night/low-light,True,
/Users/nesar/VS/V1/negative_examples/night/night_0064.jpg,/Users/nesar/VS/V1/day_night_images/test/night/20151103_004533.jpg,night,5,Night/low-light,True,
/Users/nesar/VS/V1/negative_examples/night/night_0065.jpg,/Users/nesar/VS/V1/day_night_images/test/night/20151103_015049.jpg,night,5,Night/low-light,True,
/Users/nesar/VS/V1/negative_examples/night/night_0066.jpg,/Users/nesar/VS/V1/day_night_images/training/night/20151102_210132.jpg,night,5,Night/low-light,True,
/Users/nesar/VS/V1/negative_examples/night/night_0067.jpg,/Users/nesar/VS/V1/day_night_images/training/night/20151102_222225.jpg,night,5,Night/low-light,True,
/Users/nesar/VS/V1/negative_examples/night/night_0068.jpg,/Users/nesar/VS/V1/day_night_images/training/night/20151102_215224.jpg,night,5,Night/low-light,True,
/Users/nesar/VS/V1/negative_examples/night/night_0069.jpg,/Users/nesar/VS/V1/day_night_images/training/night/20151102_072051.jpg,night,5,Night/low-light,True,
/Users/nesar/VS/V1/negative_examples/night/night_0070.jpg,/Users/nesar/VS/V1/day_night_images/training/night/20151102_213129.jpg,night,5,Night/low-light,True,
/Users/nesar/VS/V1/negative_examples/night/night_0071.jpg,/Users/nesar/VS/V1/day_night_images/training/night/20151102_181014.jpg,night,5,Night/low-light,True,
/Users/nesar/VS/V1/negative_examples/night/night_0072.jpg,/Users/nesar/VS/V1/day_night_images/training/night/20151102_021130.jpg,night,5,Night/low-light,True,
/Users/nesar/VS/V1/negative_examples/night/night_0073.jpg,/Users/nesar/VS/V1/day_night_images/training/night/20151102_191409.jpg,night,5,Night/low-light,True,
/Users/nesar/VS/V1/negative_examples/night/night_0074.jpg,/Users/nesar/VS/V1/day_night_images/training/night/20151103_164129.jpg,night,5,Night/low-light,True,
/Users/nesar/VS/V1/negative_examples/night/night_0075.jpg,/Users/nesar/VS/V1/day_night_images/test/night/20151102_080107.jpg,night,5,Night/low-light,True,
/Users/nesar/VS/V1/negative_examples/night/night_0076.jpg,/Users/nesar/VS/V1/day_night_images/training/night/20151102_212235.jpg,night,5,Night/low-light,True,
/Users/nesar/VS/V1/negative_examples/night/night_0077.jpg,/Users/nesar/VS/V1/day_night_images/training/night/20151101_125509.jpg,night,5,Night/low-light,True,
/Users/nesar/VS/V1/negative_examples/night/night_0078.jpg,/Users/nesar/VS/V1/day_night_images/training/night/20151102_055500.jpg,night,5,Night/low-light,True,
/Users/nesar/VS/V1/negative_examples/night/night_0079.jpg,/Users/nesar/VS/V1/day_night_images/training/night/20151102_172222.jpg,night,5,Night/low-light,True,
/Users/nesar/VS/V1/negative_examples/night/night_0080.jpg,/Users/nesar/VS/V1/day_night_images/training/night/20151102_075040.jpg,night,5,Night/low-light,True,
/Users/nesar/VS/V1/negative_examples/night/night_0081.jpg,/Users/nesar/VS/V1/day_night_images/test/night/20151102_025329.jpg,night,5,Night/low-light,True,
/Users/nesar/VS/V1/negative_examples/night/night_0082.jpg,/Users/nesar/VS/V1/day_night_images/test/night/20151102_231527.jpg,night,5,Night/low-light,True,
/Users/nesar/VS/V1/negative_examples/night/night_0083.jpg,/Users/nesar/VS/V1/day_night_images/test/night/20151102_041420.jpg,night,5,Night/low-light,True,
/Users/nesar/VS/V1/negative_examples/night/night_0084.jpg,/Users/nesar/VS/V1/day_night_images/test/night/20151102_200159.jpg,night,5,Night/low-light,True,
/Users/nesar/VS/V1/negative_examples/night/night_0085.jpg,/Users/nesar/VS/V1/day_night_images/test/night/20151102_013807.jpg,night,5,Night/low-light,True,
/Users/nesar/VS/V1/negative_examples/night/night_0086.jpg,/Users/nesar/VS/V1/day_night_images/training/night/20151102_055050.jpg,night,5,Night/low-light,True,
/Users/nesar/VS/V1/negative_examples/night/night_0087.jpg,/Users/nesar/VS/V1/day_night_images/training/night/20151102_182444.jpg,night,5,Night/low-light,True,
/Users/nesar/VS/V1/negative_examples/night/night_0088.jpg,/Users/nesar/VS/V1/day_night_images/test/night/20151102_051130.jpg,night,5,Night/low-light,True,
/Users/nesar/VS/V1/negative_examples/night/night_0089.jpg,/Users/nesar/VS/V1/day_night_images/test/night/20151102_195218.jpg,night,5,Night/low-light,True,
/Users/nesar/VS/V1/negative_examples/night/night_0090.jpg,/Users/nesar/VS/V1/day_night_images/test/night/20151102_073053.jpg,night,5,Night/low-light,True,
/Users/nesar/VS/V1/negative_examples/night/night_0091.jpg,/Users/nesar/VS/V1/day_night_images/test/night/20151101_232014.jpg,night,5,Night/low-light,True,
/Users/nesar/VS/V1/negative_examples/night/night_0092.jpg,/Users/nesar/VS/V1/day_night_images/test/night/20151102_010806.jpg,night,5,Night/low-light,True,
/Users/nesar/VS/V1/negative_examples/night/night_0093.jpg,/Users/nesar/VS/V1/day_night_images/test/night/20151102_004042.jpg,night,5,Night/low-light,True,
/Users/nesar/VS/V1/negative_examples/night/night_0094.jpg,/Users/nesar/VS/V1/day_night_images/training/night/20151102_025054.jpg,night,5,Night/low-light,True,
/Users/nesar/VS/V1/negative_examples/night/night_0095.jpg,/Users/nesar/VS/V1/day_night_images/training/night/20151101_135513.jpg,night,5,Night/low-light,True,
/Users/nesar/VS/V1/negative_examples/night/night_0096.jpg,/Users/nesar/VS/V1/day_night_images/test/night/20151102_001123.jpg,night,5,Night/low-light,True,
/Users/nesar/VS/V1/negative_examples/night/night_0097.jpg,/Users/nesar/VS/V1/day_night_images/training/night/20151102_192221.jpg,night,5,Night/low-light,True,
/Users/nesar/VS/V1/negative_examples/night/night_0098.jpg,/Users/nesar/VS/V1/day_night_images/training/night/20151108_175550.jpg,night,5,Night/low-light,True,
/Users/nesar/VS/V1/negative_examples/night/night_0099.jpg,/Users/nesar/VS/V1/day_night_images/test/night/20151102_011044.jpg,night,5,Night/low-light,True,
