true_aqi,predicted_aqi,fold
324.0,428.8534,3
56.0,93.39454,3
377.0,224.73972,3
245.0,228.14615,3
293.0,255.54883,3
107.8,208.20932,3
106.0,60.663757,3
111.0,92.37941,3
104.4,118.33848,3
161.0,156.46431,3
450.0,261.39038,3
301.0,107.347145,3
47.0,1.7815223,3
71.0,52.646877,3
45.0,84.88278,3
138.6,143.26036,3
156.0,143.00586,3
230.0,237.9183,3
186.3,105.34427,3
309.4,201.59433,3
63.0,62.812077,3
333.2,54.715973,3
101.0,132.74979,3
450.0,319.7419,3
330.2,193.86967,3
20.0,93.53782,3
163.0,114.67152,3
71.0,52.440216,3
404.1,115.49189,3
245.4,157.9119,3
56.0,39.24945,3
412.5,140.2816,3
449.0,148.41,3
496.2,253.79254,3
111.0,82.738976,3
338.6,123.51988,3
429.4,297.13904,3
96.6,123.52364,3
101.0,131.85046,3
36.0,79.57505,3
156.0,97.977104,3
328.6,209.90935,3
223.0,145.07828,3
163.0,129.53711,3
156.0,126.633545,3
21.7,100.349144,3
160.0,113.167946,3
47.0,25.231321,3
167.0,133.74136,3
119.0,109.024315,3
35.0,72.4792,3
158.0,145.35855,3
206.0,172.11125,3
314.8,174.88766,3
386.2,295.21204,3
440.1,273.54315,3
372.0,304.66367,3
342.4,252.87013,3
93.2,238.92136,3
83.1,107.854774,3
319.4,134.34369,3
370.1,386.64258,3
329.4,163.29192,3
363.0,299.7094,3
154.0,150.25415,3
156.0,161.96617,3
156.0,122.93709,3
500.0,89.9387,3
167.0,129.51767,3
56.0,49.805397,3
311.0,195.31161,3
91.0,156.39647,3
293.0,206.14447,3
43.0,66.56574,3
97.0,50.91027,3
357.0,147.11662,3
161.0,130.38394,3
293.0,214.05522,3
47.0,27.906805,3
48.3,213.80643,3
496.2,101.11791,3
143.0,135.00438,3
104.4,61.291405,3
30.0,76.779564,3
73.0,64.11373,3
230.0,173.84668,3
326.3,143.24603,3
324.0,253.97206,3
332.5,241.54845,3
342.4,177.09166,3
430.9,310.36993,3
91.0,99.01232,3
71.3,134.63376,3
230.0,154.7887,3
41.0,59.220284,3
48.0,40.648735,3
43.0,-23.299904,3
86.5,168.86299,3
317.9,253.34573,3
317.9,170.29987,3
91.0,81.13908,3
53.0,58.33715,3
56.0,55.821472,3
328.6,224.75491,3
331.0,185.89505,3
449.0,277.68274,3
449.0,146.28958,3
245.0,249.45059,3
230.0,215.5837,3
402.5,158.19368,3
363.0,216.98395,3
94.9,54.454407,3
317.9,346.47345,3
323.3,271.53107,3
330.9,135.89507,3
281.0,278.43475,3
393.9,180.22604,3
350.1,148.95123,3
124.0,128.84084,3
152.0,204.51692,3
141.0,132.29019,3
429.4,288.55878,3
133.0,154.29733,3
255.6,308.3086,3
62.8,10.4258585,3
49.0,67.73918,3
37.0,45.374928,3
43.0,59.835114,3
73.0,145.50578,3
152.2,128.75188,3
269.3,188.56728,3
293.0,219.79861,3
84.8,148.49306,3
449.0,247.4316,3
162.0,128.88011,3
71.3,151.48032,3
93.2,92.18778,3
281.0,171.03415,3
317.1,100.432,3
269.3,104.31088,3
320.0,296.03815,3
88.2,71.12412,3
54.4,194.2491,3
89.9,214.79033,3
154.0,88.45326,3
343.2,304.95215,3
141.0,155.0676,3
155.6,153.17047,3
103.0,147.89845,3
98.3,60.28881,3
49.0,81.52711,3
98.3,203.6389,3
325.6,202.54651,3
404.1,193.92775,3
89.9,87.4476,3
68.0,58.313644,3
101.0,89.59383,3
340.1,181.7413,3
124.9,142.56924,3
29.0,229.48804,3
37.0,2.3754885,3
156.0,141.07841,3
86.5,100.82072,3
91.0,183.16286,3
500.0,414.1349,3
281.0,310.72403,3
121.0,122.48213,3
154.0,138.2935,3
71.0,42.39614,3
84.8,172.71042,3
496.2,238.18307,3
97.0,91.52298,3
384.7,251.26993,3
106.0,48.463623,3
346.3,121.60021,3
106.0,25.524956,3
331.0,198.9856,3
47.0,31.035542,3
182.0,120.070175,3
32.0,26.989857,3
86.5,145.37866,3
202.0,155.71,3
386.2,304.26898,3
48.3,45.867073,3
324.8,208.2461,3
330.0,126.52471,3
372.0,309.4889,3
104.0,105.6895,3
133.0,203.11334,3
309.4,102.7765,3
118.1,52.167023,3
53.0,55.333668,3
211.2,121.547264,3
230.0,165.80438,3
43.0,66.16764,3
121.0,142.44739,3
328.6,229.64471,3
301.8,218.25539,3
293.0,236.19675,3
91.0,120.60795,3
93.2,163.30606,3
255.6,96.00913,3
76.3,220.45166,3
101.0,115.41028,3
27.0,49.51835,3
43.3,226.86476,3
281.0,261.3439,3
47.0,86.43981,3
329.4,210.99707,3
330.2,181.40466,3
101.0,145.4799,3
68.0,67.9515,3
47.0,49.13396,3
245.4,195.52905,3
37.0,49.29551,3
154.0,139.30597,3
66.2,21.01752,3
94.9,-11.829317,3
162.0,148.10352,3
156.0,129.18524,3
248.8,108.93411,3
426.3,201.23918,3
321.0,308.47766,3
76.3,121.385765,3
370.1,278.40155,3
124.9,167.34007,3
156.0,125.28959,3
158.0,133.41185,3
402.5,140.33583,3
148.8,117.68583,3
204.4,295.13348,3
223.0,196.61374,3
101.0,96.137886,3
293.0,198.69077,3
143.0,143.17111,3
160.0,130.65717,3
68.0,53.49653,3
163.0,144.58278,3
182.0,141.49966,3
230.0,183.24998,3
91.6,58.72158,3
37.0,38.09163,3
92.0,61.672592,3
450.0,249.70319,3
309.4,129.02493,3
103.0,140.88716,3
84.8,229.61203,3
324.8,138.98138,3
320.0,267.84073,3
245.0,305.0991,3
73.0,73.47405,3
360.9,177.93376,3
293.0,271.9515,3
70.0,65.34186,3
102.0,95.51591,3
324.0,152.23215,3
30.0,85.23002,3
30.0,59.37274,3
133.0,186.88295,3
262.4,189.96306,3
141.0,142.8343,3
281.0,256.91962,3
141.0,161.49176,3
289.8,217.6865,3
379.3,309.53534,3
161.0,156.63812,3
141.0,97.59613,3
141.0,141.86838,3
97.0,54.73635,3
333.2,95.39419,3
37.0,52.616203,3
293.2,158.09666,3
199.0,167.72792,3
94.9,49.705566,3
63.0,83.01186,3
141.0,111.74897,3
47.0,37.491714,3
329.4,181.15395,3
101.0,96.66917,3
265.9,146.32507,3
131.7,175.54703,3
268.0,363.00345,3
111.0,76.48875,3
303.3,139.48334,3
324.8,280.04095,3
346.3,-191.77025,3
300.0,173.617,3
152.0,125.89933,3
121.0,129.32762,3
163.0,167.28448,3
141.0,146.82626,3
141.0,136.44257,3
15.0,130.57108,3
333.2,229.9917,3
300.0,207.49147,3
35.0,129.96364,3
318.7,397.90076,3
314.8,234.19247,3
91.0,94.875435,3
135.1,144.78476,3
93.2,94.80485,3
265.9,119.3417,3
130.0,96.61558,3
89.9,18.07267,3
269.3,203.11624,3
73.0,34.03914,3
429.4,169.45357,3
324.0,268.7212,3
48.3,127.8003,3
156.0,132.12515,3
162.0,144.87997,3
106.0,56.41129,3
56.0,113.64982,3
134.0,116.97844,3
496.2,280.6668,3
230.0,177.367,3
137.0,233.66875,3
103.0,100.85081,3
329.4,322.5258,3
201.0,56.529366,3
141.0,121.87502,3
230.0,197.01764,3
281.0,152.30798,3
61.1,31.379425,3
145.4,195.37912,3
230.0,234.08784,3
154.0,143.93848,3
29.0,160.82785,3
20.0,125.4741,3
281.0,298.84174,3
61.1,104.1752,3
242.0,24.28291,3
336.3,147.01944,3
343.2,205.77173,3
128.3,289.67203,3
154.0,153.66382,3
318.7,203.87723,3
384.7,307.42688,3
67.9,151.41812,3
159.0,137.53792,3
268.0,319.2468,3
91.0,101.07204,3
84.8,219.2773,3
56.0,47.25673,3
331.7,165.34625,3
64.5,133.43393,3
31.7,-9.390343,3
160.0,128.60014,3
71.0,39.662323,3
293.0,263.24896,3
331.0,113.611305,3
179.0,154.14114,3
43.0,42.34652,3
47.0,41.90105,3
230.0,200.44722,3
48.3,110.154274,3
121.0,172.6427,3
104.4,278.91827,3
96.6,142.67056,3
313.3,202.24002,3
154.0,151.62088,3
43.0,68.46641,3
131.7,131.17578,3
314.0,235.06554,3
329.4,292.01935,3
214.7,172.27342,3
43.0,58.68157,3
346.3,211.85352,3
281.0,203.69923,3
124.0,101.46375,3
76.3,37.404587,3
38.3,146.82297,3
111.2,302.02084,3
231.7,182.99037,3
136.0,71.6928,3
37.0,57.24149,3
449.0,248.34824,3
365.5,223.33069,3
311.0,112.51921,3
145.0,167.93579,3
52.7,61.6511,3
325.6,326.04254,3
32.0,55.626617,3
324.0,196.77734,3
63.0,118.577126,3
61.1,172.2081,3
141.0,113.96435,3
301.0,156.97302,3
43.0,155.08601,3
27.0,88.87626,3
141.0,155.84404,3
56.0,15.933683,3
199.0,106.13138,3
230.0,184.93028,3
363.0,181.42984,3
284.0,135.0998,3
156.0,174.22731,3
268.0,194.2125,3
282.9,270.82712,3
355.5,372.9182,3
387.0,267.70438,3
371.6,330.4876,3
500.0,280.4701,3
230.0,216.949,3
81.4,123.53031,3
89.9,199.14914,3
230.0,236.61899,3
143.0,126.28988,3
318.7,265.98438,3
103.0,109.29755,3
50.0,30.573557,3
384.7,302.12692,3
363.0,418.65518,3
103.0,172.22348,3
145.4,118.80877,3
133.0,173.68506,3
141.0,127.59078,3
361.6,217.31973,3
131.7,158.83554,3
199.0,113.933655,3
133.0,242.09552,3
300.0,232.35973,3
119.0,95.79425,3
158.0,118.59837,3
59.4,212.92053,3
101.0,122.905624,3
162.0,118.606606,3
89.9,116.96195,3
36.0,25.570034,3
223.0,107.82957,3
396.9,345.33856,3
340.1,172.87048,3
83.1,123.65225,3
327.1,165.73087,3
73.0,95.937004,3
182.0,120.26146,3
89.9,169.72028,3
47.0,61.1041,3
104.0,122.132095,3
370.1,269.3084,3
305.6,389.00662,3
327.1,200.77673,3
207.8,153.47702,3
121.0,216.32356,3
37.0,7.8491926,3
121.0,151.08281,3
327.1,199.36223,3
141.0,140.00461,3
304.8,239.84364,3
334.8,92.7488,3
163.0,135.15266,3
156.0,140.35532,3
43.0,82.86993,3
357.0,118.25545,3
141.0,134.661,3
43.0,58.199394,3
313.3,143.32043,3
363.0,303.50226,3
94.9,208.35596,3
156.0,156.92035,3
135.1,53.127613,3
141.0,139.63852,3
121.0,119.73103,3
73.0,174.29315,3
37.0,44.460045,3
141.0,146.33499,3
38.3,134.15137,3
104.0,112.60277,3
53.0,40.22793,3
70.0,10.518649,3
154.0,184.21344,3
71.0,59.178036,3
141.0,43.332115,3
47.0,53.400124,3
68.0,62.42225,3
430.9,235.78702,3
156.0,153.43379,3
302.5,204.09271,3
238.6,332.33527,3
66.2,70.82972,3
104.0,115.98259,3
36.0,42.934406,3
330.0,173.21893,3
88.2,198.29971,3
182.0,112.26383,3
78.0,135.31927,3
156.0,149.04375,3
382.3,288.8614,3
199.0,100.03469,3
140.0,153.10416,3
331.0,222.59729,3
37.0,55.05731,3
66.2,130.3551,3
328.6,131.7897,3
230.0,235.9956,3
68.0,58.727802,3
43.0,88.35885,3
167.0,111.80467,3
282.9,162.98781,3
156.0,129.40384,3
309.4,165.47113,3
114.7,174.4553,3
333.2,123.82995,3
319.4,127.4244,3
101.0,134.86447,3
78.0,89.65572,3
363.0,303.51178,3
57.8,95.797066,3
48.0,23.374924,3
345.5,241.24527,3
440.1,207.73312,3
138.6,105.96466,3
396.9,363.04272,3
358.6,195.74905,3
306.4,67.391304,3
262.4,181.55159,3
357.0,159.29572,3
73.0,31.14192,3
70.0,24.136364,3
230.0,269.7048,3
262.4,90.31815,3
70.0,39.948204,3
43.0,96.08219,3
342.4,330.615,3
334.8,126.662605,3
404.1,256.26984,3
393.9,281.13593,3
223.0,149.41096,3
230.0,196.52483,3
449.0,219.53065,3
230.0,231.45671,3
73.0,96.31865,3
179.0,203.32748,3
43.0,69.620735,3
386.2,275.23743,3
163.0,123.43832,3
281.0,164.3906,3
101.0,71.93711,3
162.0,125.98363,3
331.0,117.80379,3
141.0,127.393234,3
74.7,206.44095,3
51.0,-1.72627,3
242.0,218.06198,3
13.3,221.53992,3
133.0,202.07976,3
230.0,228.37044,3
330.9,132.57977,3
156.0,108.464485,3
15.0,1.6962903,3
121.0,148.11551,3
300.0,282.61838,3
268.0,371.83176,3
61.1,226.5434,3
133.0,128.0819,3
133.0,270.29892,3
202.0,166.22957,3
84.8,88.52155,3
176.1,107.436554,3
179.0,113.00056,3
141.0,92.987595,3
302.5,243.71878,3
332.5,245.6425,3
111.2,216.43864,3
47.0,24.356901,3
97.0,57.63693,3
119.0,56.890488,3
245.0,411.69305,3
331.0,90.87679,3
29.0,173.27176,3
302.5,138.0509,3
360.1,462.12244,3
141.0,102.983864,3
309.4,120.72619,3
331.0,267.55658,3
245.0,233.5564,3
23.3,77.70506,3
158.0,150.47435,3
156.0,119.094376,3
49.0,70.92884,3
73.0,66.74006,3
334.0,423.4834,3
101.0,137.1675,3
81.4,179.7084,3
309.4,105.507385,3
281.0,183.27798,3
67.9,116.73219,3
141.0,162.439,3
306.4,231.89291,3
158.0,140.82248,3
279.5,150.06161,3
141.0,113.413826,3
342.4,177.4487,3
293.0,277.8731,3
51.0,24.05584,3
255.6,32.754375,3
73.0,54.32592,3
156.0,163.11508,3
252.2,126.9596,3
404.1,164.89948,3
163.0,131.64429,3
293.0,274.25787,3
43.0,25.22734,3
245.0,282.53937,3
399.2,138.67664,3
449.0,132.6291,3
47.0,8.45916,3
86.5,214.33679,3
158.0,152.46805,3
56.0,44.79126,3
71.3,127.43045,3
103.0,136.48666,3
281.0,235.51743,3
182.0,154.93907,3
56.0,63.444565,3
141.0,96.66573,3
56.0,80.6739,3
101.0,100.15624,3
223.0,151.72742,3
320.2,269.8709,3
314.8,102.46689,3
363.0,385.20032,3
29.0,163.37372,3
54.4,127.16605,3
119.0,81.77399,3
324.8,213.26553,3
94.9,36.303223,3
343.2,275.23608,3
293.0,265.7596,3
182.0,159.2797,3
252.2,71.93099,3
103.0,137.16406,3
384.7,300.1996,3
324.0,231.94511,3
91.0,113.28971,3
161.0,109.43502,3
98.3,200.94623,3
48.3,42.272182,3
330.2,151.81708,3
163.0,102.74499,3
160.0,154.66336,3
281.0,297.39264,3
43.0,76.78408,3
311.7,104.38867,3
88.2,280.07047,3
230.0,255.93687,3
151.0,90.04929,3
186.3,143.88235,3
118.1,162.94516,3
307.1,201.19101,3
330.0,329.5791,3
330.2,175.7524,3
119.0,40.82874,3
43.0,101.88769,3
156.0,120.99204,3
293.0,266.74908,3
93.2,36.458893,3
158.0,123.24012,3
304.1,98.44792,3
333.2,136.05258,3
356.3,149.46303,3
124.9,36.629025,3
101.0,118.23739,3
47.0,70.0096,3
345.5,247.99707,3
238.6,84.202644,3
71.3,95.65254,3
331.7,265.65366,3
68.0,71.9056,3
179.0,121.91529,3
91.6,191.37083,3
141.0,129.51187,3
330.0,398.2447,3
47.0,77.58826,3
331.0,286.74625,3
37.0,22.279083,3
377.0,202.54942,3
154.0,109.845924,3
152.2,144.6669,3
91.0,90.33576,3
331.7,315.06378,3
330.2,147.39366,3
284.0,171.25577,3
218.1,132.72205,3
307.1,75.91772,3
100.0,191.09427,3
372.0,343.15433,3
15.0,32.500122,3
111.0,62.43916,3
202.0,169.37201,3
83.1,4.7701273,3
51.0,68.43135,3
64.5,72.24256,3
47.0,4.5627546,3
376.2,191.59656,3
340.1,56.641525,3
301.8,180.02979,3
105.0,88.36845,3
363.9,239.87018,3
76.3,170.71655,3
143.0,130.48065,3
140.0,148.95874,3
332.5,201.08371,3
91.0,111.81283,3
133.0,172.00146,3
449.0,363.522,3
103.0,120.597565,3
404.1,151.554,3
360.1,422.11038,3
51.0,68.44793,3
20.0,120.80447,3
73.0,78.7927,3
101.0,12.747697,3
230.0,243.80765,3
98.3,170.22928,3
337.8,129.63742,3
141.0,162.3647,3
429.4,151.59723,3
49.0,73.2417,3
248.8,101.515686,3
202.0,152.48285,3
121.0,133.68857,3
69.6,212.8656,3
33.3,82.104195,3
71.0,-8.576265,3
141.0,76.38332,3
68.0,45.531807,3
28.3,52.084023,3
156.0,160.97676,3
206.0,114.2313,3
265.9,53.131264,3
238.6,128.82304,3
91.0,86.22422,3
252.2,182.28029,3
154.0,153.71861,3
158.0,157.65933,3
363.9,237.63751,3
141.0,136.44203,3
370.1,266.72888,3
320.0,138.6738,3
162.0,152.7245,3
45.0,125.09076,3
84.8,93.227974,3
307.1,125.76849,3
107.8,152.55226,3
393.1,237.87796,3
97.0,46.432896,3
301.0,198.18411,3
372.0,364.62076,3
145.4,62.32308,3
230.0,225.31892,3
380.0,207.43185,3
363.0,220.21204,3
334.8,153.34772,3
317.1,250.28972,3
133.0,204.12375,3
363.2,412.58453,3
96.6,198.89883,3
334.8,233.27303,3
293.0,241.62735,3
70.0,57.63997,3
103.0,72.31074,3
330.2,147.25304,3
160.0,144.75977,3
386.2,246.23816,3
121.5,70.80256,3
360.9,138.76617,3
130.0,132.3278,3
64.5,64.023865,3
48.3,5.2370768,3
370.1,271.85297,3
449.0,312.41943,3
97.0,17.490143,3
141.0,83.46945,3
230.0,217.89745,3
63.0,92.92207,3
293.2,156.26114,3
84.8,17.037834,3
97.0,47.807434,3
104.4,71.19376,3
45.0,110.5523,3
141.0,121.001915,3
386.2,399.9901,3
141.0,70.71049,3
330.0,251.17535,3
79.7,144.76285,3
305.6,158.59613,3
32.0,33.525677,3
121.0,105.86686,3
196.6,46.187477,3
111.0,76.47102,3
320.0,124.59036,3
362.4,218.65552,3
100.0,76.084724,3
450.9,213.35803,3
186.3,29.80739,3
395.4,169.48395,3
47.0,14.288464,3
279.5,242.35684,3
330.0,266.19202,3
231.7,127.68258,3
105.0,82.94604,3
81.4,123.02442,3
29.0,38.026382,3
29.0,254.26126,3
320.0,227.88863,3
94.9,129.56015,3
202.0,171.29369,3
450.0,410.696,3
121.0,139.6583,3
26.7,132.47205,3
373.1,252.86874,3
43.0,138.16772,3
136.0,55.726875,3
160.0,111.20332,3
37.0,32.555843,3
43.0,9.492446,3
121.0,143.23503,3
255.6,198.57193,3
91.0,115.33501,3
69.6,111.69094,3
224.9,259.16653,3
78.0,182.44307,3
21.7,164.32945,3
382.3,271.18155,3
15.0,35.374977,3
134.0,195.20074,3
36.0,102.1359,3
372.0,233.72769,3
429.4,322.42422,3
223.0,182.2465,3
43.0,49.132797,3
363.0,395.88373,3
71.0,42.474808,3
347.0,151.46243,3
105.0,85.01638,3
107.0,191.27667,3
189.8,91.1636,3
141.0,189.44249,3
36.0,71.383484,3
119.0,92.46819,3
63.0,127.77633,3
363.0,132.79538,3
332.5,430.6993,3
21.7,138.46265,3
91.6,76.054565,3
141.0,96.01441,3
124.0,128.13797,3
293.0,180.62381,3
404.1,268.09512,3
81.4,93.87118,3
230.0,240.2915,3
89.9,-16.37621,3
49.0,71.45386,3
279.5,130.66264,3
372.0,137.25674,3
154.0,149.56296,3
91.0,111.860176,3
199.0,210.04355,3
245.0,267.18585,3
324.8,200.99033,3
11.7,2.1870584,3
160.0,130.75793,3
70.0,28.692822,3
328.6,320.47253,3
148.8,70.46964,3
262.4,222.95346,3
293.2,141.95322,3
207.8,100.61042,3
15.0,73.23771,3
154.0,110.57163,3
151.0,106.09168,3
252.2,391.9832,3
179.0,121.530785,3
363.0,321.0226,3
59.4,44.45221,3
156.0,121.339424,3
230.0,182.74745,3
307.1,128.89102,3
199.0,170.48935,3
156.0,138.91132,3
94.9,64.34998,3
327.1,317.0283,3
73.0,128.7153,3
284.0,151.95047,3
36.7,163.276,3
386.2,320.9043,3
46.7,80.406715,3
327.9,79.99093,3
162.4,199.19809,3
78.0,136.0665,3
337.8,238.38557,3
282.9,115.628914,3
314.8,133.48874,3
138.0,90.89702,3
384.7,307.8025,3
218.1,142.14322,3
140.0,145.03122,3
156.0,136.61427,3
306.4,135.34111,3
52.7,130.49385,3
141.0,140.52216,3
230.0,228.08463,3
500.0,332.98572,3
50.0,33.291473,3
372.0,172.30174,3
330.0,283.28015,3
118.1,25.476229,3
158.0,117.88395,3
103.0,113.86656,3
279.5,165.28824,3
343.2,159.29794,3
311.0,161.53403,3
340.1,137.38927,3
143.0,210.32224,3
43.0,45.11531,3
450.0,344.4062,3
384.7,341.31793,3
100.0,176.68068,3
245.0,275.7066,3
402.5,212.23354,3
163.0,139.78973,3
342.4,276.6134,3
156.0,145.20724,3
230.0,258.6848,3
141.0,150.7533,3
54.4,113.26403,3
300.0,84.94172,3
279.5,162.522,3
352.4,139.79285,3
89.9,101.19376,3
92.0,87.77636,3
141.0,96.16334,3
163.0,135.20087,3
104.4,141.74503,3
54.4,220.52069,3
315.6,186.51196,3
141.0,152.21646,3
305.6,122.64849,3
230.0,255.20264,3
63.0,57.35084,3
46.7,26.725311,3
449.0,250.80435,3
347.0,206.69882,3
91.0,107.86939,3
230.0,260.81604,3
158.0,146.88455,3
161.0,167.92265,3
104.0,148.05038,3
262.4,208.03513,3
179.0,149.95653,3
111.0,72.53787,3
101.0,136.39468,3
114.0,109.45746,3
411.0,263.6964,3
363.0,177.47498,3
500.0,175.06291,3
156.0,185.42203,3
81.4,-5.7790737,3
156.0,153.09337,3
143.0,128.84279,3
380.8,299.88696,3
37.0,48.462227,3
156.0,125.65823,3
248.8,218.748,3
141.0,99.37551,3
18.3,-14.424578,3
48.0,67.24109,3
156.0,210.48233,3
70.0,24.340273,3
48.0,-5.376253,3
141.0,127.20512,3
70.0,22.70348,3
101.0,54.63648,3
156.0,156.82085,3
171.0,153.1915,3
160.0,109.56129,3
104.4,134.301,3
141.0,95.056526,3
223.0,180.23119,3
119.0,117.57268,3
73.0,69.60601,3
337.1,214.75085,3
449.0,247.0294,3
43.3,176.23285,3
103.0,107.43517,3
380.0,287.76413,3
329.4,235.57582,3
88.2,110.66168,3
156.0,155.335,3
309.4,176.2111,3
347.0,141.66135,3
363.0,353.50363,3
159.0,123.33602,3
179.0,186.1647,3
293.0,242.04631,3
91.0,105.85955,3
386.2,348.0774,3
382.3,356.80484,3
316.3,241.01398,3
43.0,124.31635,3
74.7,89.42812,3
334.8,171.2763,3
326.3,121.239494,3
37.0,54.577225,3
63.0,138.51387,3
156.0,127.09141,3
156.0,168.63615,3
363.0,256.50195,3
336.3,123.772514,3
312.5,207.55804,3
281.0,187.90993,3
450.0,445.5697,3
318.7,346.06714,3
487.7,84.3405,3
148.8,69.875114,3
161.0,170.27751,3
449.0,238.71648,3
230.0,191.21555,3
131.7,106.491104,3
319.4,222.69572,3
88.2,65.05558,3
138.0,124.51632,3
131.7,104.38028,3
154.0,136.30794,3
268.0,301.30063,3
145.4,191.22906,3
107.8,201.9195,3
334.8,146.43689,3
27.0,91.84795,3
51.0,108.004005,3
163.0,119.165276,3
104.4,215.13962,3
79.7,61.50459,3
331.0,250.29546,3
73.0,150.00577,3
119.0,36.162926,3
56.1,87.50283,3
78.0,87.84498,3
230.0,251.44293,3
94.9,108.70583,3
342.4,197.4413,3
300.0,75.54818,3
279.5,201.11633,3
252.2,139.73839,3
269.3,202.54301,3
62.8,137.71521,3
138.6,91.36553,3
193.2,145.11235,3
62.8,147.44624,3
330.2,160.86551,3
242.0,173.70306,3
393.9,208.33917,3
363.0,348.7909,3
15.0,103.30448,3
230.0,195.30234,3
156.0,130.80136,3
49.0,66.564835,3
231.7,203.55087,3
141.0,88.308846,3
163.0,166.23543,3
37.0,57.426582,3
189.8,218.1305,3
91.6,47.23329,3
18.3,75.99718,3
370.1,452.0858,3
324.8,220.78012,3
57.8,62.380177,3
363.0,457.1013,3
334.8,229.41544,3
199.0,208.08798,3
500.0,288.65704,3
37.0,19.071712,3
199.0,270.7231,3
328.6,220.08835,3
43.0,144.32124,3
289.8,223.41891,3
320.0,238.37305,3
162.0,145.42026,3
160.0,135.01785,3
390.0,163.31953,3
289.8,116.09391,3
197.0,131.9353,3
78.0,169.79193,3
245.0,209.73465,3
230.0,170.2738,3
88.2,28.776545,3
324.8,203.80481,3
303.3,329.0882,3
111.0,87.5003,3
151.0,123.56794,3
50.0,101.521034,3
38.3,55.284927,3
104.0,63.104317,3
88.2,46.7767,3
68.0,84.015076,3
245.0,268.00592,3
327.1,260.47626,3
320.0,231.0597,3
230.0,192.87457,3
27.0,63.294792,3
73.0,100.44666,3
331.7,133.16753,3
317.9,158.7532,3
91.0,91.76782,3
48.3,146.75757,3
309.4,121.06342,3
325.6,156.05525,3
63.0,62.970764,3
37.0,44.01018,3
179.0,179.18765,3
73.0,43.7507,3
103.0,124.186195,3
68.0,39.909573,3
282.9,157.70421,3
272.7,21.874256,3
141.0,186.05222,3
78.0,88.0756,3
119.0,114.35527,3
16.7,79.25084,3
342.4,157.97954,3
343.2,171.8683,3
29.0,184.02873,3
43.3,30.199762,3
26.7,168.31956,3
230.0,209.22058,3
343.2,261.19873,3
159.0,210.67159,3
56.0,31.04147,3
163.0,134.95398,3
259.0,355.55127,3
121.0,141.66795,3
141.0,35.14006,3
223.0,181.59567,3
160.0,131.70834,3
356.3,242.69781,3
330.2,203.1283,3
329.4,325.75635,3
370.1,123.62319,3
71.0,44.10972,3
156.0,128.576,3
167.0,124.11707,3
98.3,155.06944,3
245.0,446.77765,3
245.0,147.28343,3
145.0,144.65105,3
43.0,121.93812,3
18.3,45.99579,3
496.2,288.03403,3
162.0,108.83106,3
78.0,54.49159,3
100.0,138.4119,3
347.0,58.54523,3
325.6,153.0051,3
79.7,235.287,3
41.7,69.63948,3
133.0,146.55942,3
91.0,132.12173,3
449.0,239.80809,3
337.8,214.00946,3
61.1,33.1285,3
252.2,109.44345,3
88.2,64.827354,3
43.0,58.887184,3
313.3,105.29159,3
230.0,217.39827,3
29.0,127.669106,3
320.0,247.66415,3
105.0,126.955284,3
245.4,100.53232,3
387.0,237.869,3
447.8,107.19018,3
303.3,140.52353,3
311.7,89.42646,3
163.0,125.83553,3
101.0,88.40871,3
79.7,199.06195,3
66.2,66.648186,3
92.0,61.32457,3
41.7,146.17737,3
238.6,186.14255,3
450.0,382.93402,3
268.0,222.06496,3
342.4,259.31836,3
317.1,216.47032,3
230.0,243.75778,3
293.0,236.03299,3
152.2,86.99726,3
335.5,99.61325,3
330.0,272.79974,3
334.8,196.45052,3
259.0,216.23987,3
141.0,165.35045,3
372.0,238.31137,3
301.8,183.58368,3
101.0,131.59734,3
324.0,389.422,3
156.0,155.50485,3
48.0,31.267473,3
223.0,187.2644,3
41.0,60.470974,3
107.8,64.3294,3
377.0,286.12018,3
160.0,118.41427,3
351.7,63.62632,3
309.4,155.5293,3
324.8,169.634,3
29.0,55.989258,3
156.0,137.00162,3
345.5,200.47763,3
311.7,109.58603,3
373.1,105.152504,3
141.0,153.06787,3
158.0,105.277916,3
252.2,130.57095,3
158.0,153.5569,3
223.0,108.6216,3
158.0,140.52405,3
230.0,257.90485,3
230.0,190.28302,3
230.0,209.8064,3
152.0,125.43191,3
304.8,201.06915,3
341.7,294.54422,3
332.5,244.44978,3
199.0,167.58072,3
121.5,106.77006,3
111.0,84.63335,3
124.9,166.14389,3
252.2,216.92285,3
45.0,175.54741,3
354.7,121.26928,3
230.0,179.45699,3
279.5,262.71777,3
141.0,116.27716,3
318.7,250.74246,3
272.7,147.59393,3
50.0,255.59634,3
158.0,148.01001,3
363.0,302.45673,3
78.0,47.84951,3
69.6,169.25426,3
320.0,214.4567,3
308.7,139.8041,3
37.0,10.845293,3
331.7,165.99643,3
158.0,127.13969,3
68.0,55.634796,3
363.0,128.81442,3
53.0,39.93136,3
449.0,152.84402,3
179.0,121.9053,3
235.1,202.49313,3
91.0,135.12482,3
69.6,134.66985,3
73.0,72.25646,3
133.0,165.72464,3
134.0,142.88141,3
230.0,216.6666,3
106.0,42.59919,3
103.0,91.18672,3
78.0,96.733376,3
230.0,267.99536,3
56.0,78.444214,3
245.4,260.54883,3
335.5,247.46304,3
45.0,81.11768,3
351.7,130.97125,3
133.0,164.00545,3
335.5,210.99365,3
118.1,257.74472,3
63.0,78.475655,3
328.6,192.9251,3
330.0,237.20807,3
496.2,334.33673,3
47.0,49.123215,3
101.0,101.87728,3
335.5,188.4697,3
382.3,373.21832,3
156.0,177.99734,3
111.0,134.80704,3
47.0,-10.523464,3
245.0,227.9055,3
68.0,79.89724,3
15.0,97.291374,3
311.0,54.665245,3
40.0,114.39898,3
387.0,157.86041,3
156.0,142.67264,3
141.0,103.98365,3
52.7,20.837112,3
420.2,148.28821,3
432.5,120.528786,3
200.0,113.44472,3
91.0,138.35114,3
223.0,249.87022,3
303.3,298.41214,3
63.0,117.37759,3
43.0,48.07157,3
114.7,125.58827,3
199.0,217.43779,3
73.0,28.938643,3
281.0,265.492,3
301.0,156.55466,3
293.0,239.82454,3
363.0,215.94653,3
335.5,84.81072,3
21.7,76.91125,3
272.7,173.42114,3
48.3,98.704765,3
68.0,22.334854,3
56.0,98.19057,3
89.9,147.95113,3
335.5,130.29813,3
356.3,207.3854,3
386.2,385.98132,3
450.0,399.56262,3
335.5,121.08617,3
248.8,270.51627,3
238.6,255.58783,3
318.7,277.6139,3
301.0,124.177,3
500.0,285.77954,3
334.8,180.48257,3
156.0,103.25614,3
176.1,111.58236,3
47.0,20.084349,3
316.3,196.9455,3
111.0,79.39412,3
328.6,184.27972,3
69.6,59.999264,3
156.0,108.11238,3
128.3,127.23267,3
101.0,122.8267,3
245.0,362.2038,3
103.0,183.66803,3
206.0,118.14324,3
262.4,215.24965,3
289.8,86.17663,3
43.3,103.05407,3
152.0,116.61727,3
324.8,266.1242,3
84.8,147.49127,3
136.0,45.342495,3
56.0,38.156,3
265.9,173.13031,3
161.0,143.05533,3
40.0,65.821785,3
119.0,136.62581,3
131.7,129.47766,3
333.2,246.50223,3
189.8,198.08957,3
335.5,209.34608,3
410.2,250.12242,3
293.0,255.3794,3
304.8,232.92673,3
412.5,313.6004,3
15.0,24.199211,3
302.5,136.75208,3
340.1,213.679,3
63.0,100.31949,3
162.0,132.56712,3
500.0,49.247917,3
15.0,31.377079,3
140.0,159.94861,3
27.0,135.50906,3
43.0,66.32705,3
98.3,40.297478,3
86.5,109.549774,3
206.0,103.364235,3
154.0,149.41225,3
331.7,272.021,3
159.0,203.18423,3
69.6,90.12925,3
45.0,198.89105,3
121.0,106.87672,3
330.0,269.37598,3
252.2,135.93106,3
98.3,260.37607,3
329.4,335.82254,3
51.0,45.368774,3
35.0,247.73463,3
47.0,40.799767,3
83.1,182.82504,3
106.0,72.92499,3
68.0,75.82839,3
304.8,171.93066,3
447.8,111.349976,3
103.0,111.36533,3
223.0,115.61211,3
325.6,296.31003,3
41.7,92.324486,3
32.0,34.38181,3
284.0,168.32318,3
52.7,189.99852,3
104.4,106.39088,3
380.0,380.1078,3
121.5,254.71318,3
81.4,126.29128,3
325.6,158.93546,3
88.2,132.5062,3
66.2,149.2037,3
281.0,280.36053,3
47.0,-27.70391,3
281.0,222.93619,3
104.0,115.83033,3
156.0,141.79028,3
96.6,-1.9196985,3
33.3,105.35552,3
103.0,97.5832,3
313.3,126.949066,3
11.7,45.74882,3
245.0,195.1499,3
155.6,58.9257,3
91.6,55.020287,3
179.0,169.98546,3
51.0,38.50308,3
111.2,118.25446,3
114.7,104.7456,3
145.0,135.8998,3
31.7,156.78172,3
41.0,106.46659,3
179.0,145.22327,3
449.0,365.38235,3
199.0,95.65424,3
245.0,308.35986,3
343.2,229.15237,3
101.0,107.42184,3
47.0,58.221855,3
141.0,138.92157,3
15.0,86.61831,3
156.0,176.46904,3
35.0,22.375195,3
88.2,36.62153,3
141.0,138.51141,3
363.0,357.51804,3
365.5,112.59132,3
245.0,306.9894,3
103.0,107.50554,3
334.8,82.6412,3
48.3,157.62582,3
70.0,28.216469,3
279.5,159.94446,3
330.9,129.87442,3
100.0,162.97794,3
37.0,71.94344,3
420.2,205.63864,3
97.0,63.263336,3
182.0,122.869194,3
161.0,63.11956,3
230.0,224.76822,3
387.0,206.79921,3
223.0,114.87098,3
450.0,368.61334,3
300.0,418.4709,3
230.0,247.07095,3
245.0,174.77142,3
449.0,238.95322,3
93.2,23.19667,3
460.9,378.9974,3
148.8,108.2715,3
182.0,164.10858,3
141.0,100.97987,3
268.0,236.92068,3
281.0,236.94135,3
156.0,129.778,3
141.0,159.86557,3
377.0,213.86328,3
223.0,114.82855,3
71.3,20.318817,3
293.0,263.4923,3
138.6,44.159332,3
248.8,83.70257,3
154.0,142.06664,3
91.0,107.287445,3
92.0,24.78648,3
49.0,69.87194,3
197.0,98.277565,3
163.0,96.88576,3
73.0,42.47749,3
230.0,253.24013,3
106.0,92.774,3
342.4,303.7891,3
134.0,112.07169,3
252.2,127.27024,3
293.0,226.61343,3
341.7,225.5823,3
324.8,225.30078,3
111.0,127.84313,3
390.0,267.86185,3
330.0,330.00427,3
163.0,154.88275,3
252.2,32.04612,3
309.4,100.732765,3
73.0,48.405045,3
179.0,186.77144,3
33.3,70.79473,3
230.0,224.62044,3
97.0,73.80026,3
163.0,144.22673,3
293.0,319.0909,3
363.0,246.13779,3
230.0,229.85788,3
92.0,20.920156,3
162.0,135.01689,3
48.0,30.378052,3
152.0,122.23558,3
327.9,310.2182,3
335.5,203.10544,3
320.0,209.53864,3
161.0,104.02416,3
159.0,112.62245,3
140.0,159.2259,3
363.2,289.94153,3
447.8,185.03854,3
230.0,174.7188,3
268.0,217.1936,3
138.0,135.38196,3
103.0,64.81451,3
68.0,20.255306,3
141.0,108.657005,3
293.0,158.64064,3
331.0,201.44519,3
37.0,41.56783,3
57.8,258.31216,3
286.3,249.8251,3
284.0,177.52722,3
68.0,61.831444,3
86.5,60.00604,3
156.0,106.585106,3
320.0,275.5216,3
160.0,159.87714,3
73.0,114.372635,3
97.0,90.949394,3
47.0,49.476635,3
71.0,26.799065,3
343.2,291.05615,3
57.8,191.62662,3
286.3,212.82837,3
54.4,160.11472,3
135.1,92.12893,3
29.0,111.60102,3
284.0,122.33756,3
138.0,93.01191,3
121.0,106.78303,3
161.0,103.89516,3
114.0,102.15519,3
52.7,170.93039,3
78.0,140.47757,3
337.1,290.00137,3
441.7,230.54489,3
363.0,381.02753,3
337.1,258.5641,3
83.1,133.96161,3
32.0,40.697372,3
248.8,201.13858,3
145.0,141.72815,3
336.3,139.40709,3
230.0,204.04793,3
103.0,111.132126,3
21.7,41.75365,3
52.7,266.3825,3
73.0,22.261791,3
334.8,252.41356,3
333.2,243.78442,3
37.0,69.75041,3
359.3,142.06496,3
496.2,284.1903,3
40.0,18.598797,3
43.0,109.486534,3
156.0,140.05884,3
156.0,174.0842,3
162.0,149.45216,3
309.4,182.50446,3
449.0,194.16458,3
103.0,35.65212,3
336.3,274.92358,3
154.0,94.55925,3
36.7,86.77385,3
245.4,133.10483,3
259.0,142.93611,3
73.0,132.83054,3
35.0,172.34366,3
47.0,29.695425,3
160.0,114.55491,3
121.0,114.041695,3
141.0,128.841,3
307.9,129.1953,3
268.0,340.65482,3
230.0,188.4018,3
363.0,179.2154,3
328.6,207.62387,3
301.0,57.863274,3
154.0,123.64628,3
156.0,144.12102,3
301.8,74.682655,3
41.7,60.48003,3
206.0,157.37048,3
293.0,296.10126,3
156.0,139.85828,3
124.9,193.01904,3
43.0,107.07495,3
230.0,234.55298,3
386.2,362.01846,3
15.0,40.50216,3
54.4,27.505634,3
104.4,95.11936,3
293.0,318.3154,3
200.0,169.80298,3
43.0,82.25655,3
160.0,138.22186,3
124.9,160.62291,3
330.9,137.93512,3
145.4,150.11006,3
154.0,127.203285,3
91.0,118.50289,3
162.0,133.45557,3
141.0,186.42856,3
199.0,136.57684,3
154.0,124.05289,3
296.6,210.39813,3
255.6,260.23483,3
223.0,210.35391,3
141.0,84.82137,3
92.0,44.264854,3
182.0,127.60762,3
363.2,281.26984,3
324.8,101.58402,3
199.0,192.47366,3
269.3,209.57646,3
133.0,163.63995,3
98.3,112.32598,3
279.5,137.0249,3
91.0,134.37039,3
320.0,131.37462,3
182.9,221.32162,3
300.0,176.8147,3
342.4,149.88776,3
162.0,145.55685,3
154.0,147.96448,3
50.0,19.51929,3
343.2,149.71823,3
380.8,348.09235,3
73.0,63.998688,3
245.0,292.7041,3
331.0,83.28147,3
91.6,25.821949,3
134.0,214.94067,3
141.0,134.89986,3
143.0,185.53503,3
314.8,171.65135,3
26.7,170.41269,3
301.0,142.8634,3
48.0,62.53234,3
73.0,41.93414,3
141.0,83.216606,3
46.7,68.97032,3
262.4,161.14236,3
230.0,210.57274,3
272.7,126.55,3
141.0,130.07684,3
337.8,207.8104,3
43.0,-7.1969824,3
143.0,147.16367,3
91.6,89.962006,3
160.0,171.68091,3
496.2,267.09464,3
199.0,103.17199,3
159.0,39.323357,3
230.0,187.02437,3
68.0,22.114674,3
314.0,278.89,3
293.0,291.13855,3
103.0,87.06347,3
114.7,90.64712,3
47.0,23.45733,3
386.2,245.2055,3
96.6,149.59547,3
104.0,99.81639,3
230.0,229.4676,3
94.9,75.231316,3
64.5,100.680374,3
218.1,39.982624,3
158.0,177.02908,3
323.3,109.50381,3
47.0,5.928155,3
182.0,128.48451,3
372.0,184.09883,3
450.0,389.27066,3
446.3,192.41269,3
199.0,218.79826,3
357.0,77.301384,3
156.0,130.76622,3
281.0,209.83264,3
103.0,80.48993,3
337.8,299.32782,3
314.8,169.88284,3
269.3,115.404915,3
103.0,78.94103,3
78.0,175.1807,3
105.0,79.147255,3
36.7,56.703808,3
70.0,32.421124,3
269.3,216.44386,3
322.5,25.50145,3
121.5,165.86731,3
154.0,140.11185,3
325.6,200.24902,3
91.0,99.52127,3
245.0,133.24887,3
327.1,178.14354,3
91.0,131.54094,3
281.0,227.50613,3
301.0,249.8991,3
372.0,307.5097,3
37.0,56.00637,3
441.7,319.50427,3
69.6,73.483955,3
93.2,50.72458,3
48.3,102.417564,3
89.9,154.70134,3
347.0,179.41449,3
67.9,117.70173,3
103.0,48.98437,3
91.0,98.2255,3
324.8,115.870094,3
49.0,84.73258,3
158.0,144.74997,3
138.0,99.61383,3
245.0,291.94525,3
138.0,125.20847,3
299.0,187.40378,3
111.0,63.28133,3
301.8,235.85324,3
314.8,123.89694,3
330.9,145.97633,3
49.0,82.35943,3
56.0,52.566483,3
47.0,51.058502,3
363.0,264.04108,3
5.0,110.97306,3
326.3,201.51526,3
49.0,101.1607,3
328.6,171.9018,3
331.0,76.95653,3
78.0,74.724724,3
52.7,78.85357,3
154.0,120.76121,3
265.9,27.18312,3
136.0,88.20263,3
357.8,300.50037,3
259.0,194.94662,3
223.0,116.00908,3
121.0,126.30224,3
141.0,113.19527,3
323.3,83.04546,3
380.0,329.51318,3
91.0,103.76691,3
179.5,140.60416,3
460.1,395.4298,3
86.5,75.15964,3
50.0,151.38959,3
279.5,262.96298,3
124.0,122.89773,3
238.6,160.19318,3
76.3,190.63278,3
101.0,112.169846,3
160.0,165.87387,3
36.0,12.840052,3
383.1,310.4873,3
21.7,53.118057,3
245.4,136.79721,3
327.9,127.85999,3
320.0,189.81912,3
118.1,142.12349,3
48.3,99.086494,3
281.0,243.60889,3
156.0,205.6737,3
101.0,63.80767,3
25.0,209.95724,3
114.0,127.037865,3
450.0,323.0546,3
269.3,139.40955,3
51.0,45.567966,3
245.4,174.27368,3
230.0,228.03903,3
324.8,196.03403,3
104.4,215.82306,3
71.3,87.895,3
496.2,319.19244,3
47.0,-2.8095305,3
449.0,-31.107098,3
48.3,54.627235,3
133.0,213.31042,3
141.0,81.616806,3
315.6,197.37155,3
160.0,125.41581,3
324.0,158.91493,3
98.3,172.57556,3
63.0,113.21583,3
47.0,57.262566,3
156.0,130.5065,3
230.0,246.14423,3
320.0,271.03317,3
223.0,200.70566,3
172.7,53.569492,3
331.0,97.76978,3
165.9,225.67548,3
160.0,126.71548,3
128.3,94.40635,3
160.0,95.64723,3
356.3,196.53105,3
15.0,52.84324,3
56.0,80.06791,3
121.0,129.37534,3
78.0,121.05161,3
324.0,197.34003,3
449.0,416.13165,3
223.0,197.51955,3
92.0,68.46023,3
156.0,121.03431,3
47.0,27.4947,3
302.5,136.09735,3
336.3,164.55975,3
324.8,241.3322,3
37.0,43.569885,3
79.7,53.77409,3
363.0,431.64847,3
309.4,241.78595,3
111.2,104.9082,3
89.9,69.15702,3
363.0,455.10742,3
329.4,180.04108,3
52.7,16.417315,3
124.9,29.301636,3
156.0,134.12552,3
334.0,112.27476,3
311.7,170.14906,3
51.0,49.316742,3
124.0,140.43369,3
272.7,158.04796,3
304.8,178.71033,3
356.3,237.3724,3
163.0,146.59116,3
52.7,189.73282,3
37.0,60.87058,3
248.8,192.86436,3
245.0,237.48589,3
223.0,114.76387,3
329.4,137.0729,3
193.2,101.72317,3
351.7,104.53725,3
152.2,157.04037,3
41.7,229.29822,3
335.5,178.81705,3
152.0,156.81702,3
230.0,236.93376,3
37.0,29.956978,3
45.0,74.165306,3
41.0,59.668133,3
269.3,246.06116,3
315.6,160.06837,3
41.0,69.40439,3
68.0,-2.0884817,3
245.0,327.52237,3
343.2,223.29834,3
235.1,157.18132,3
138.0,135.22273,3
70.0,59.324333,3
410.2,169.75937,3
138.6,102.06608,3
412.5,279.62408,3
265.9,179.38173,3
16.7,153.7196,3
91.6,57.958603,3
41.0,69.182274,3
43.0,69.52681,3
43.0,70.15534,3
141.0,161.405,3
269.3,157.88126,3
106.0,9.195024,3
100.0,293.22003,3
43.0,48.542465,3
73.0,65.8213,3
53.0,21.792038,3
106.0,47.93236,3
156.0,141.01114,3
449.0,114.53166,3
325.6,311.5039,3
304.8,163.73444,3
357.8,161.81284,3
141.0,158.94789,3
156.0,136.1773,3
119.0,89.67874,3
48.3,103.50556,3
301.8,138.88625,3
160.0,152.55347,3
312.5,154.59842,3
330.2,254.10237,3
103.0,95.97144,3
342.4,306.69067,3
300.0,167.67448,3
386.2,108.970055,3
145.4,137.27951,3
68.0,36.107082,3
335.5,57.579605,3
107.8,121.3068,3
101.0,100.28333,3
37.0,43.74591,3
107.0,163.49738,3
323.3,328.00592,3
152.0,164.57611,3
18.3,138.9003,3
103.0,43.850105,3
245.4,52.07277,3
71.0,38.1609,3
47.0,2.8117974,3
158.0,129.03253,3
121.0,145.33322,3
289.8,149.20576,3
111.0,75.55613,3
309.4,102.97928,3
43.3,235.42505,3
500.0,80.46557,3
299.0,192.59085,3
163.0,115.17713,3
25.0,65.58761,3
133.0,231.33243,3
158.0,161.48715,3
302.5,136.02094,3
324.8,250.79913,3
330.0,181.5822,3
202.0,178.14362,3
160.0,123.65537,3
100.0,138.04218,3
53.0,32.992416,3
43.3,240.69995,3
245.0,253.36768,3
363.9,351.75476,3
107.0,124.08703,3
230.0,209.28502,3
154.0,179.96588,3
43.0,68.73133,3
21.7,146.14853,3
281.0,207.3229,3
156.0,139.58385,3
230.0,163.53888,3
330.0,254.19028,3
47.0,38.176804,3
130.0,75.705734,3
50.0,42.652943,3
163.0,124.72106,3
318.7,145.7486,3
91.6,112.20662,3
56.0,83.83556,3
154.0,150.80652,3
293.0,362.85675,3
97.0,95.46197,3
66.2,120.174355,3
156.0,142.47491,3
319.4,135.20819,3
372.0,135.58356,3
293.0,207.13231,3
86.5,238.4604,3
289.8,159.91617,3
314.8,77.00483,3
124.9,141.06421,3
230.0,171.62454,3
103.0,143.98697,3
135.1,123.046,3
272.7,273.70123,3
31.7,123.00497,3
496.2,283.3631,3
47.0,-24.18732,3
141.0,136.19843,3
54.4,47.93476,3
154.0,158.44551,3
230.0,212.13129,3
383.1,203.57437,3
238.6,120.74674,3
47.0,32.937683,3
334.8,231.22253,3
118.1,131.92058,3
47.0,16.530853,3
162.0,141.93843,3
78.0,-24.554579,3
97.0,88.096405,3
380.0,206.79921,3
155.6,195.42885,3
138.6,149.6318,3
293.0,288.55035,3
103.0,98.15542,3
230.0,193.83482,3
358.6,219.81366,3
163.0,124.00466,3
43.0,144.10712,3
74.7,234.32898,3
98.3,133.7476,3
317.9,195.55658,3
103.0,97.55027,3
162.4,-56.94317,3
386.2,243.419,3
98.3,161.15605,3
259.0,198.93288,3
154.0,155.87978,3
63.0,120.75039,3
500.0,203.12502,3
101.0,134.23401,3
91.0,102.42118,3
370.1,251.90956,3
311.7,156.19153,3
382.3,380.31433,3
111.0,91.50805,3
26.7,169.64044,3
106.0,55.700207,3
268.0,272.79715,3
68.0,39.97014,3
276.1,53.835228,3
324.8,241.44385,3
331.0,154.38632,3
389.3,405.88138,3
163.0,138.83678,3
46.7,109.29882,3
324.8,135.93924,3
340.1,42.11693,3
230.0,242.32152,3
154.0,180.0099,3
337.8,377.32547,3
306.4,139.02512,3
357.0,143.51956,3
56.1,105.373924,3
337.1,256.76764,3
372.0,334.4753,3
197.0,136.74767,3
268.0,247.7549,3
167.0,126.603676,3
141.0,117.12933,3
47.0,32.727234,3
182.0,168.64294,3
43.0,58.654404,3
386.2,329.51318,3
103.0,82.757515,3
92.0,56.694717,3
450.0,324.7386,3
154.0,131.87344,3
100.0,124.88756,3
333.2,203.1576,3
450.0,319.02438,3
281.0,159.16513,3
358.6,277.40945,3
154.0,146.09177,3
329.4,230.37668,3
363.0,181.6632,3
230.0,178.53622,3
324.8,167.27061,3
305.6,111.870125,3
317.9,205.20438,3
167.0,140.39597,3
182.0,128.4732,3
268.0,293.43848,3
156.0,127.41457,3
103.0,108.644005,3
15.0,65.85671,3
163.0,136.6408,3
94.9,57.181545,3
103.0,189.13794,3
317.9,67.063126,3
450.0,288.3097,3
334.8,252.67847,3
323.3,-70.53187,3
111.2,207.7191,3
56.0,75.814415,3
158.0,152.1684,3
331.0,226.9219,3
51.0,50.137405,3
159.0,138.38696,3
441.7,246.99911,3
103.0,116.29108,3
327.9,307.04126,3
182.9,205.4025,3
47.0,46.567886,3
334.8,463.0412,3
182.9,252.67238,3
64.5,101.49706,3
269.3,245.41275,3
101.0,118.9378,3
141.0,146.99811,3
330.2,220.23889,3
374.7,241.71649,3
447.8,194.80757,3
500.0,85.967476,3
362.4,259.08282,3
145.0,154.90543,3
111.2,136.48653,3
130.0,112.6973,3
255.6,141.54587,3
118.1,178.53857,3
51.0,270.11115,3
314.8,54.534237,3
101.0,88.21804,3
372.0,386.40283,3
331.0,114.303535,3
28.3,109.43951,3
337.1,127.48402,3
331.0,238.78888,3
159.0,120.57032,3
43.0,82.35606,3
370.1,164.48761,3
141.0,121.980865,3
342.4,201.38284,3
101.0,106.81894,3
235.1,165.72992,3
284.0,153.20909,3
303.3,128.90448,3
76.3,84.92147,3
230.0,211.75427,3
272.7,140.80411,3
86.5,106.01116,3
43.0,79.94293,3
145.0,148.1288,3
377.0,214.88948,3
138.0,113.83841,3
32.0,59.092392,3
121.0,170.26074,3
304.8,240.3819,3
269.3,106.49459,3
324.8,178.24307,3
156.0,147.74635,3
230.0,259.6314,3
344.0,161.65422,3
339.4,160.81256,3
214.7,156.99591,3
179.0,210.35191,3
93.2,118.263405,3
232.0,220.29413,3
199.0,198.19637,3
135.1,112.8473,3
281.0,261.23795,3
281.0,276.47296,3
141.0,156.11145,3
314.8,210.49725,3
101.0,95.90092,3
37.0,47.78716,3
328.6,283.12488,3
89.9,146.77057,3
91.0,108.453926,3
43.0,90.76508,3
328.6,215.84175,3
32.0,29.86684,3
29.0,126.12316,3
43.0,39.864784,3
138.0,100.00445,3
156.0,133.25421,3
159.0,170.99666,3
64.5,194.63423,3
111.0,79.50288,3
37.0,33.859283,3
342.4,272.30643,3
76.3,272.9065,3
279.5,353.79865,3
307.1,-1.4913552,3
101.0,146.49742,3
54.4,105.196495,3
91.0,137.57635,3
450.0,323.5256,3
404.8,88.03986,3
343.2,242.49438,3
309.4,142.38177,3
197.0,135.69742,3
156.0,137.92316,3
63.0,167.64182,3
357.0,168.49168,3
500.0,256.4444,3
56.0,89.09646,3
37.0,63.142178,3
33.3,89.8537,3
337.8,234.02275,3
326.3,46.048004,3
330.0,156.34302,3
121.5,99.12689,3
160.0,132.121,3
449.0,224.96805,3
323.3,197.54529,3
230.0,204.5221,3
156.0,135.83925,3
86.5,181.41733,3
156.0,152.73476,3
330.0,300.38644,3
141.0,120.87657,3
84.8,144.03113,3
124.0,142.97581,3
160.0,137.16934,3
281.0,260.53952,3
141.0,264.3369,3
154.0,151.51321,3
265.9,259.48535,3
156.0,116.13436,3
101.0,81.19738,3
56.0,78.23246,3
91.0,117.92554,3
163.0,113.12508,3
309.4,140.84744,3
91.0,142.78705,3
36.0,26.35011,3
57.8,96.90735,3
163.0,119.87785,3
284.0,138.14917,3
245.0,282.12408,3
363.0,177.39258,3
202.0,187.97903,3
230.0,225.98715,3
329.4,157.59659,3
156.0,166.64505,3
91.0,136.97758,3
199.0,102.27665,3
199.0,214.56299,3
341.7,283.95953,3
152.2,164.86896,3
83.1,112.05052,3
370.1,463.9001,3
114.0,110.6895,3
104.4,144.84653,3
91.0,96.75651,3
386.2,387.07538,3
329.4,59.401054,3
284.0,144.60313,3
15.0,35.36801,3
320.0,220.68314,3
449.0,240.13876,3
50.0,238.61597,3
106.0,36.94272,3
156.0,155.64563,3
79.7,138.0617,3
330.0,191.6426,3
363.9,244.32285,3
245.0,236.36282,3
102.0,51.611233,3
289.8,133.55737,3
54.4,161.61792,3
262.4,154.97545,3
307.9,79.07505,3
331.0,293.72974,3
281.0,237.751,3
304.1,161.88112,3
363.0,284.75006,3
338.6,210.23685,3
301.8,198.72278,3
259.0,151.54138,3
101.0,110.820564,3
321.0,266.79858,3
163.0,140.504,3
154.0,102.23029,3
279.5,196.04085,3
197.0,115.34876,3
289.8,209.9367,3
50.0,150.63248,3
199.0,105.41314,3
223.0,159.40479,3
303.3,144.77196,3
360.1,288.20087,3
293.0,271.64478,3
330.9,207.05814,3
341.7,270.69348,3
111.2,178.18604,3
131.7,190.07602,3
343.2,224.65872,3
162.0,144.352,3
363.0,355.0442,3
131.7,45.655544,3
131.7,212.19359,3
160.0,124.889755,3
314.8,88.84657,3
104.0,88.76298,3
141.0,97.463326,3
94.9,45.165375,3
54.4,182.31776,3
141.0,170.15707,3
345.5,117.26479,3
15.0,55.794693,3
242.0,75.11788,3
230.0,176.1904,3
331.0,234.45616,3
104.0,117.8981,3
363.0,333.55493,3
133.0,156.57718,3
74.7,158.18533,3
56.1,141.6068,3
45.0,70.41975,3
106.0,67.47668,3
160.0,113.16559,3
242.0,147.08997,3
387.0,246.52798,3
284.0,172.72293,3
235.1,153.44086,3
158.0,177.85704,3
156.0,136.26794,3
47.0,31.720005,3
158.0,169.45706,3
30.0,85.91004,3
141.0,93.61614,3
357.0,159.26807,3
71.3,29.80758,3
279.5,139.21985,3
47.0,22.262775,3
457.8,440.46106,3
214.7,125.591385,3
141.0,161.70721,3
141.0,176.405,3
38.3,54.34023,3
141.0,75.01787,3
141.0,125.18224,3
62.8,269.9065,3
133.0,175.78972,3
61.1,209.43927,3
182.0,159.22055,3
141.0,116.03201,3
286.3,262.63065,3
230.0,239.85056,3
142.0,91.46015,3
158.0,134.53825,3
119.0,77.31675,3
230.0,200.02353,3
91.0,76.55954,3
141.0,137.55743,3
342.4,146.63158,3
223.0,165.71547,3
76.3,129.16382,3
223.0,120.30332,3
76.3,87.10685,3
158.0,97.02437,3
211.2,182.25705,3
450.0,211.70807,3
259.0,210.64952,3
84.8,216.58736,3
106.0,30.463434,3
344.0,190.97906,3
79.7,133.35219,3
43.0,-19.568626,3
118.1,81.219696,3
323.3,213.2054,3
171.0,154.27829,3
141.0,117.04944,3
404.1,196.08318,3
230.0,181.26733,3
372.0,347.1922,3
162.0,145.36313,3
363.0,448.75702,3
343.2,248.61095,3
182.0,174.77692,3
70.0,49.35298,3
410.2,82.648026,3
103.0,122.18747,3
158.0,136.8807,3
182.0,133.75664,3
289.8,158.48575,3
97.0,42.59337,3
131.7,102.825874,3
158.0,127.476585,3
276.1,228.70786,3
206.0,170.97464,3
111.0,184.3693,3
228.3,188.99908,3
500.0,208.92453,3
119.0,108.22746,3
21.7,37.10236,3
450.0,317.59567,3
284.0,204.04782,3
334.0,371.4561,3
158.0,133.51624,3
309.4,101.90563,3
303.3,114.088905,3
141.0,124.87678,3
160.0,120.250435,3
104.0,118.22394,3
242.0,140.2811,3
73.0,82.533,3
57.8,62.904152,3
131.7,133.18861,3
145.0,134.86362,3
37.0,54.76056,3
429.4,236.908,3
235.1,126.93386,3
269.3,221.38072,3
104.0,101.569756,3
330.9,129.08044,3
282.9,199.22913,3
214.7,137.94086,3
101.0,191.99059,3
27.0,8.237182,3
363.0,275.00134,3
31.7,132.17416,3
47.0,15.258217,3
98.3,100.96138,3
52.7,114.12032,3
343.2,263.70197,3
91.0,96.60972,3
49.0,85.77178,3
138.6,44.452164,3
327.1,290.73312,3
103.0,130.95807,3
284.0,145.62552,3
156.0,143.4661,3
163.0,93.66581,3
206.0,114.34397,3
160.0,157.1739,3
40.0,-56.044327,3
276.1,308.3086,3
84.8,144.81133,3
230.0,163.46269,3
51.0,58.374905,3
293.2,148.53712,3
201.0,120.99703,3
52.7,103.30248,3
235.1,227.98373,3
13.3,65.73161,3
91.0,116.1238,3
43.3,108.3934,3
25.0,113.8588,3
363.0,241.37604,3
63.0,69.424515,3
330.2,145.78146,3
158.0,113.42837,3
293.0,176.2077,3
314.8,35.81207,3
341.7,266.27368,3
189.8,53.323196,3
140.0,150.13907,3
133.0,163.68945,3
156.0,115.25254,3
151.0,106.97541,3
304.1,215.67056,3
268.0,277.18393,3
449.0,216.08762,3
91.0,172.37802,3
340.1,136.41318,3
118.1,135.64836,3
360.1,231.1461,3
496.2,223.98581,3
156.0,132.0864,3
152.0,130.53357,3
119.0,89.88682,3
158.0,133.32915,3
326.3,411.37372,3
162.0,141.41629,3
329.4,182.6132,3
262.4,189.4841,3
302.5,230.87683,3
328.6,258.15512,3
78.0,113.76069,3
284.0,145.96626,3
56.1,86.963585,3
96.6,42.78421,3
330.9,200.81091,3
343.2,233.5502,3
429.4,312.1405,3
91.0,112.338264,3
331.0,229.78973,3
91.6,130.72507,3
124.0,117.337456,3
320.0,231.58441,3
281.0,299.48154,3
47.0,62.27639,3
103.0,78.32798,3
67.9,89.43986,3
363.0,395.37704,3
496.2,242.7002,3
98.3,23.023792,3
335.5,230.94601,3
238.6,148.48297,3
92.0,69.89731,3
49.0,57.63764,3
335.5,68.75674,3
335.5,18.07239,3
159.0,137.21002,3
160.0,124.775444,3
223.0,189.22841,3
92.0,75.810005,3
84.8,87.07545,3
156.0,141.53952,3
100.0,74.403175,3
293.0,205.71536,3
41.0,75.48402,3
37.0,26.162233,3
230.0,269.86136,3
260.0,-108.8713,3
500.0,145.9972,3
179.0,214.80904,3
230.0,193.7178,3
165.9,196.15884,3
26.7,96.4128,3
268.0,260.82843,3
363.2,154.41995,3
98.3,169.88834,3
105.0,86.040344,3
36.0,71.603485,3
141.0,137.56557,3
76.3,92.62386,3
230.0,213.48572,3
140.0,143.05432,3
143.0,157.0924,3
223.0,193.7278,3
101.0,87.74712,3
145.4,286.85376,3
88.2,29.300823,3
491.6,171.10114,3
160.0,176.8685,3
104.0,83.308846,3
299.0,112.42211,3
199.0,197.82742,3
101.0,44.12272,3
49.0,66.84392,3
293.0,233.16322,3
56.0,53.570057,3
51.0,120.65349,3
230.0,164.07834,3
158.0,137.21375,3
450.0,374.2209,3
182.0,104.02671,3
59.4,102.91943,3
68.0,9.417984,3
73.0,46.723534,3
47.0,39.991985,3
281.0,183.02258,3
141.0,134.46063,3
91.6,135.85666,3
101.0,71.860596,3
333.2,182.26788,3
73.0,79.95081,3
176.1,33.829155,3
259.0,119.37104,3
156.0,108.700615,3
124.0,133.02252,3
104.0,136.18307,3
118.1,192.81256,3
86.5,44.087242,3
262.4,202.16669,3
140.0,148.0245,3
121.0,134.17532,3
281.0,220.36018,3
73.0,50.800262,3
56.0,37.279545,3
404.1,80.011406,3
63.0,64.883705,3
324.8,137.5596,3
329.4,143.92184,3
134.0,146.07007,3
293.0,245.48975,3
341.7,222.2717,3
141.0,99.60467,3
119.0,103.32342,3
235.1,170.38847,3
101.0,158.60867,3
307.1,186.56778,3
230.0,230.20473,3
89.9,45.117077,3
158.0,131.28079,3
37.0,39.525726,3
279.5,153.76439,3
223.0,218.0946,3
84.8,89.34025,3
159.0,152.48077,3
336.3,168.23607,3
326.3,305.65866,3
151.0,104.2416,3
160.0,153.77774,3
31.7,163.86362,3
330.0,220.33707,3
161.0,96.931786,3
393.9,271.83215,3
47.0,88.95412,3
182.0,147.97299,3
130.0,150.77026,3
100.0,118.91836,3
57.8,151.69931,3
265.9,170.24994,3
89.9,121.725624,3
32.0,66.03304,3
259.0,138.54141,3
138.0,114.5813,3
281.0,178.76811,3
71.0,55.100906,3
341.7,274.47607,3
230.0,247.70178,3
330.2,218.18361,3
372.0,329.07593,3
333.2,201.00528,3
104.4,130.43713,3
304.8,187.82506,3
281.0,245.44228,3
107.8,260.76456,3
141.0,135.80573,3
162.0,123.661415,3
46.7,58.95768,3
141.0,139.66023,3
286.3,250.07819,3
88.2,46.962868,3
230.0,255.16821,3
500.0,228.29407,3
386.2,351.45032,3
272.7,131.04657,3
121.0,65.10255,3
73.0,89.23958,3
457.8,386.87686,3
327.9,131.38226,3
97.0,68.769165,3
18.3,91.68957,3
121.0,91.6193,3
104.0,114.10729,3
78.0,31.712173,3
103.0,131.00665,3
141.0,163.12822,3
321.0,122.9297,3
158.0,131.02357,3
230.0,171.85194,3
114.7,150.06195,3
135.1,54.579582,3
363.0,335.97018,3
41.7,125.7351,3
111.2,187.79466,3
162.0,123.11111,3
156.0,147.08946,3
496.2,259.1673,3
330.0,386.97113,3
141.0,136.74292,3
133.0,154.56683,3
336.3,250.14288,3
330.9,93.437645,3
124.0,140.76616,3
74.7,41.482735,3
324.8,263.64545,3
98.3,134.86438,3
333.2,134.30356,3
245.0,113.09583,3
124.0,122.83014,3
91.0,105.225296,3
69.6,193.47964,3
100.0,100.37193,3
363.0,454.58847,3
197.0,113.31592,3
156.0,137.37923,3
296.6,225.87259,3
329.4,204.73053,3
199.0,243.24321,3
89.9,27.72466,3
299.0,219.79225,3
162.4,25.554844,3
230.0,201.78806,3
230.0,236.56035,3
449.0,170.18204,3
91.6,55.308426,3
141.0,140.21985,3
106.0,80.224,3
79.7,39.077816,3
74.7,85.51862,3
38.3,209.79587,3
301.8,232.17596,3
89.9,137.94885,3
70.0,55.434002,3
163.0,114.998505,3
449.0,228.0385,3
131.7,243.57242,3
333.2,281.77325,3
26.7,63.906567,3
386.2,379.19858,3
158.0,150.73077,3
235.1,163.40793,3
334.8,76.150276,3
91.6,105.474434,3
32.0,45.46749,3
363.0,296.25183,3
334.8,203.54538,3
91.0,130.28702,3
84.8,174.14954,3
331.0,187.15555,3
73.0,89.00092,3
121.5,80.35966,3
230.0,239.85547,3
293.0,231.98373,3
272.7,200.22458,3
160.0,131.7402,3
160.0,119.11442,3
143.0,166.87582,3
106.0,57.40074,3
43.0,34.174644,3
66.2,-3.868945,3
92.0,42.44933,3
160.0,132.16068,3
429.4,257.96017,3
335.5,205.90067,3
119.0,48.346184,3
130.0,78.36657,3
324.8,128.72617,3
329.4,202.97685,3
363.0,277.28848,3
450.0,378.68732,3
98.3,117.09475,3
179.0,182.32367,3
380.8,192.05649,3
182.0,130.94897,3
163.0,100.01978,3
163.0,112.23769,3
91.0,108.96482,3
151.0,129.14372,3
155.6,136.81738,3
293.0,296.46362,3
114.0,101.8838,3
15.0,33.994354,3
449.0,195.78125,3
289.8,247.79962,3
46.7,97.77209,3
496.2,261.29492,3
151.0,148.0126,3
265.9,87.746155,3
154.0,128.461,3
28.3,173.6236,3
160.0,128.82101,3
66.2,72.93482,3
371.6,141.71588,3
16.7,217.16461,3
43.0,154.51842,3
36.0,6.8789406,3
29.0,102.15954,3
104.0,135.92033,3
179.0,120.6901,3
94.9,85.780365,3
130.0,122.00645,3
104.0,114.95858,3
43.3,194.6907,3
496.2,254.4773,3
189.8,100.45156,3
450.0,208.9252,3
154.0,157.89874,3
121.5,163.57507,3
163.0,144.5067,3
73.0,107.55999,3
301.8,267.3938,3
248.8,241.47366,3
104.0,119.58582,3
145.0,178.36108,3
121.0,90.56776,3
121.0,125.91488,3
245.0,228.42323,3
245.0,179.59053,3
41.7,38.556786,3
337.8,265.7698,3
119.0,52.79578,3
342.4,156.96744,3
449.0,350.74078,3
324.0,192.91776,3
158.0,147.16347,3
96.6,99.71168,3
40.0,239.12,3
380.0,314.13248,3
43.0,-20.190453,3
158.0,114.88007,3
404.1,269.78778,3
151.0,99.17271,3
500.0,132.6735,3
53.0,57.021362,3
158.0,162.76788,3
31.7,148.21997,3
104.4,73.10584,3
293.0,174.66473,3
491.6,263.64252,3
29.0,112.32789,3
38.3,125.217384,3
152.0,117.714386,3
63.0,90.68599,3
331.7,119.56151,3
141.0,161.62418,3
103.0,62.043205,3
363.0,372.22424,3
124.9,154.85522,3
86.5,47.83391,3
114.7,149.96066,3
89.9,62.78214,3
286.3,166.79938,3
449.0,226.58173,3
330.0,331.95944,3
130.0,89.37704,3
223.0,120.52967,3
449.0,255.26958,3
121.5,69.87359,3
356.3,184.29865,3
281.0,220.87082,3
50.0,156.04814,3
103.0,136.88614,3
152.2,81.31208,3
284.0,189.54291,3
382.3,214.43307,3
81.4,213.38423,3
245.0,255.92285,3
367.0,187.60974,3
218.1,81.699036,3
334.0,209.97612,3
329.4,177.72789,3
223.0,144.56268,3
411.7,114.39888,3
141.0,143.60802,3
204.4,181.83614,3
328.6,202.7307,3
158.0,137.25937,3
343.2,238.8805,3
272.7,283.10388,3
252.2,238.12808,3
386.2,314.13248,3
163.0,153.25504,3
441.7,167.0372,3
35.0,199.68973,3
141.0,106.19375,3
327.1,227.43976,3
281.0,257.1738,3
47.0,51.498425,3
105.0,67.318275,3
53.0,43.465652,3
71.0,39.068367,3
138.6,177.07106,3
158.0,137.46085,3
402.5,178.775,3
223.0,223.45557,3
340.1,194.20007,3
41.7,49.774338,3
152.0,132.48032,3
238.6,295.54193,3
370.1,248.95187,3
449.0,298.12323,3
245.4,113.9753,3
154.0,213.70471,3
293.0,235.30316,3
245.0,344.0477,3
189.8,128.94554,3
245.0,337.44806,3
15.0,60.48554,3
84.8,134.45683,3
51.0,96.00587,3
84.8,126.15922,3
119.0,133.99722,3
15.0,52.331856,3
331.0,213.53406,3
230.0,226.66245,3
104.4,45.59455,3
78.0,212.57326,3
330.0,267.56744,3
360.1,287.81464,3
158.0,120.43484,3
384.7,235.27197,3
63.0,104.64307,3
78.0,121.798485,3
73.0,98.59617,3
41.7,101.502884,3
158.0,159.32306,3
284.0,139.17911,3
363.0,136.90738,3
330.0,294.86816,3
21.7,133.49019,3
328.6,218.44904,3
106.0,28.848953,3
293.0,234.61514,3
141.0,115.27637,3
138.6,69.90038,3
303.3,70.27133,3
324.8,145.32448,3
100.0,116.584785,3
245.4,106.002914,3
52.7,86.74561,3
154.0,171.87273,3
62.8,162.51761,3
73.0,102.41381,3
363.0,438.2614,3
342.4,175.11867,3
105.0,156.16617,3
293.0,258.60083,3
36.7,38.621014,3
27.0,72.95224,3
91.0,88.59552,3
363.0,361.8053,3
245.4,241.12521,3
293.0,233.4961,3
363.0,203.17542,3
388.5,137.46786,3
324.8,256.69278,3
101.0,73.65215,3
296.6,179.48073,3
339.4,176.38052,3
383.1,190.58417,3
303.3,145.39322,3
103.0,85.98371,3
101.0,103.99512,3
223.0,195.95892,3
199.0,209.15024,3
293.0,270.53833,3
103.0,63.618988,3
324.8,103.74295,3
289.8,155.43039,3
327.9,198.30194,3
363.0,124.1019,3
36.7,81.85368,3
101.0,94.72482,3
156.0,120.7592,3
46.7,91.465096,3
160.0,127.60084,3
28.3,163.4967,3
100.0,36.79243,3
133.0,175.1636,3
114.7,169.77403,3
320.0,138.5628,3
25.0,58.47422,3
163.0,149.56021,3
15.0,24.842619,3
92.0,26.679567,3
316.3,198.24615,3
94.9,146.20476,3
84.8,158.11662,3
98.3,76.69258,3
343.2,224.04904,3
89.9,153.38873,3
307.1,87.51179,3
97.0,66.99734,3
32.0,47.740303,3
330.0,355.61444,3
35.0,102.40798,3
138.6,250.0828,3
79.7,246.3548,3
160.0,125.523506,3
317.9,195.15977,3
43.3,56.124374,3
320.0,181.61588,3
363.0,158.41995,3
46.7,55.564278,3
299.0,188.32259,3
59.4,121.04749,3
163.0,152.02243,3
329.4,149.39952,3
230.0,235.38136,3
124.9,67.37502,3
293.0,250.25717,3
320.0,251.86346,3
158.0,128.4816,3
311.7,308.87762,3
158.0,122.93274,3
121.5,176.2724,3
336.3,144.14948,3
63.0,113.84255,3
43.3,85.056725,3
43.3,153.77805,3
76.3,-14.876049,3
230.0,240.36198,3
83.1,168.76729,3
156.0,162.04877,3
151.0,124.79101,3
104.0,123.548256,3
156.0,133.67981,3
36.0,72.14025,3
179.0,193.52428,3
496.2,267.90604,3
325.6,-63.900772,3
163.0,141.2803,3
106.0,41.56883,3
387.0,516.4861,3
73.0,42.078896,3
324.8,162.8513,3
235.1,139.58441,3
158.0,115.2891,3
360.1,215.43152,3
83.1,172.92542,3
38.3,55.85675,3
325.6,244.39967,3
363.0,371.59753,3
245.4,246.66278,3
64.5,50.537407,3
162.0,163.10889,3
140.0,174.66449,3
93.2,342.31375,3
106.0,76.75467,3
457.0,173.9306,3
141.0,160.88322,3
130.0,91.393715,3
45.0,56.26214,3
64.5,90.13738,3
89.9,90.97089,3
159.0,77.4066,3
293.2,220.50652,3
141.0,153.44418,3
281.0,269.65436,3
340.1,345.87943,3
360.9,182.2489,3
121.0,80.92501,3
50.0,124.577675,3
293.0,285.15417,3
342.4,157.35031,3
363.0,364.70947,3
143.0,140.7682,3
114.7,145.87646,3
141.0,167.36774,3
337.1,158.5752,3
101.0,138.63516,3
40.0,124.80979,3
199.0,213.96518,3
337.8,275.90936,3
114.0,92.519356,3
457.8,245.24103,3
158.0,142.41545,3
78.0,36.495354,3
230.0,221.99011,3
306.4,102.57275,3
28.3,55.531643,3
252.2,129.21373,3
124.9,185.2106,3
138.6,182.08849,3
158.0,121.10856,3
179.0,177.84674,3
343.2,212.67015,3
388.5,144.82596,3
138.0,126.58567,3
223.0,225.7693,3
293.0,305.82043,3
262.4,203.99728,3
245.4,210.10901,3
299.0,124.11312,3
111.2,29.24514,3
68.0,-9.735012,3
71.3,115.06426,3
363.0,366.38324,3
89.9,197.58774,3
158.0,127.40896,3
148.8,100.82925,3
324.8,235.0149,3
118.1,390.77612,3
133.0,159.94757,3
30.0,168.34541,3
124.0,144.4831,3
78.0,55.223022,3
204.4,198.18903,3
64.5,131.34549,3
370.1,270.43848,3
141.0,115.02506,3
199.0,191.48517,3
37.0,71.70191,3
163.0,116.735596,3
136.0,59.912556,3
160.0,127.81037,3
384.7,404.2884,3
328.6,293.09668,3
71.0,25.264313,3
68.0,110.40287,3
141.0,128.40227,3
343.2,213.14447,3
141.0,146.87689,3
36.0,26.93936,3
158.0,149.8381,3
199.0,2.4862652,3
325.6,95.42849,3
343.2,183.76505,3
331.0,141.4529,3
140.0,147.81088,3
89.9,39.9094,3
100.0,98.41898,3
357.0,222.9714,3
357.0,112.05884,3
161.0,74.63796,3
151.0,123.416794,3
158.0,113.32446,3
324.8,258.3202,3
163.0,132.47874,3
106.0,1.3694651,3
404.1,242.88245,3
449.0,211.74152,3
457.8,308.96802,3
329.4,218.91357,3
160.0,158.667,3
357.0,88.13644,3
242.0,268.88995,3
46.7,52.597347,3
43.3,40.457973,3
307.1,101.2412,3
230.0,215.19943,3
156.0,114.72054,3
300.0,192.61723,3
379.3,178.79211,3
363.0,285.4273,3
96.6,106.10795,3
156.0,137.37122,3
103.0,104.96849,3
160.0,137.06393,3
342.4,141.52092,3
341.7,357.76892,3
53.0,33.899574,3
245.0,368.15387,3
330.0,163.14969,3
449.0,270.0584,3
107.8,127.30123,3
27.0,41.300896,3
334.0,186.75449,3
15.0,74.00177,3
344.0,255.8242,3
383.1,140.32883,3
47.0,23.27208,3
134.0,131.9829,3
68.0,56.712563,3
214.7,115.7127,3
430.9,205.27077,3
78.0,66.392555,3
106.0,18.43312,3
104.0,53.292984,3
154.0,112.70168,3
245.4,127.884026,3
64.5,46.258293,3
230.0,177.15112,3
101.0,130.23946,3
334.8,80.79694,3
43.3,95.439384,3
245.0,182.47888,3
450.0,319.64557,3
309.4,205.96494,3
311.7,85.141624,3
45.0,97.1942,3
106.0,53.457916,3
36.7,107.07781,3
103.0,106.41491,3
360.1,317.84686,3
304.8,196.32468,3
154.0,144.2587,3
230.0,219.62431,3
121.0,140.89618,3
272.7,230.44019,3
43.0,48.84426,3
325.6,245.91635,3
114.7,100.4841,3
321.0,285.8752,3
151.0,95.211784,3
43.0,109.495,3
47.0,55.300827,3
309.4,141.7745,3
138.0,130.52234,3
16.7,106.89048,3
333.2,232.35266,3
154.0,201.61436,3
119.0,95.203804,3
309.4,145.20422,3
496.2,361.86346,3
68.0,67.22057,3
91.6,103.413475,3
393.9,285.69708,3
91.6,125.8442,3
162.0,150.36984,3
337.8,179.93825,3
154.0,120.203575,3
156.0,122.001335,3
45.0,52.63382,3
101.0,112.40451,3
158.0,127.448,3
245.0,305.52307,3
114.7,224.74371,3
329.4,148.09793,3
230.0,223.55469,3
331.7,357.74396,3
141.0,102.76577,3
393.9,249.86774,3
309.4,193.87064,3
360.1,222.6336,3
86.5,105.58095,3
46.7,79.43785,3
73.0,34.54912,3
265.9,192.78793,3
331.7,279.6833,3
331.7,306.3584,3
189.8,90.412155,3
37.0,58.422615,3
335.5,250.18317,3
46.7,74.26116,3
324.0,192.86304,3
199.0,189.28174,3
360.9,208.89233,3
138.6,135.41324,3
334.0,135.04716,3
330.0,337.5926,3
255.6,173.1582,3
46.7,170.6331,3
230.0,220.4408,3
61.1,91.15362,3
341.7,195.44247,3
386.2,251.75473,3
333.2,307.15204,3
35.0,34.52871,3
238.6,301.67444,3
73.0,101.51293,3
86.5,126.01672,3
207.8,125.78896,3
429.4,202.93611,3
107.0,119.83631,3
309.4,93.434395,3
313.3,129.09953,3
500.0,131.77309,3
138.0,117.61344,3
329.4,233.34537,3
245.0,137.82837,3
373.1,339.64166,3
111.0,86.12529,3
140.0,131.6271,3
370.1,224.17004,3
491.6,174.36325,3
372.0,226.50333,3
316.3,210.14511,3
141.0,118.352974,3
281.0,308.2271,3
325.6,129.23328,3
289.8,289.95273,3
159.0,143.72559,3
156.0,130.62186,3
268.0,233.3197,3
496.2,146.05069,3
382.3,264.39142,3
293.0,288.0935,3
429.4,229.75134,3
136.0,119.33184,3
29.0,243.31985,3
358.6,202.56458,3
358.6,264.20178,3
281.0,193.36636,3
141.0,107.78599,3
33.3,123.73296,3
133.0,228.01254,3
63.0,81.46258,3
387.0,289.93317,3
230.0,221.29472,3
91.6,183.60095,3
299.0,148.37589,3
284.0,112.99218,3
101.0,84.56577,3
84.8,106.646614,3
124.0,125.67713,3
245.0,308.4972,3
230.0,254.84607,3
155.6,-3.5305593,3
104.0,152.24274,3
286.3,238.63454,3
56.1,40.596928,3
26.7,50.386242,3
393.9,213.17323,3
335.5,108.998116,3
303.3,141.43967,3
15.0,27.095535,3
330.0,168.9437,3
245.4,267.91165,3
141.0,80.99317,3
141.0,95.848625,3
199.0,114.434,3
252.2,113.1215,3
141.0,149.85922,3
26.7,65.03892,3
154.0,149.57652,3
94.9,146.07155,3
103.0,76.611984,3
158.0,156.99388,3
43.0,34.41284,3
386.2,328.58853,3
328.6,270.29102,3
245.0,206.70615,3
179.0,107.50071,3
306.4,67.46812,3
101.0,117.322,3
382.3,332.84976,3
259.0,218.74045,3
15.0,35.821785,3
31.7,69.88757,3
337.8,273.20386,3
328.6,166.34317,3
363.0,409.23947,3
114.0,101.12879,3
25.0,154.95175,3
49.0,82.84826,3
97.0,79.91953,3
154.0,108.569595,3
49.0,35.591362,3
118.1,17.532455,3
23.3,157.00082,3
386.2,289.93317,3
141.0,106.910706,3
320.0,128.0848,3
59.4,135.88391,3
331.0,230.87129,3
51.0,27.905937,3
31.7,119.24961,3
325.6,234.32797,3
84.8,143.59673,3
206.0,148.38016,3
337.1,374.52454,3
342.4,292.72083,3
357.0,181.52324,3
338.6,236.85712,3
324.0,321.7717,3
317.1,274.92728,3
306.4,208.08328,3
449.0,227.59683,3
281.0,262.25275,3
104.4,44.682293,3
238.6,96.1707,3
36.0,53.420467,3
372.0,149.4603,3
404.1,252.8101,3
158.0,108.9633,3
119.0,50.8405,3
138.6,107.30066,3
450.0,272.10336,3
138.6,206.74103,3
89.9,321.76846,3
145.4,71.77521,3
358.6,207.92023,3
56.0,62.400093,3
101.0,223.04237,3
223.0,236.4373,3
272.7,101.235344,3
410.2,175.25291,3
151.0,159.32327,3
268.0,233.05486,3
300.0,254.16013,3
245.0,301.29977,3
27.0,87.95402,3
311.7,178.91547,3
156.0,130.40431,3
141.0,146.38808,3
52.7,336.9051,3
314.0,275.74362,3
142.0,147.55206,3
245.0,184.8995,3
141.0,114.69202,3
62.8,89.34399,3
464.7,326.0903,3
314.0,213.06085,3
245.0,222.13086,3
68.0,30.826721,3
158.0,147.54367,3
73.0,57.39177,3
156.0,153.41779,3
27.0,172.27151,3
162.0,180.43222,3
450.0,259.3232,3
160.0,124.02681,3
43.0,38.374687,3
47.0,37.755417,3
76.3,111.49482,3
230.0,201.00974,3
223.0,119.97467,3
182.0,132.20557,3
160.0,163.54301,3
156.0,154.88142,3
245.0,306.61896,3
304.1,224.59065,3
372.0,363.83228,3
106.0,21.49718,3
23.3,231.12689,3
46.7,111.62485,3
293.0,274.29202,3
156.0,134.4184,3
47.0,29.36888,3
156.0,123.65678,3
47.0,72.8722,3
56.0,97.2832,3
41.7,173.27287,3
103.0,108.97546,3
293.0,223.1714,3
341.7,263.5511,3
356.3,204.77377,3
71.0,42.281906,3
141.0,99.91891,3
334.0,218.45773,3
15.0,86.02032,3
268.0,298.55573,3
325.6,235.84834,3
324.0,235.24002,3
121.0,103.021126,3
182.0,164.26422,3
272.7,122.23419,3
268.0,238.19516,3
302.5,231.3918,3
156.0,152.81128,3
111.0,99.82995,3
118.1,122.74701,3
91.6,45.695534,3
107.8,122.67528,3
440.1,275.54117,3
265.9,76.08286,3
91.6,208.99442,3
124.0,126.198235,3
300.0,238.3981,3
332.5,73.43334,3
383.1,187.62338,3
262.4,70.38616,3
163.0,124.30592,3
68.0,32.39162,3
73.0,60.055573,3
91.0,88.83134,3
52.7,200.15765,3
43.0,150.75577,3
281.0,245.58992,3
306.4,194.41846,3
314.0,146.75757,3
140.0,124.4559,3
111.2,54.143227,3
100.0,145.56831,3
316.3,243.3638,3
43.3,101.47512,3
327.9,219.19229,3
37.0,47.03388,3
89.9,38.338158,3
289.8,189.13902,3
121.5,80.78326,3
300.0,243.06143,3
36.7,53.13131,3
78.0,189.84686,3
269.3,115.139755,3
111.2,142.5549,3
107.0,134.4747,3
63.0,135.09193,3
141.0,106.30309,3
326.3,195.34747,3
238.6,115.50118,3
158.0,103.834175,3
429.4,148.63248,3
67.9,137.0726,3
245.0,226.72244,3
343.2,99.34797,3
449.0,232.1975,3
248.8,258.5866,3
121.0,76.129074,3
154.0,156.54262,3
281.0,183.26506,3
50.0,202.54155,3
104.4,96.33721,3
202.0,175.89355,3
43.0,50.296684,3
169.3,312.01465,3
96.6,35.44275,3
335.5,213.0595,3
363.0,322.74072,3
500.0,200.60971,3
330.2,255.77678,3
327.1,402.3119,3
327.9,127.90099,3
96.6,101.07614,3
160.0,151.89244,3
440.1,376.9774,3
73.0,98.21343,3
63.0,93.74636,3
302.5,216.96509,3
28.3,-8.369656,3
363.0,336.5858,3
340.1,223.11963,3
15.0,31.16446,3
330.0,355.4712,3
47.0,82.70307,3
97.0,77.2355,3
43.3,163.83559,3
281.0,233.39316,3
18.3,157.36891,3
310.2,191.0545,3
135.1,145.72055,3
284.0,126.54857,3
199.0,131.93121,3
306.4,305.94745,3
101.0,118.22239,3
162.0,153.57326,3
154.0,106.0192,3
28.3,107.61579,3
160.0,103.610435,3
121.0,90.562584,3
70.0,39.342747,3
92.0,39.872635,3
41.7,53.00135,3
84.8,135.21417,3
53.0,33.36402,3
293.0,283.33484,3
101.0,102.42057,3
43.0,61.259583,3
43.0,76.98525,3
245.0,318.15628,3
393.9,204.70358,3
382.3,316.81732,3
133.0,203.73859,3
334.8,254.28668,3
317.9,130.99356,3
104.0,112.667625,3
370.1,302.6787,3
160.0,129.8869,3
141.0,39.5699,3
104.0,152.70485,3
73.0,79.28199,3
272.7,64.57581,3
327.9,382.4417,3
152.2,263.34174,3
301.0,292.5243,3
333.2,217.5521,3
340.1,200.73682,3
303.3,240.88016,3
68.0,81.243126,3
330.0,174.62599,3
141.0,151.86757,3
334.8,145.07666,3
235.1,154.12616,3
289.8,87.098015,3
284.0,133.84222,3
432.5,334.95404,3
93.2,204.29572,3
43.3,101.68426,3
304.1,134.08383,3
37.0,21.690178,3
134.0,178.85901,3
111.2,96.49128,3
71.0,61.32055,3
197.0,121.760826,3
51.0,73.49967,3
47.0,19.23006,3
230.0,272.51868,3
159.0,140.75444,3
78.0,1.8537223,3
334.8,135.36053,3
313.3,131.6011,3
429.4,204.98245,3
324.8,268.77795,3
124.0,128.79669,3
404.1,172.52457,3
160.0,146.28232,3
124.0,97.75939,3
128.3,76.1173,3
154.0,155.81947,3
104.0,119.12939,3
299.0,180.4938,3
31.7,85.172874,3
339.4,203.58719,3
51.0,27.206062,3
259.0,97.6589,3
156.0,152.68716,3
43.0,39.420246,3
29.0,228.91443,3
89.9,43.221172,3
230.0,171.25815,3
138.0,113.18548,3
47.0,-3.6565282,3
360.9,237.27948,3
133.0,79.26017,3
28.3,199.42136,3
154.0,99.66137,3
74.7,55.188686,3
56.1,189.55171,3
316.3,126.43626,3
79.7,54.528816,3
199.0,224.67665,3
255.6,95.58291,3
387.0,164.74065,3
41.0,65.154205,3
140.0,156.1078,3
384.7,401.87735,3
62.8,5.3269167,3
111.0,85.77787,3
131.7,140.82828,3
325.6,154.64746,3
141.0,36.23606,3
148.8,121.63021,3
71.0,6.1715584,3
404.1,339.54968,3
101.0,192.02524,3
357.8,265.56128,3
334.8,182.25601,3
162.4,99.258995,3
179.0,119.802635,3
13.3,24.825592,3
73.0,50.790035,3
40.0,147.67474,3
6.7,138.69211,3
330.2,201.03984,3
335.5,131.21964,3
162.4,105.327576,3
293.0,327.6057,3
156.0,149.79578,3
98.3,98.01293,3
269.3,419.14294,3
372.0,325.74756,3
336.3,216.17001,3
206.0,141.88365,3
49.0,93.63251,3
97.0,53.157948,3
35.0,63.232513,3
74.7,95.411705,3
114.7,123.56681,3
293.0,199.29099,3
102.0,101.6424,3
38.3,187.9739,3
36.0,-3.5118177,3
97.0,52.970787,3
276.1,132.12932,3
36.0,40.99222,3
324.8,197.5585,3
159.0,145.76831,3
47.0,39.89498,3
327.9,87.641716,3
162.0,117.86156,3
320.0,170.19254,3
51.0,30.486618,3
68.0,48.909977,3
311.7,173.20944,3
51.0,188.69073,3
121.5,99.747734,3
370.1,368.99188,3
309.4,319.59552,3
167.0,128.95074,3
238.6,160.41882,3
259.0,172.84239,3
500.0,338.14807,3
363.0,329.1599,3
342.4,135.4324,3
63.0,117.803375,3
45.0,80.200096,3
138.6,227.44812,3
169.3,145.7628,3
52.7,176.0188,3
334.8,251.09183,3
142.0,208.58105,3
404.1,149.04843,3
140.0,148.33168,3
88.2,89.7877,3
302.5,70.26832,3
36.0,38.138905,3
281.0,214.14586,3
124.9,279.7297,3
359.3,214.88953,3
48.0,36.910793,3
43.0,68.09684,3
128.0,121.9371,3
148.8,48.955307,3
158.0,148.29425,3
411.7,160.09827,3
154.0,140.98538,3
296.6,153.51904,3
70.0,91.06481,3
47.0,71.19736,3
121.0,119.029045,3
86.5,90.92304,3
141.0,110.892685,3
71.3,60.876343,3
47.0,31.23047,3
182.0,128.82343,3
288.0,200.38463,3
155.6,157.38632,3
50.0,149.28064,3
154.0,173.41869,3
84.8,203.85117,3
363.0,308.5606,3
56.0,52.33544,3
103.0,90.95768,3
104.4,120.32604,3
104.0,113.39979,3
500.0,297.45117,3
340.1,134.96947,3
47.0,33.626877,3
334.8,159.0638,3
94.9,112.8919,3
133.0,186.46976,3
449.0,159.38922,3
320.0,190.63115,3
268.0,217.18158,3
255.6,152.98569,3
48.3,155.60165,3
36.0,55.63292,3
29.0,59.59269,3
262.4,102.00817,3
329.4,296.44077,3
162.0,148.16348,3
156.0,181.32904,3
230.0,264.24503,3
330.9,199.95032,3
386.2,242.29117,3
336.3,222.95537,3
327.9,49.38801,3
119.0,116.93722,3
449.0,283.1222,3
357.0,84.62579,3
158.0,175.79645,3
363.0,430.33133,3
103.0,87.38979,3
245.0,266.93292,3
387.0,275.23743,3
104.4,114.96107,3
91.6,78.475266,3
103.0,113.644295,3
37.0,7.409586,3
48.3,52.06259,3
38.3,117.80432,3
156.0,125.104034,3
182.9,291.33646,3
305.6,150.68765,3
47.0,22.111723,3
281.0,287.68207,3
46.7,146.30798,3
68.0,51.038757,3
158.0,153.26648,3
265.9,149.37418,3
255.6,42.734894,3
165.9,56.333794,3
53.0,36.890198,3
48.3,89.77546,3
162.0,143.53549,3
335.5,181.82516,3
207.8,217.49915,3
40.0,23.748096,3
141.0,131.81992,3
124.0,144.53493,3
202.0,163.0539,3
230.0,195.17093,3
324.0,207.58911,3
111.0,90.012344,3
15.0,64.86099,3
57.8,187.33376,3
35.0,108.44431,3
43.0,75.695145,3
46.7,98.94872,3
47.0,65.23223,3
38.3,73.98087,3
449.0,280.49246,3
89.9,213.02051,3
56.1,76.94978,3
50.0,65.70739,3
103.0,91.57662,3
304.8,215.35329,3
176.1,225.04932,3
449.0,256.6134,3
160.0,114.59731,3
286.3,121.156334,3
119.0,123.28974,3
335.5,280.3384,3
36.0,45.118347,3
51.0,13.181114,3
347.0,235.48294,3
340.1,161.61536,3
404.1,187.0347,3
16.7,190.6409,3
140.0,108.24067,3
230.0,212.2957,3
372.0,388.33252,3
333.2,144.56604,3
230.0,279.25864,3
68.0,41.97464,3
156.0,147.82657,3
101.0,63.65407,3
372.0,160.72229,3
48.3,-26.923717,3
363.9,258.5646,3
337.8,333.068,3
262.4,129.3725,3
47.0,50.067497,3
148.8,198.26944,3
230.0,174.20169,3
223.0,105.96009,3
450.0,433.83795,3
245.0,303.16882,3
128.3,102.54622,3
450.0,272.12466,3
30.0,122.81263,3
63.0,83.8951,3
91.0,113.90993,3
449.0,417.16135,3
207.8,115.28435,3
317.9,165.94963,3
450.0,284.7533,3
272.7,141.55751,3
321.0,318.92157,3
230.0,208.86195,3
245.0,119.20747,3
71.0,59.523403,3
51.0,34.114246,3
357.8,134.48903,3
223.0,135.62671,3
380.8,285.83478,3
245.0,297.8769,3
272.7,152.98386,3
97.0,68.64619,3
48.0,45.27827,3
268.0,360.9818,3
37.0,59.427994,3
121.5,139.8923,3
101.0,128.43741,3
121.5,93.247185,3
331.7,34.329483,3
92.0,49.565163,3
163.0,160.81273,3
25.0,148.44794,3
66.2,84.331566,3
281.0,243.88219,3
52.7,64.61767,3
134.0,182.31952,3
162.0,137.67468,3
320.0,256.065,3
84.8,56.403374,3
343.2,196.0127,3
91.0,126.929276,3
230.0,281.0633,3
154.0,190.15039,3
101.0,77.05076,3
269.3,134.21115,3
279.5,171.40256,3
300.0,160.25174,3
363.0,398.2965,3
70.0,57.920525,3
395.4,239.64053,3
158.0,144.50003,3
50.0,116.21311,3
299.0,205.94012,3
15.0,22.465523,3
84.8,159.72504,3
156.0,177.72546,3
26.7,23.90308,3
33.3,116.33905,3
158.0,138.86212,3
124.9,224.12445,3
340.1,251.29135,3
151.0,108.07697,3
340.1,155.82982,3
360.1,270.29855,3
64.5,107.889946,3
316.3,177.63904,3
106.0,29.457947,3
70.0,28.15729,3
341.7,280.61908,3
104.0,119.375854,3
331.0,158.79039,3
161.0,176.80351,3
167.0,103.44099,3
330.9,294.32422,3
152.0,132.35953,3
92.0,68.37284,3
51.0,49.94042,3
151.0,92.16302,3
262.4,69.517105,3
449.0,181.41513,3
81.4,25.697124,3
330.0,326.81827,3
156.0,118.48029,3
162.0,150.86514,3
335.5,231.56812,3
341.7,196.15105,3
262.4,154.73976,3
67.9,126.59028,3
92.0,40.14775,3
51.0,49.518127,3
37.0,53.1136,3
94.9,31.997475,3
145.4,34.39182,3
160.0,126.61435,3
372.0,390.8389,3
238.6,199.39099,3
340.1,264.25623,3
223.0,117.00751,3
141.0,79.22846,3
305.6,171.18881,3
293.0,270.1994,3
317.9,181.73059,3
103.0,135.23013,3
76.3,91.56916,3
158.0,138.67564,3
306.4,180.32729,3
94.9,189.53911,3
1.7,71.63755,3
141.0,98.31837,3
402.5,184.39194,3
16.7,70.658646,3
93.2,100.68975,3
104.4,208.24597,3
134.0,170.55698,3
320.0,234.56882,3
69.6,104.10045,3
230.0,167.81195,3
447.8,105.86036,3
158.0,107.668785,3
88.2,130.13144,3
307.1,181.80646,3
64.5,36.71447,3
450.0,246.31683,3
330.0,257.01685,3
163.0,140.14189,3
70.0,28.183165,3
141.0,126.70654,3
103.0,83.908455,3
363.0,428.61725,3
262.4,64.32557,3
281.0,259.7688,3
145.0,113.9507,3
61.1,97.92536,3
268.0,232.23807,3
27.0,41.191677,3
404.1,180.42871,3
281.0,218.88281,3
269.3,204.24506,3
121.0,136.72424,3
303.3,168.27896,3
363.0,214.29312,3
111.0,109.51952,3
119.0,107.739204,3
156.0,160.43652,3
160.0,103.42941,3
330.0,172.82416,3
269.3,134.4473,3
334.0,226.90417,3
449.0,289.53967,3
162.0,124.39207,3
104.0,112.31341,3
281.0,229.78217,3
281.0,179.70221,3
103.0,95.63942,3
52.7,154.0723,3
159.0,127.03831,3
450.0,352.04056,3
390.0,239.6728,3
160.0,158.91003,3
78.0,83.79713,3
121.0,81.69355,3
252.2,150.36392,3
223.0,231.47862,3
344.0,283.36707,3
92.0,54.234535,3
136.0,51.21593,3
324.0,227.9421,3
57.8,98.58389,3
121.0,148.25542,3
245.0,146.63095,3
160.0,146.87213,3
36.0,17.887167,3
43.0,44.643894,3
293.0,342.85535,3
169.3,148.98325,3
73.0,108.59302,3
449.0,142.10007,3
154.0,161.49432,3
134.0,144.64088,3
330.0,176.04437,3
310.2,132.9655,3
159.0,125.94587,3
314.8,236.56552,3
141.0,186.29037,3
73.0,157.72751,3
286.3,139.32924,3
324.0,188.50438,3
156.0,116.440056,3
223.0,112.30691,3
15.0,32.851707,3
36.7,61.231323,3
53.0,37.55207,3
31.7,202.73538,3
145.0,153.71338,3
363.2,269.07172,3
64.5,126.89463,3
103.0,94.60709,3
230.0,209.35995,3
357.0,139.58798,3
299.0,189.59322,3
331.0,189.81912,3
230.0,209.51842,3
281.0,359.57654,3
91.0,111.30375,3
43.0,57.73187,3
305.6,185.67569,3
196.6,138.36374,3
64.5,200.93784,3
154.0,123.62902,3
56.0,74.09159,3
83.1,241.04889,3
163.0,114.8134,3
245.0,257.4345,3
450.0,245.5358,3
36.0,51.699932,3
29.0,157.81688,3
293.0,231.77103,3
51.0,58.90083,3
281.0,267.41013,3
32.0,74.26028,3
351.7,162.69899,3
329.4,296.6278,3
81.4,150.42111,3
111.0,112.715836,3
328.6,154.62488,3
114.0,116.840675,3
73.0,104.47913,3
334.0,150.37813,3
57.8,188.88928,3
158.0,139.0994,3
282.9,106.60726,3
121.0,127.920204,3
331.0,170.4578,3
281.0,194.3005,3
293.0,214.7743,3
140.0,140.94214,3
182.0,136.82964,3
265.9,99.96357,3
496.2,256.93008,3
363.0,270.373,3
111.2,103.255844,3
230.0,209.5932,3
37.0,53.42199,3
363.0,302.3875,3
330.0,266.02875,3
328.6,102.13601,3
47.0,2.5110667,3
86.5,201.09276,3
29.0,119.91966,3
333.2,160.20085,3
78.0,134.64761,3
156.0,147.47621,3
145.4,135.10667,3
73.0,65.77772,3
93.2,83.999054,3
331.0,107.93932,3
124.9,122.928185,3
103.0,82.85336,3
102.0,35.7969,3
89.9,118.91911,3
299.0,156.72433,3
47.0,67.44367,3
46.7,225.13388,3
163.0,152.07571,3
141.0,116.87703,3
307.1,110.606026,3
242.0,222.29263,3
91.6,106.62097,3
159.0,129.55891,3
63.0,108.34876,3
272.7,183.3923,3
281.0,280.09238,3
62.8,93.479805,3
373.1,219.4184,3
230.0,210.14963,3
138.0,114.71518,3
330.9,158.22174,3
449.0,328.50397,3
156.0,122.25147,3
119.0,156.21973,3
331.7,208.28946,3
98.3,191.47757,3
68.0,94.447426,3
54.4,61.23973,3
70.0,26.679178,3
252.2,163.89001,3
330.2,133.48077,3
103.0,102.14918,3
304.1,137.99649,3
330.9,230.67783,3
158.0,134.71094,3
121.5,197.76755,3
223.0,159.70045,3
154.0,111.88646,3
500.0,286.393,3
387.0,283.0016,3
230.0,236.44011,3
52.7,153.18445,3
296.6,135.66809,3
380.0,254.71947,3
154.0,163.3648,3
91.0,124.28708,3
103.0,72.13115,3
47.0,30.881588,3
43.0,50.848022,3
199.0,202.14102,3
50.0,126.84236,3
245.0,262.00058,3
328.6,205.44028,3
101.0,119.397804,3
51.0,124.14864,3
268.0,334.5833,3
29.0,159.65219,3
78.0,214.36432,3
340.1,100.54281,3
84.8,124.7106,3
66.2,110.130424,3
111.0,86.09911,3
342.4,215.79073,3
78.0,46.553696,3
47.0,42.24163,3
334.8,142.24959,3
268.0,200.46239,3
259.0,205.14218,3
330.9,353.07648,3
161.0,139.9733,3
59.4,72.08041,3
432.5,299.849,3
130.0,119.60136,3
36.0,53.300003,3
156.0,132.79027,3
156.0,118.2972,3
327.1,155.53857,3
320.2,262.36856,3
300.0,220.01091,3
104.0,127.76235,3
340.1,164.98364,3
334.0,172.88843,3
119.0,89.45083,3
152.0,142.0088,3
450.0,412.15298,3
154.0,124.1751,3
141.0,162.64749,3
104.0,113.62877,3
363.0,338.55786,3
331.0,254.0275,3
345.5,399.7976,3
47.0,-23.55921,3
332.5,174.2099,3
309.4,245.01767,3
62.8,79.75436,3
37.0,55.869743,3
319.4,151.19356,3
367.8,137.47476,3
121.0,96.92483,3
311.7,139.77077,3
36.0,39.952682,3
41.0,76.65269,3
78.0,51.74288,3
450.0,304.22842,3
230.0,226.091,3
342.4,121.502556,3
56.0,77.06297,3
47.0,38.258446,3
38.3,64.940025,3
141.0,189.06769,3
47.0,18.468447,3
93.2,158.15063,3
13.3,25.22654,3
121.5,108.21836,3
138.0,103.91775,3
331.0,225.49353,3
46.7,256.82608,3
118.1,123.76391,3
333.2,270.90936,3
340.1,85.8128,3
29.0,131.41507,3
36.0,73.07119,3
363.0,131.10144,3
331.0,219.91182,3
47.0,26.629684,3
43.0,26.551113,3
154.0,106.62651,3
92.0,57.187546,3
141.0,133.35521,3
300.0,137.12546,3
67.9,116.383125,3
141.0,129.13498,3
140.0,134.98764,3
317.9,97.40373,3
402.5,265.18787,3
343.2,288.40305,3
211.2,5.760298,3
89.9,-6.005171,3
161.0,111.76565,3
93.2,161.90715,3
91.0,96.37618,3
156.0,121.277504,3
158.0,121.17992,3
76.3,143.32414,3
26.7,113.49141,3
111.2,88.590614,3
133.0,243.55649,3
357.0,120.07373,3
179.0,127.670815,3
363.0,316.75372,3
491.6,205.38736,3
68.0,10.631948,3
340.1,70.96461,3
337.8,437.15106,3
43.0,71.55552,3
84.8,118.40001,3
340.1,158.7322,3
328.6,255.11644,3
324.8,137.13068,3
64.5,136.5199,3
358.6,159.34737,3
299.0,120.24778,3
363.0,113.526115,3
114.0,104.11089,3
313.3,145.973,3
33.3,65.65438,3
334.0,357.0155,3
363.0,376.16162,3
88.2,140.728,3
330.2,112.77527,3
53.0,36.89922,3
268.0,226.45438,3
103.0,87.02465,3
156.0,120.577644,3
141.0,140.76878,3
141.0,127.80436,3
66.2,52.601795,3
36.0,12.235237,3
32.0,26.867699,3
29.0,44.946335,3
330.2,87.64558,3
179.5,142.23074,3
28.3,105.8548,3
230.0,179.23257,3
306.4,244.97403,3
163.0,120.74299,3
328.6,144.59344,3
156.0,129.79834,3
335.5,155.85892,3
141.0,150.29617,3
37.0,55.37973,3
43.0,103.578575,3
447.8,251.8233,3
324.0,172.78622,3
363.0,420.7052,3
284.0,204.69658,3
103.0,92.0744,3
293.2,27.24696,3
98.3,141.30565,3
363.0,308.20184,3
114.0,125.02831,3
51.0,57.077335,3
304.8,219.79611,3
440.1,239.11713,3
330.0,344.3483,3
56.1,-3.5383422,3
92.0,24.923157,3
88.2,114.972374,3
272.7,133.25471,3
289.8,85.17315,3
396.9,307.31726,3
43.0,64.68429,3
340.1,169.36171,3
30.0,176.84537,3
56.1,87.718666,3
293.0,185.90933,3
363.0,410.68216,3
102.0,36.666336,3
334.8,157.24738,3
325.6,149.83989,3
86.5,143.7016,3
293.0,336.33923,3
141.0,146.7189,3
156.0,154.24713,3
356.3,158.0185,3
343.2,143.40422,3
101.0,76.67928,3
46.7,80.67152,3
230.0,234.00917,3
230.0,187.44098,3
162.0,128.97052,3
143.0,114.53343,3
159.0,128.32439,3
154.0,161.30615,3
158.0,117.309296,3
83.1,88.30575,3
328.6,218.17648,3
331.0,270.14566,3
370.1,330.18338,3
141.0,173.54729,3
56.0,78.001755,3
268.0,278.6422,3
311.7,85.8691,3
363.0,209.00018,3
337.8,270.6223,3
33.3,22.748142,3
320.0,215.98991,3
88.2,35.842384,3
101.0,106.56991,3
156.0,133.31538,3
103.0,125.23659,3
242.0,288.55273,3
302.5,172.36119,3
101.0,120.61677,3
158.0,124.339645,3
318.7,113.962944,3
91.0,85.77537,3
103.0,116.82332,3
206.0,156.50952,3
363.0,437.03653,3
203.0,76.61993,3
245.0,230.73361,3
57.8,79.07993,3
382.3,366.6573,3
242.0,155.76588,3
71.0,68.37184,3
317.1,147.98921,3
324.8,165.30319,3
103.0,113.38903,3
334.8,147.3846,3
223.0,242.25398,3
338.6,202.79834,3
281.0,334.0055,3
96.6,154.92914,3
362.4,278.7724,3
330.0,275.35626,3
318.7,75.09336,3
154.0,112.52506,3
331.7,208.71184,3
372.0,222.41928,3
230.0,213.63857,3
51.0,37.575653,3
179.5,145.53111,3
313.3,220.28394,3
47.0,71.08047,3
43.3,33.49688,3
162.0,143.90237,3
103.0,82.76179,3
141.0,115.55384,3
40.0,74.03231,3
91.0,139.43292,3
363.0,219.09248,3
316.3,129.62491,3
114.0,87.97419,3
199.0,214.79987,3
163.0,114.21359,3
158.0,115.18102,3
104.4,126.53574,3
141.0,113.26388,3
372.0,363.62482,3
272.7,79.94218,3
289.8,316.00446,3
293.0,194.3295,3
97.0,62.214077,3
272.7,138.7442,3
121.0,107.99282,3
43.0,57.062317,3
27.0,69.6448,3
293.0,188.76895,3
500.0,166.75636,3
340.1,129.24344,3
38.3,107.26917,3
98.3,174.96542,3
140.0,109.9776,3
86.5,138.30191,3
73.0,68.94169,3
450.0,319.40536,3
74.7,79.70112,3
84.8,295.67712,3
162.0,138.91957,3
51.0,34.239025,3
76.3,156.80956,3
202.0,174.01352,3
48.3,49.741783,3
223.0,190.67969,3
282.9,136.28784,3
279.5,207.87871,3
145.0,192.96057,3
318.7,253.17484,3
449.0,415.25964,3
301.0,42.672348,3
124.0,131.06769,3
121.0,149.40694,3
73.0,52.559837,3
282.9,277.80127,3
83.1,108.859634,3
334.0,264.41248,3
33.3,53.611977,3
111.2,329.50598,3
363.0,303.95117,3
103.0,118.30625,3
230.0,207.05861,3
107.0,95.86696,3
162.0,122.40098,3
230.0,292.31033,3
103.0,87.39031,3
141.0,189.59747,3
131.7,80.117546,3
36.7,71.692665,3
279.5,131.35071,3
78.0,126.499016,3
37.0,74.922195,3
52.7,148.08777,3
171.0,145.77887,3
230.0,211.901,3
245.4,98.761475,3
380.0,142.03662,3
370.1,426.74878,3
156.0,122.44457,3
169.3,250.22166,3
311.7,214.10732,3
399.2,137.42987,3
268.0,309.26663,3
293.0,269.47772,3
230.0,170.505,3
393.9,201.17421,3
289.8,159.00156,3
91.6,190.24211,3
451.7,334.89557,3
41.0,12.861319,3
154.0,153.19048,3
135.1,53.008293,3
211.2,154.46216,3
230.0,232.62611,3
36.7,115.74712,3
429.4,146.18971,3
230.0,261.58685,3
121.0,50.792564,3
104.4,204.19174,3
337.8,416.6648,3
76.3,155.07623,3
121.5,79.04099,3
21.7,50.53945,3
101.0,114.308784,3
103.0,90.06368,3
83.1,251.51062,3
245.0,392.4834,3
357.0,92.83952,3
289.8,136.49619,3
491.6,367.81824,3
128.3,233.76366,3
156.0,184.79941,3
158.0,142.97809,3
284.0,161.17383,3
73.0,127.65732,3
156.0,149.11096,3
41.7,64.87931,3
52.7,178.35788,3
141.0,141.83742,3
29.0,30.180569,3
388.5,138.10355,3
121.0,159.38333,3
91.0,152.34003,3
143.0,148.68631,3
163.0,119.09774,3
23.3,73.9941,3
441.7,274.88586,3
47.0,81.31437,3
199.0,120.29105,3
101.0,87.83028,3
118.1,20.617239,3
230.0,241.05869,3
156.0,145.11545,3
268.0,262.29456,3
84.8,325.72363,3
71.3,95.72741,3
100.0,118.80807,3
131.7,56.30742,3
491.6,488.28595,3
197.0,123.701195,3
176.1,44.310383,3
339.4,190.69861,3
340.1,171.30084,3
289.8,149.55478,3
61.1,119.454216,3
32.0,72.03794,3
114.7,107.7241,3
334.8,196.07555,3
380.0,251.75473,3
32.0,24.092306,3
91.0,118.84738,3
141.0,102.838936,3
143.0,141.90463,3
135.1,136.5806,3
450.0,357.1535,3
138.0,74.371605,3
230.0,260.58014,3
230.0,181.52927,3
370.1,347.5794,3
380.0,355.00726,3
330.0,250.05728,3
163.0,125.95057,3
36.0,59.25122,3
284.0,163.00262,3
94.9,264.11902,3
114.0,82.286865,3
124.9,148.12796,3
282.9,221.97603,3
223.0,256.1878,3
156.0,151.3057,3
43.3,146.73138,3
449.0,199.38776,3
306.4,175.89824,3
360.9,190.72015,3
32.0,50.736877,3
331.0,213.41513,3
156.0,159.67451,3
101.0,227.33707,3
101.0,92.8114,3
304.8,161.38492,3
248.8,150.55847,3
305.6,190.16667,3
230.0,194.52386,3
43.0,73.296844,3
71.0,71.33471,3
337.1,237.90318,3
104.0,54.54389,3
56.1,153.65102,3
21.7,35.736973,3
134.0,136.26514,3
152.0,140.34274,3
88.2,90.02474,3
262.4,239.2088,3
49.0,82.350044,3
334.0,378.55762,3
429.4,267.23456,3
331.0,109.02035,3
88.2,31.713041,3
53.0,59.78757,3
302.5,184.04086,3
51.0,173.19519,3
154.0,134.83212,3
334.8,219.4584,3
202.0,181.73994,3
156.0,122.93491,3
131.7,141.63828,3
68.0,42.686146,3
114.0,86.73722,3
105.0,114.82513,3
148.8,256.4658,3
358.6,202.06595,3
331.0,234.92326,3
324.8,167.06073,3
496.2,212.47098,3
138.0,98.9331,3
371.6,265.2378,3
404.1,163.05405,3
32.0,19.321066,3
158.0,149.75531,3
347.0,138.83795,3
158.0,143.33589,3
162.0,117.5263,3
141.0,153.9094,3
238.6,126.96496,3
134.0,196.51715,3
163.0,142.25354,3
47.0,92.2391,3
156.0,119.54464,3
301.8,120.05439,3
37.0,75.2758,3
245.0,131.85233,3
324.0,177.39304,3
230.0,178.95572,3
111.0,106.20629,3
63.0,87.459465,3
341.7,214.96764,3
337.8,290.11926,3
281.0,266.54123,3
31.7,36.344116,3
20.0,59.10432,3
158.0,139.37073,3
333.2,222.36948,3
154.0,120.88365,3
299.0,193.50838,3
84.8,74.49248,3
91.0,90.63292,3
293.0,226.19725,3
363.2,214.83847,3
223.0,183.14014,3
27.0,26.01202,3
231.7,334.0374,3
104.0,99.056366,3
293.0,289.1266,3
343.2,246.24231,3
59.4,33.07549,3
57.8,70.03338,3
500.0,229.37396,3
223.0,263.40707,3
268.0,238.0845,3
156.0,142.58588,3
156.0,188.08997,3
156.0,144.6987,3
363.0,263.99213,3
130.0,150.66312,3
282.9,202.56216,3
301.0,123.89099,3
56.0,60.048634,3
30.0,43.3485,3
138.6,190.84404,3
242.0,207.77234,3
204.4,159.31224,3
36.0,57.77459,3
335.5,335.69147,3
70.0,59.49229,3
93.2,117.16578,3
279.5,176.2442,3
324.8,188.25784,3
142.0,53.548553,3
293.0,252.27002,3
64.5,68.34525,3
93.2,259.39948,3
328.6,260.39374,3
182.0,132.99507,3
154.0,186.51389,3
386.2,378.65253,3
71.0,34.343876,3
447.8,169.93213,3
68.0,87.34025,3
337.8,303.38232,3
71.0,54.58113,3
310.2,211.30832,3
71.0,67.02315,3
136.0,82.25834,3
402.5,164.41638,3
363.0,332.58102,3
245.0,257.8775,3
179.0,147.9349,3
141.0,99.61262,3
449.0,163.11136,3
230.0,225.83237,3
103.0,43.519485,3
500.0,305.36948,3
49.0,89.05575,3
328.6,131.1297,3
152.2,111.802086,3
154.0,157.15733,3
93.2,256.9699,3
344.0,260.0207,3
159.0,214.38367,3
245.0,176.63126,3
62.8,124.49241,3
133.0,186.90102,3
302.5,107.04975,3
218.1,242.07411,3
387.0,340.29187,3
156.0,153.24147,3
245.0,306.33328,3
238.6,192.25456,3
36.0,40.73568,3
281.0,158.36444,3
91.0,123.7786,3
29.0,53.03806,3
81.4,249.0845,3
242.0,319.77222,3
141.0,102.38908,3
176.1,158.14966,3
154.0,143.92053,3
28.3,70.50795,3
324.8,237.34456,3
162.4,142.95059,3
230.0,200.72086,3
152.2,77.17305,3
91.0,137.04832,3
154.0,188.06898,3
61.1,113.64706,3
299.0,188.4143,3
163.0,155.99286,3
71.3,144.54128,3
48.0,25.647476,3
49.0,98.18628,3
449.0,189.28043,3
106.0,55.112,3
363.0,483.2539,3
410.2,141.21826,3
202.0,169.23862,3
111.0,65.89652,3
317.9,106.39099,3
328.6,224.32619,3
156.0,134.27132,3
158.0,120.50888,3
182.0,180.36737,3
36.0,88.005394,3
289.8,75.84246,3
230.0,251.90327,3
143.0,127.84171,3
248.8,179.20703,3
167.0,122.81769,3
388.5,94.46121,3
47.0,86.77146,3
159.0,112.503784,3
31.7,76.16279,3
111.2,118.59808,3
84.8,90.57493,3
71.0,81.32668,3
262.4,250.34647,3
160.0,149.42886,3
200.0,100.421036,3
296.6,55.764755,3
33.3,26.532326,3
363.0,347.91302,3
70.0,68.73483,3
268.0,307.89856,3
331.0,118.9072,3
223.0,115.48558,3
56.0,75.45072,3
133.0,128.89229,3
279.5,184.77356,3
450.0,351.13367,3
119.0,146.8552,3
450.0,330.6823,3
43.0,31.330666,3
340.1,115.379875,3
334.0,197.28131,3
293.0,254.59639,3
119.0,178.6835,3
104.0,135.75443,3
322.5,50.150764,3
199.0,182.26147,3
163.0,113.6728,3
162.0,134.5325,3
370.1,245.57547,3
156.0,154.29578,3
91.6,90.98576,3
380.8,246.9505,3
141.0,141.9656,3
156.0,169.56467,3
450.0,275.88364,3
106.0,66.25271,3
281.0,269.92725,3
317.1,187.59703,3
330.0,170.95306,3
37.0,56.87708,3
284.0,126.58772,3
158.0,137.8266,3
57.8,51.64747,3
293.0,322.88605,3
121.0,102.094246,3
47.0,-4.4428263,3
29.0,100.50104,3
143.0,131.97737,3
293.0,363.95856,3
360.1,189.35825,3
18.3,142.41577,3
156.0,112.41129,3
160.0,120.43615,3
135.1,75.48618,3
281.0,303.36804,3
111.0,86.93822,3
68.0,60.54023,3
71.3,132.0628,3
74.7,184.6142,3
330.0,241.8505,3
162.0,148.93335,3
70.0,46.656982,3
235.1,163.9046,3
386.2,250.01303,3
101.0,102.07087,3
324.8,107.93513,3
154.0,149.17317,3
324.8,200.77576,3
308.7,66.317474,3
131.7,93.09475,3
73.0,65.52324,3
88.2,159.74356,3
335.5,203.7142,3
331.0,144.42752,3
329.4,209.69507,3
111.0,91.851875,3
329.4,344.95898,3
101.0,141.65904,3
301.8,150.0004,3
449.0,232.03253,3
281.0,222.52597,3
141.0,132.70383,3
140.0,113.21072,3
31.7,-10.976696,3
330.0,345.102,3
300.0,210.51927,3
331.0,142.15836,3
47.0,63.22708,3
138.0,122.120735,3
86.5,81.94381,3
91.6,25.652676,3
71.3,105.94416,3
342.4,312.41266,3
281.0,304.4877,3
328.6,167.97246,3
230.0,250.38632,3
154.0,171.24347,3
342.4,159.86748,3
43.0,44.984905,3
91.0,111.53046,3
53.0,18.291159,3
48.0,34.633938,3
299.0,190.80977,3
223.0,168.50534,3
143.0,123.167145,3
363.0,461.66473,3
223.0,156.78781,3
334.8,109.84971,3
182.0,139.43036,3
141.0,150.42194,3
103.0,109.02627,3
107.0,166.13893,3
160.0,126.906105,3
357.8,125.86127,3
332.5,242.2283,3
334.8,119.88955,3
328.6,193.9545,3
141.0,159.21252,3
29.0,131.93803,3
91.6,42.498837,3
35.0,176.16403,3
86.5,200.02136,3
223.0,123.46551,3
340.1,110.25419,3
138.6,181.7569,3
67.9,105.098335,3
162.0,132.7818,3
134.0,181.44418,3
382.3,379.82507,3
91.0,109.483986,3
300.0,208.99893,3
320.0,144.42752,3
262.4,218.46954,3
313.3,66.999725,3
76.3,102.4871,3
430.9,249.13109,3
49.0,82.365135,3
43.0,51.09617,3
372.0,391.9523,3
101.0,58.82801,3
107.8,273.12323,3
363.0,313.75153,3
330.9,210.15065,3
31.7,91.46857,3
15.0,77.80415,3
25.0,55.218067,3
43.0,48.18619,3
156.0,124.639145,3
179.0,140.75304,3
56.0,20.731157,3
491.6,230.6817,3
245.0,369.60114,3
154.0,121.050476,3
161.0,157.85364,3
281.0,197.47879,3
73.0,63.599808,3
343.2,351.1801,3
154.0,124.47665,3
341.7,207.49689,3
61.1,54.632236,3
43.0,140.6208,3
62.8,-20.893131,3
133.0,211.32092,3
363.2,254.19418,3
404.1,234.76822,3
296.6,227.74062,3
324.0,184.23065,3
179.0,107.54772,3
141.0,144.92953,3
141.0,98.55929,3
156.0,108.775986,3
102.0,58.07057,3
54.4,113.00636,3
143.0,128.1555,3
88.2,129.31929,3
245.0,198.20236,3
340.1,207.38779,3
89.9,92.29417,3
500.0,355.28693,3
316.3,180.47815,3
111.0,94.45702,3
372.0,344.48206,3
393.9,239.3721,3
363.0,298.58124,3
206.0,128.86082,3
73.0,40.00451,3
73.0,135.43256,3
363.2,201.1117,3
38.3,160.01224,3
158.0,187.1774,3
52.7,208.45737,3
121.0,125.73318,3
214.7,131.61336,3
63.0,131.21541,3
333.2,156.15546,3
300.0,226.84084,3
84.8,180.20139,3
160.0,144.66582,3
15.0,29.387249,3
344.0,167.41849,3
343.2,235.09293,3
114.7,61.965927,3
96.6,236.23813,3
223.0,113.566216,3
284.0,147.18173,3
500.0,395.22235,3
71.3,25.151665,3
402.5,226.35353,3
156.0,118.27655,3
36.0,74.030525,3
304.8,187.6614,3
154.0,147.9756,3
167.0,101.94192,3
284.0,121.15012,3
84.8,111.29333,3
304.8,172.26599,3
309.4,152.90356,3
36.7,180.0791,3
151.0,114.314476,3
341.7,278.1236,3
56.0,40.17891,3
29.0,189.61887,3
134.0,158.18976,3
71.3,113.848976,3
114.0,122.2118,3
43.0,36.458244,3
328.6,232.32257,3
156.0,159.41058,3
429.4,273.78906,3
141.0,134.8187,3
36.7,70.76753,3
395.4,251.21753,3
79.7,156.11386,3
91.6,156.71277,3
255.6,110.82549,3
230.0,202.43503,3
330.2,196.56705,3
327.1,308.53387,3
119.0,76.17681,3
306.4,263.53302,3
47.0,82.64727,3
325.6,269.42715,3
309.4,193.9833,3
140.0,156.85825,3
329.4,285.6463,3
103.0,108.19449,3
330.0,176.8442,3
230.0,189.96194,3
141.0,147.09631,3
101.0,149.59085,3
133.0,168.30702,3
331.0,295.6203,3
160.0,135.01086,3
49.0,103.1291,3
387.0,246.23816,3
162.0,138.7801,3
103.0,69.2246,3
37.0,66.12183,3
404.1,322.66998,3
341.7,374.83655,3
62.8,18.59595,3
47.0,37.191353,3
160.0,117.721306,3
325.6,145.67578,3
363.2,160.19954,3
43.0,52.57486,3
48.0,19.63168,3
15.0,38.08461,3
363.2,202.87521,3
73.0,54.79796,3
362.4,222.78198,3
163.0,121.58811,3
303.3,37.220814,3
141.0,145.09064,3
179.0,186.15683,3
493.1,235.64746,3
48.3,31.776726,3
317.1,276.92755,3
223.0,115.873566,3
103.0,74.427925,3
293.0,233.44449,3
490.8,208.54553,3
323.3,231.21149,3
160.0,134.14433,3
47.0,7.695466,3
245.4,133.88889,3
57.8,24.485107,3
59.4,157.17822,3
197.0,99.99779,3
48.0,2.334996,3
377.0,283.12454,3
337.8,376.32285,3
156.0,119.871925,3
154.0,127.14195,3
324.8,132.26013,3
248.8,217.6608,3
223.0,119.57021,3
141.0,142.53528,3
304.1,121.87803,3
154.0,137.88857,3
84.8,40.50585,3
98.3,307.11505,3
245.0,236.4554,3
252.2,146.12163,3
63.0,73.86766,3
163.0,148.56573,3
29.0,152.60327,3
309.4,309.16608,3
163.0,106.16359,3
97.0,41.484455,3
182.0,123.679955,3
351.7,193.92009,3
91.6,110.26646,3
46.7,23.800177,3
48.0,48.54805,3
47.0,43.76525,3
158.0,141.42924,3
47.0,6.361145,3
29.0,123.7733,3
230.0,215.50827,3
338.6,200.93579,3
156.0,120.92613,3
370.1,186.15736,3
43.3,143.80402,3
141.0,93.67958,3
259.0,152.59184,3
293.0,295.50433,3
124.0,103.45361,3
320.0,234.45616,3
289.8,132.19064,3
104.4,38.039734,3
104.0,144.93877,3
223.0,200.2375,3
370.1,252.25488,3
325.6,218.23944,3
223.0,99.84882,3
450.0,295.5995,3
156.0,137.57611,3
330.9,105.257835,3
54.4,31.56997,3
200.0,156.54124,3
328.6,284.1394,3
337.8,294.50446,3
70.0,50.941048,3
73.0,21.227192,3
344.7,120.8942,3
300.0,222.79358,3
179.0,101.837906,3
121.5,150.33191,3
56.0,66.113266,3
156.0,132.30656,3
47.0,49.860626,3
301.8,211.10393,3
143.0,170.05537,3
179.0,154.87274,3
218.1,274.3407,3
141.0,133.15018,3
36.0,-4.6501083,3
16.7,67.4763,3
245.4,140.32559,3
293.0,288.3687,3
362.4,253.96977,3
305.6,247.60405,3
56.1,124.34255,3
104.4,104.30118,3
363.0,349.96722,3
380.8,256.11057,3
265.9,209.7435,3
235.1,117.28547,3
73.0,62.062004,3
30.0,11.465656,3
440.1,167.90828,3
91.6,77.94347,3
141.0,141.16779,3
223.0,210.30795,3
202.0,172.12653,3
15.0,34.314686,3
93.2,160.11237,3
138.6,89.91799,3
223.0,239.23099,3
141.0,151.72003,3
363.0,387.495,3
380.0,221.48404,3
131.7,213.1201,3
114.0,93.273445,3
293.0,211.3446,3
143.0,126.52042,3
121.5,134.31424,3
88.2,157.51743,3
43.0,69.70567,3
133.0,209.48875,3
202.0,167.16599,3
279.5,178.27336,3
388.5,162.88306,3
88.2,94.11489,3
156.0,134.40932,3
363.0,425.6567,3
101.0,90.42268,3
141.0,119.529976,3
43.3,68.78092,3
141.0,113.633446,3
301.8,98.0288,3
156.0,206.56755,3
133.0,161.34497,3
45.0,110.82974,3
43.0,105.29402,3
103.0,80.20844,3
52.7,84.76415,3
300.0,258.01215,3
320.0,225.49353,3
41.0,62.779774,3
36.0,71.24294,3
141.0,118.32618,3
223.0,105.205605,3
340.1,29.387922,3
97.0,28.541235,3
71.0,52.159164,3
35.0,145.455,3
119.0,58.808235,3
214.7,175.40213,3
101.0,67.84539,3
309.4,94.557045,3
161.0,147.37918,3
48.0,42.634895,3
53.0,27.886745,3
23.3,14.627448,3
16.7,166.26068,3
268.0,153.6235,3
98.3,133.73285,3
301.8,188.24277,3
98.3,120.64647,3
318.7,170.1493,3
338.6,268.73227,3
299.0,117.020325,3
104.4,92.1891,3
334.0,162.77316,3
372.0,359.26434,3
159.0,135.8436,3
363.0,260.64423,3
79.7,265.27084,3
70.0,14.459491,3
372.0,372.36032,3
252.2,73.24273,3
100.0,161.30267,3
230.0,208.76096,3
313.3,107.84122,3
36.7,73.35725,3
281.0,261.888,3
338.6,376.64764,3
357.8,261.0406,3
197.0,108.824684,3
373.1,172.36151,3
330.2,118.79754,3
50.0,102.11196,3
140.0,122.55801,3
91.0,121.27511,3
101.0,134.13931,3
320.0,238.44142,3
53.0,43.28076,3
318.7,237.80444,3
68.0,26.98943,3
138.0,109.000694,3
23.3,66.9864,3
101.0,132.03821,3
151.0,96.38971,3
286.3,240.90366,3
337.8,75.66985,3
214.7,131.33354,3
145.4,173.13196,3
130.0,84.63913,3
331.7,363.89874,3
84.8,88.23942,3
351.7,184.28156,3
156.0,132.84534,3
118.1,66.71146,3
101.0,70.15444,3
141.0,152.94795,3
74.7,74.08016,3
52.7,24.88443,3
321.7,259.9926,3
330.9,193.70361,3
54.4,190.9129,3
293.0,289.7557,3
41.0,54.107597,3
230.0,179.30179,3
324.8,75.958046,3
124.0,135.45996,3
28.3,75.28838,3
281.0,280.09564,3
36.0,62.25308,3
197.0,125.891655,3
179.0,137.78896,3
293.0,247.47989,3
331.0,204.49942,3
404.1,277.0041,3
245.4,163.23988,3
202.0,167.0052,3
141.0,108.40622,3
41.7,173.3345,3
128.3,166.88011,3
91.6,16.73524,3
91.6,165.04999,3
327.1,179.26988,3
156.0,169.12967,3
141.0,125.43619,3
142.0,239.35289,3
36.7,2.7993145,3
343.2,288.6911,3
281.0,268.8587,3
296.6,122.006256,3
15.0,51.479416,3
289.8,90.18372,3
281.0,315.05283,3
141.0,154.88083,3
230.0,260.54016,3
141.0,162.88167,3
38.3,48.510414,3
94.9,81.419716,3
91.0,127.118744,3
334.8,160.28635,3
36.7,82.84561,3
242.0,242.41684,3
281.0,261.2741,3
33.3,87.06978,3
56.0,47.535484,3
71.0,63.784657,3
245.0,259.9042,3
158.0,164.2043,3
84.8,105.55962,3
91.6,240.95343,3
101.0,102.572334,3
76.0,93.32109,3
84.8,263.68057,3
97.0,54.70263,3
31.7,85.93635,3
37.0,53.314682,3
313.3,36.029007,3
269.3,101.26658,3
330.0,211.36005,3
293.0,285.12274,3
336.3,169.70901,3
141.0,123.368095,3
230.0,183.12662,3
51.0,50.450546,3
52.7,95.20645,3
449.0,208.75179,3
245.0,195.39632,3
91.0,119.674126,3
172.7,29.41227,3
63.0,147.763,3
230.0,202.03357,3
334.0,208.4548,3
29.0,74.04807,3
91.0,83.08739,3
102.0,84.71461,3
91.0,159.04031,3
389.3,115.27903,3
26.7,122.32873,3
230.0,221.87549,3
301.0,163.05801,3
318.7,364.94962,3
84.8,139.73392,3
26.7,56.05053,3
214.7,152.57663,3
145.4,177.53581,3
450.0,277.30927,3
179.5,156.87259,3
145.0,155.19327,3
71.0,54.47319,3
426.3,92.63596,3
156.0,155.53159,3
318.7,127.69764,3
156.0,303.8917,3
141.0,127.84881,3
38.3,100.09235,3
29.0,72.81603,3
103.0,80.80831,3
268.0,335.74988,3
156.0,110.78585,3
163.0,112.56226,3
268.0,243.00278,3
323.3,152.41348,3
158.0,150.71367,3
63.0,73.740906,3
154.0,115.14811,3
330.0,262.96545,3
86.5,106.496956,3
78.0,-1.6555274,3
36.7,209.72931,3
358.6,132.52455,3
127.0,143.90536,3
41.7,71.18281,3
312.5,259.28357,3
324.8,241.61412,3
160.0,128.92056,3
161.0,101.29272,3
141.0,115.7947,3
156.0,125.57927,3
94.9,199.09334,3
500.0,281.8122,3
86.5,149.50784,3
141.0,146.5641,3
83.1,106.61718,3
130.0,143.12909,3
56.1,190.68262,3
284.0,144.2153,3
284.0,192.4823,3
45.0,96.34586,3
162.0,157.05823,3
54.4,134.24374,3
160.0,118.982994,3
440.1,599.23267,3
380.0,340.29187,3
156.0,155.36583,3
359.3,213.87666,3
293.2,117.16279,3
500.0,131.78137,3
43.3,160.95863,3
386.2,295.23914,3
47.0,49.69358,3
334.8,159.91785,3
357.0,154.84233,3
66.2,121.09295,3
163.0,124.527466,3
104.0,130.13602,3
262.4,223.31921,3
238.6,204.56909,3
325.6,207.43213,3
370.1,362.24838,3
333.2,135.89859,3
335.5,187.39697,3
36.0,64.39967,3
141.0,139.12231,3
333.2,221.8464,3
325.6,259.82727,3
446.3,238.13734,3
91.0,117.343,3
73.0,61.637154,3
63.0,110.10255,3
269.3,322.93756,3
313.3,65.68355,3
111.0,118.83116,3
15.0,73.10444,3
88.2,148.97556,3
103.0,137.80917,3
165.9,134.75159,3
308.7,103.484146,3
245.0,200.51826,3
281.0,243.82938,3
307.1,232.30186,3
89.9,-14.939811,3
370.1,311.11026,3
331.0,228.79364,3
162.0,131.12459,3
395.4,292.15216,3
124.0,123.339165,3
369.3,159.14821,3
158.0,161.70654,3
230.0,221.29163,3
138.0,115.414665,3
230.0,213.94408,3
493.1,222.27348,3
303.3,228.7051,3
331.0,70.94076,3
47.0,71.877266,3
121.0,124.50477,3
32.0,31.965343,3
48.3,5.9653873,3
363.0,342.74808,3
161.0,161.56989,3
111.0,193.04819,3
307.1,67.67139,3
71.0,24.799644,3
141.0,81.788055,3
284.0,132.15778,3
64.5,25.938717,3
230.0,211.70659,3
138.0,114.19371,3
89.9,70.37935,3
32.0,35.760075,3
281.0,411.9491,3
262.4,108.97477,3
252.2,208.85709,3
130.0,89.01368,3
86.5,177.54276,3
148.8,63.74111,3
279.5,340.2041,3
133.0,188.73758,3
279.5,91.45774,3
101.0,78.705956,3
43.0,112.72254,3
293.2,59.541405,3
111.0,70.133026,3
329.4,314.55167,3
341.7,316.55835,3
94.9,214.24869,3
268.0,312.78418,3
29.0,162.44061,3
325.6,261.2076,3
92.0,55.213715,3
268.0,331.74142,3
23.3,38.69788,3
305.6,237.23969,3
130.0,78.87555,3
94.9,124.85672,3
334.8,207.14548,3
230.0,236.83272,3
337.1,147.08711,3
230.0,271.97928,3
162.0,122.3829,3
404.8,121.55453,3
393.9,283.7882,3
30.0,136.70027,3
84.8,129.59421,3
307.1,110.00438,3
163.0,139.68228,3
68.0,39.34101,3
156.0,139.89218,3
325.6,178.27832,3
293.0,240.37177,3
93.2,136.44281,3
238.6,257.52655,3
93.2,99.69597,3
141.0,105.66154,3
369.3,354.74307,3
79.7,102.25388,3
128.3,145.43771,3
230.0,172.10599,3
41.7,174.82362,3
32.0,31.235855,3
332.5,219.58145,3
141.0,83.03662,3
91.0,102.46523,3
29.0,90.09408,3
98.3,147.41882,3
68.0,39.847237,3
316.3,86.04717,3
402.5,290.0629,3
331.0,234.56882,3
54.4,74.63232,3
73.0,84.1436,3
70.0,64.48381,3
293.0,229.24104,3
41.7,80.73702,3
28.3,100.11492,3
337.8,157.24579,3
63.0,119.71856,3
302.5,263.54437,3
71.0,51.590324,3
160.0,139.37845,3
52.7,18.640553,3
15.0,-5.479248,3
252.2,91.49521,3
296.6,271.65466,3
163.0,142.39716,3
337.8,311.75574,3
138.6,166.43579,3
102.0,45.86821,3
202.0,174.84706,3
182.0,127.97552,3
15.0,-3.0061252,3
98.3,42.785233,3
159.0,204.80188,3
137.0,129.87482,3
45.0,173.78563,3
43.3,49.433983,3
449.0,197.78903,3
163.0,130.46082,3
276.1,121.22756,3
380.0,310.21628,3
62.8,127.56248,3
74.7,139.4001,3
328.6,211.81511,3
300.0,269.9768,3
121.0,72.82929,3
23.3,76.606865,3
35.0,9.336982,3
47.0,23.13542,3
293.0,309.8386,3
230.0,214.2897,3
160.0,128.27788,3
363.0,187.08371,3
333.2,153.35582,3
27.0,44.018177,3
320.0,223.47449,3
450.0,311.28857,3
141.0,127.90099,3
51.0,45.979145,3
363.0,512.59106,3
54.4,91.21803,3
138.0,120.48365,3
106.0,67.37441,3
293.0,236.47102,3
142.0,87.52265,3
92.0,44.859943,3
380.8,-199.07593,3
230.0,177.43262,3
372.0,307.9773,3
230.0,184.4192,3
449.0,272.08926,3
179.0,151.8319,3
43.0,69.984985,3
331.7,315.72308,3
372.0,225.7755,3
78.0,93.89976,3
107.8,213.25157,3
337.8,177.81845,3
156.0,124.017815,3
104.0,123.786514,3
344.0,57.18021,3
496.2,308.76855,3
78.0,194.65465,3
38.3,90.07336,3
145.4,185.28397,3
35.0,177.18875,3
105.0,86.446785,3
179.5,110.59997,3
91.0,136.9835,3
311.7,40.285046,3
329.4,230.08517,3
145.4,112.57702,3
245.0,316.0744,3
61.1,195.45941,3
331.0,147.50343,3
324.8,132.27585,3
101.0,100.84594,3
26.7,186.2283,3
325.6,266.92828,3
69.6,210.26686,3
20.0,124.61436,3
97.0,59.040794,3
309.4,194.3084,3
86.5,103.29157,3
299.0,153.13312,3
333.2,203.38882,3
98.3,160.00589,3
299.0,214.33197,3
136.0,110.39266,3
318.7,174.0976,3
163.0,120.134575,3
111.0,96.2602,3
331.0,125.68694,3
306.4,159.76096,3
47.0,69.388084,3
141.0,102.89828,3
269.3,183.48512,3
158.0,132.90588,3
43.0,51.99486,3
69.6,112.756676,3
111.0,78.60053,3
162.0,129.6257,3
37.0,19.729158,3
47.0,47.34227,3
100.0,123.145096,3
330.2,249.7977,3
62.8,22.964548,3
159.0,142.3293,3
158.0,132.25699,3
133.0,203.31216,3
245.0,271.42902,3
124.9,25.40583,3
309.4,75.5523,3
35.0,73.057884,3
47.0,41.06678,3
199.0,172.84879,3
500.0,151.90918,3
107.8,130.1741,3
449.0,157.41428,3
230.0,215.16565,3
47.0,17.19365,3
370.1,224.68475,3
357.8,164.24242,3
156.0,115.71049,3
98.3,127.94286,3
159.0,130.31657,3
309.4,224.8681,3
161.0,151.34741,3
450.0,155.88329,3
331.0,288.0473,3
360.1,250.04877,3
38.3,118.1749,3
37.0,30.19119,3
324.8,220.22612,3
163.0,124.78084,3
500.0,335.72375,3
104.0,119.441574,3
156.0,172.12328,3
449.0,263.16544,3
344.0,174.6806,3
134.0,177.46867,3
449.0,183.4045,3
324.8,180.67851,3
450.0,299.87592,3
47.0,49.94463,3
78.0,41.59681,3
293.0,273.01004,3
328.6,276.24762,3
450.0,275.74652,3
293.0,375.75986,3
160.0,134.32556,3
30.0,51.68787,3
450.0,287.06155,3
43.3,-1.4223783,3
124.0,125.3503,3
272.7,146.21387,3
160.0,109.79962,3
51.0,276.6385,3
360.1,418.09918,3
214.7,281.80267,3
221.5,66.71231,3
388.5,134.43861,3
363.0,133.87206,3
337.8,297.41043,3
248.8,253.15092,3
103.0,166.3743,3
91.6,63.642155,3
68.0,26.159723,3
141.0,160.47455,3
331.0,149.44281,3
93.2,61.92267,3
330.2,178.49332,3
163.0,149.38184,3
179.0,110.35941,3
179.0,168.63742,3
228.3,239.188,3
193.2,77.111824,3
230.0,175.74626,3
163.0,154.86185,3
141.0,110.31006,3
500.0,114.51519,3
54.4,175.37576,3
337.1,97.89698,3
281.0,197.03247,3
30.0,122.50892,3
51.0,113.99781,3
372.0,383.34662,3
404.1,140.46155,3
163.0,150.94199,3
138.6,103.691246,3
321.7,253.20023,3
449.0,219.55887,3
449.0,330.62833,3
335.5,35.810486,3
131.7,123.00831,3
265.9,125.30295,3
284.0,183.51128,3
91.6,134.07861,3
141.0,34.68447,3
83.1,160.18274,3
311.7,126.06821,3
36.7,90.57523,3
91.6,180.38452,3
141.0,125.54188,3
136.0,80.58149,3
279.5,95.32548,3
238.6,134.27905,3
268.0,216.82451,3
238.6,266.83447,3
245.0,258.4463,3
103.0,100.19059,3
238.6,72.20061,3
154.0,148.53683,3
36.0,113.28751,3
37.0,86.91035,3
331.0,192.34778,3
262.4,282.41544,3
47.0,58.46731,3
131.7,21.445251,3
316.3,162.21335,3
161.0,125.20781,3
118.1,247.6485,3
449.0,163.07867,3
379.3,246.06512,3
45.0,148.56174,3
71.3,87.62386,3
141.0,111.633026,3
300.0,238.37839,3
78.0,-6.5110083,3
114.7,93.225044,3
342.4,215.76875,3
141.0,122.48222,3
51.0,175.75055,3
40.0,67.5409,3
320.0,286.37622,3
393.1,251.8617,3
245.0,199.41284,3
162.0,133.7496,3
26.7,80.41201,3
131.7,229.21906,3
262.4,210.1477,3
323.3,370.2223,3
296.6,130.94385,3
56.1,194.73639,3
386.2,415.79904,3
340.1,339.68018,3
248.8,117.760414,3
300.0,293.31363,3
314.0,316.31226,3
63.0,56.83041,3
346.3,294.40732,3
158.0,150.82318,3
334.8,259.23395,3
334.8,224.52519,3
245.0,414.61407,3
69.6,8.513187,3
124.0,129.29446,3
320.0,200.81918,3
93.2,65.97607,3
293.0,256.87878,3
130.0,81.28314,3
138.6,190.63683,3
140.0,146.5256,3
268.0,243.70702,3
341.7,152.36021,3
73.0,36.938362,3
63.0,123.58602,3
450.0,300.5043,3
141.0,126.13382,3
286.3,254.14207,3
330.0,277.7469,3
299.0,201.33447,3
245.4,158.18028,3
141.0,83.99122,3
83.1,216.53775,3
68.0,86.26877,3
97.0,68.615364,3
161.0,78.81407,3
141.0,86.19132,3
86.5,140.85768,3
152.2,119.048584,3
141.0,108.68013,3
496.2,175.64844,3
107.8,122.49676,3
238.6,288.99188,3
69.6,79.82415,3
223.0,209.95686,3
204.4,69.1001,3
76.3,115.13162,3
91.6,213.18953,3
156.0,156.85815,3
331.0,220.68314,3
279.5,246.17114,3
128.3,100.9798,3
128.3,135.8691,3
142.0,176.27028,3
450.0,260.88928,3
106.0,41.04867,3
324.0,182.01251,3
320.0,128.65506,3
306.4,130.73532,3
331.7,239.18,3
31.7,95.56491,3
262.4,195.05795,3
141.0,133.56816,3
317.9,165.57498,3
363.0,188.84277,3
450.0,393.99567,3
141.0,119.56334,3
21.7,193.95367,3
21.7,54.177803,3
33.3,87.64013,3
25.0,76.449905,3
91.0,95.95042,3
131.7,190.45184,3
104.0,102.03363,3
97.0,25.9567,3
96.6,113.71262,3
15.0,15.385525,3
197.0,122.353165,3
386.2,235.68681,3
51.0,90.75975,3
162.4,278.7313,3
67.9,27.337194,3
450.0,462.5892,3
40.0,174.10971,3
387.0,279.82617,3
140.0,120.27052,3
293.0,268.05698,3
204.4,151.15204,3
245.0,169.47595,3
245.0,205.96661,3
48.0,17.337437,3
363.0,171.28653,3
141.0,105.60972,3
158.0,121.08979,3
35.0,131.05406,3
457.0,262.82703,3
293.0,359.20068,3
299.0,112.77732,3
162.0,129.10509,3
50.0,248.88126,3
59.4,195.49886,3
145.0,175.25995,3
324.8,253.96898,3
145.0,165.62033,3
380.0,280.6287,3
63.0,17.307201,3
136.0,76.69315,3
245.4,142.07764,3
43.0,170.05165,3
331.7,184.33582,3
370.1,147.45734,3
330.2,142.06302,3
96.6,124.86324,3
327.1,225.65652,3
35.0,107.80381,3
245.4,113.822784,3
141.0,61.473763,3
29.0,68.52212,3
347.8,367.69824,3
64.5,105.18283,3
56.1,156.63605,3
300.0,308.37897,3
450.0,336.53284,3
91.0,118.038864,3
119.0,157.85828,3
293.0,403.84207,3
199.0,160.75504,3
121.0,178.43723,3
324.8,209.43265,3
372.0,385.53314,3
342.4,339.0465,3
230.0,183.89929,3
329.4,194.66946,3
121.0,130.57541,3
104.0,162.45724,3
317.9,212.558,3
68.0,36.167213,3
145.4,258.51324,3
202.0,185.73026,3
158.0,151.0076,3
300.0,237.73682,3
370.1,319.80505,3
91.0,143.71964,3
141.0,111.771675,3
59.4,104.22455,3
43.0,142.06012,3
121.0,137.58926,3
46.7,157.76965,3
330.9,275.59998,3
51.0,52.5179,3
496.2,333.48694,3
64.5,168.06194,3
138.0,110.14519,3
3.3,87.937775,3
61.1,144.13432,3
102.0,87.64945,3
106.0,70.52839,3
450.0,363.626,3
312.5,159.33768,3
324.0,309.38892,3
25.0,45.362255,3
320.0,187.15555,3
339.4,223.34833,3
242.0,150.98032,3
223.0,170.17783,3
136.0,70.926186,3
327.9,179.21538,3
342.4,220.9304,3
305.6,180.18039,3
450.0,245.89575,3
81.4,35.958527,3
43.3,145.2731,3
68.0,97.21026,3
351.7,64.9505,3
15.0,23.893208,3
334.0,193.93143,3
199.0,101.108315,3
43.3,47.850647,3
141.0,80.5075,3
296.6,163.6777,3
334.8,183.36143,3
138.0,121.55045,3
154.0,124.10681,3
134.0,178.0738,3
303.3,201.64688,3
76.3,160.65854,3
276.1,158.60434,3
70.0,75.537926,3
43.3,200.26642,3
84.8,115.418,3
47.0,36.52977,3
68.0,55.953907,3
265.9,192.69128,3
450.9,226.03207,3
51.0,7.539603,3
230.0,170.28069,3
281.0,249.977,3
393.1,261.50937,3
334.8,167.19641,3
329.4,256.34277,3
342.4,167.79022,3
94.9,181.80229,3
156.0,131.67014,3
167.0,96.452774,3
329.4,115.48925,3
38.3,64.74374,3
245.0,159.21207,3
47.0,41.91992,3
124.0,113.08413,3
91.0,89.17148,3
124.9,21.492985,3
140.0,135.59448,3
140.0,159.4801,3
103.0,84.17516,3
163.0,111.50379,3
152.2,174.99167,3
43.0,40.202003,3
141.0,151.72443,3
325.6,185.14127,3
370.8,353.67606,3
387.0,387.07538,3
62.8,74.961586,3
56.1,41.61464,3
331.0,229.66687,3
328.6,235.26527,3
284.0,144.57657,3
138.0,130.68584,3
119.0,80.03217,3
493.1,228.75165,3
36.0,79.86851,3
284.0,138.10118,3
460.1,344.03864,3
325.6,251.6053,3
158.0,154.42755,3
321.0,276.03308,3
156.0,117.67394,3
330.9,207.39307,3
73.0,57.841785,3
56.0,62.887627,3
68.0,27.6988,3
252.2,100.26186,3
230.0,210.27075,3
330.0,282.03897,3
135.1,231.06769,3
449.0,311.47534,3
248.8,137.61324,3
69.6,231.665,3
15.0,34.83973,3
51.0,34.83457,3
331.7,221.67253,3
318.7,226.76299,3
47.0,50.19774,3
293.0,161.2728,3
329.4,223.86171,3
141.0,139.49371,3
105.0,125.23334,3
163.0,115.43641,3
152.0,131.19957,3
141.0,115.845856,3
156.0,132.74509,3
93.2,203.02467,3
29.0,187.10773,3
121.0,147.49855,3
332.5,227.66272,3
93.2,108.02141,3
230.0,193.2427,3
318.7,270.36914,3
301.8,131.07608,3
53.0,65.66431,3
93.2,105.93812,3
500.0,186.71811,3
337.8,250.52933,3
334.8,219.04486,3
358.6,159.78525,3
281.0,246.36432,3
32.0,64.3102,3
52.7,93.215675,3
179.0,201.44098,3
329.4,290.67737,3
500.0,368.92538,3
363.0,395.65283,3
41.7,180.36067,3
47.0,42.373276,3
88.2,52.545723,3
500.0,276.95514,3
459.3,-211.60493,3
48.0,22.969059,3
30.0,158.46393,3
245.0,213.49762,3
124.0,125.73856,3
107.0,141.86877,3
331.0,138.5944,3
43.0,47.50488,3
265.9,186.13582,3
329.4,300.69214,3
496.2,281.68115,3
449.0,127.0499,3
156.0,144.86989,3
152.0,174.50436,3
156.0,126.93554,3
330.9,187.74472,3
245.0,135.82585,3
40.0,55.122826,3
92.0,65.524826,3
303.3,112.62228,3
449.0,191.43872,3
199.0,145.2675,3
68.0,-9.5577755,3
356.3,276.97156,3
206.0,131.41821,3
62.8,172.68567,3
293.0,334.30942,3
156.0,139.46893,3
162.4,82.54533,3
496.2,211.34532,3
141.0,116.15986,3
386.2,175.0748,3
500.0,131.47327,3
98.3,192.62886,3
158.0,148.48817,3
54.4,121.9734,3
93.2,127.81016,3
466.2,272.26196,3
363.0,400.14096,3
26.7,105.53078,3
92.0,57.15779,3
380.0,250.01303,3
114.0,117.30358,3
230.0,208.54654,3
199.0,118.03279,3
156.0,156.13034,3
103.0,100.426735,3
76.3,73.86854,3
252.2,146.17976,3
230.0,222.01385,3
62.8,79.841515,3
242.0,162.31158,3
230.0,241.93549,3
331.0,69.67137,3
133.0,150.80362,3
312.5,151.46812,3
199.0,189.83708,3
89.9,75.29554,3
255.6,166.89932,3
363.2,150.39922,3
37.0,124.019356,3
319.4,301.54974,3
302.5,251.13934,3
363.0,511.47296,3
71.0,51.491867,3
328.6,278.90466,3
197.0,111.55771,3
52.7,142.07475,3
91.0,143.0668,3
43.0,104.57855,3
360.9,171.70174,3
45.0,123.087906,3
47.0,-0.79111433,3
281.0,345.6031,3
163.0,109.64361,3
114.0,116.480354,3
104.4,87.43185,3
296.6,147.21188,3
156.0,130.15846,3
154.0,155.77371,3
53.0,53.52906,3
56.1,79.35026,3
73.0,108.1507,3
321.0,104.4085,3
78.0,44.585632,3
71.0,50.114925,3
154.0,151.77866,3
154.0,199.26984,3
158.0,174.37833,3
328.6,115.33039,3
363.0,389.96533,3
314.8,69.639725,3
317.9,207.26382,3
331.0,257.9054,3
334.0,301.48758,3
124.0,97.79033,3
331.0,251.39926,3
230.0,225.61441,3
339.4,89.389145,3
162.0,135.98193,3
45.0,47.489124,3
154.0,160.8667,3
51.0,6.009078,3
68.0,46.57186,3
158.0,163.75394,3
156.0,172.74896,3
91.0,84.251854,3
496.2,301.04272,3
89.9,96.02242,3
334.8,137.0729,3
106.0,24.176987,3
284.0,124.0801,3
230.0,193.87491,3
230.0,207.2302,3
36.0,77.334724,3
279.5,200.40208,3
245.0,347.71384,3
179.0,141.6774,3
43.3,218.09879,3
52.7,60.422085,3
500.0,280.3969,3
301.0,90.704,3
156.0,150.57,3
156.0,172.53505,3
307.1,186.81778,3
141.0,183.5072,3
29.0,163.07858,3
124.9,79.43995,3
230.0,176.63062,3
242.0,249.89326,3
156.0,154.05756,3
43.3,134.46301,3
333.2,150.95465,3
268.0,228.16312,3
162.0,133.92944,3
363.9,198.21397,3
281.0,357.42432,3
121.0,41.24469,3
71.0,46.879906,3
281.0,197.05675,3
245.0,320.16318,3
162.0,141.87079,3
331.0,174.89291,3
56.1,47.227417,3
141.0,97.459724,3
330.9,103.62171,3
429.4,228.05179,3
245.0,286.29037,3
341.7,277.56793,3
396.9,253.88956,3
101.0,138.75046,3
121.0,132.66306,3
309.4,176.61104,3
305.6,132.80188,3
43.0,160.4032,3
141.0,116.3451,3
329.4,306.6444,3
53.0,53.672024,3
160.0,156.34314,3
328.6,158.67456,3
496.2,283.44427,3
45.0,49.963345,3
138.0,276.96954,3
500.0,267.79102,3
363.0,110.96295,3
111.0,94.495766,3
331.7,280.14252,3
48.3,55.47701,3
321.0,113.16253,3
141.0,142.1366,3
118.1,90.27152,3
230.0,188.57736,3
104.0,139.32837,3
47.0,52.64588,3
154.0,114.024216,3
372.0,340.33356,3
76.3,80.898155,3
47.0,22.85243,3
163.0,136.63957,3
245.0,171.84268,3
293.0,176.58777,3
269.3,194.80023,3
449.0,245.73318,3
141.0,147.05966,3
347.8,416.88232,3
447.8,79.701775,3
330.0,150.26062,3
152.2,43.763096,3
230.0,211.41907,3
70.0,45.352898,3
317.9,173.0831,3
54.4,136.71892,3
327.1,194.03287,3
158.0,178.44846,3
68.0,58.321228,3
43.0,57.454735,3
152.2,69.73984,3
304.1,210.7955,3
154.0,104.085106,3
156.0,142.95825,3
360.1,264.15002,3
245.0,187.51277,3
301.0,88.062126,3
327.1,178.74805,3
41.7,146.65985,3
47.0,54.85376,3
71.0,53.147438,3
331.0,275.5216,3
43.3,203.87129,3
103.0,96.43913,3
325.6,219.69211,3
230.0,240.29987,3
62.8,83.92338,3
32.0,50.275536,3
47.0,19.563515,3
179.0,182.0042,3
51.0,26.450182,3
301.8,172.58142,3
152.2,20.47356,3
54.4,104.22138,3
56.0,24.34003,3
224.9,211.6419,3
86.5,101.71371,3
248.8,104.44175,3
199.0,118.17765,3
382.3,236.57533,3
43.0,20.503387,3
245.0,296.3404,3
154.0,99.19041,3
252.2,184.89232,3
138.0,96.13598,3
334.0,296.32135,3
134.0,132.91374,3
380.0,246.52798,3
342.4,264.03674,3
333.2,137.2424,3
281.0,149.24986,3
300.0,251.8631,3
124.9,214.89952,3
138.0,114.67225,3
151.0,130.85536,3
158.0,131.06525,3
282.9,211.01877,3
335.5,163.6547,3
336.3,189.029,3
182.9,290.3139,3
411.0,240.81563,3
163.0,120.19639,3
299.0,163.27408,3
141.0,103.37336,3
335.5,184.19737,3
36.0,12.514725,3
86.5,125.07812,3
384.7,386.0569,3
334.0,356.2569,3
311.0,167.07167,3
92.0,45.16201,3
15.0,58.981735,3
305.6,203.36926,3
315.6,173.09541,3
393.9,207.84334,3
330.2,118.6426,3
141.0,89.10339,3
230.0,265.64896,3
325.6,265.64325,3
245.0,294.2596,3
163.0,153.35046,3
119.0,109.64022,3
199.0,192.08617,3
156.0,153.40839,3
363.0,424.71954,3
363.0,309.61386,3
230.0,158.46338,3
320.0,229.90805,3
363.0,275.2854,3
138.6,135.09679,3
496.2,269.2317,3
145.0,110.509575,3
500.0,84.26867,3
432.5,189.55571,3
128.3,86.305305,3
323.3,262.02313,3
68.0,-1.2006781,3
156.0,140.31439,3
141.0,176.02133,3
52.7,122.56478,3
360.9,205.20287,3
43.0,33.6642,3
101.0,141.85995,3
131.7,112.41262,3
281.0,243.02814,3
186.3,66.47413,3
293.0,279.17154,3
56.0,48.673225,3
231.7,279.94983,3
377.0,298.10925,3
402.5,188.89532,3
47.0,46.458958,3
50.0,-12.936535,3
340.1,217.30547,3
38.3,157.1781,3
83.1,87.63238,3
330.0,394.94223,3
160.0,124.93421,3
450.0,320.76447,3
450.0,354.52734,3
145.4,67.96975,3
158.0,140.14587,3
500.0,22.634823,3
133.0,83.34403,3
179.0,133.94922,3
40.0,26.325174,3
332.5,250.59921,3
340.1,190.11118,3
141.0,117.43738,3
101.0,106.617584,3
179.5,80.38159,3
119.0,213.672,3
500.0,98.21226,3
36.0,27.915123,3
402.5,222.13474,3
299.0,159.1138,3
103.0,118.86001,3
242.0,153.8656,3
101.0,141.82913,3
242.0,180.47092,3
340.1,206.61276,3
121.5,177.02737,3
358.6,124.85261,3
334.8,168.54288,3
134.0,204.12192,3
51.0,104.5529,3
91.0,100.32246,3
43.3,78.70626,3
309.4,204.24692,3
43.0,-125.65555,3
52.7,69.558334,3
315.6,261.04254,3
54.4,11.196725,3
156.0,89.7619,3
333.2,314.27103,3
91.6,87.22534,3
43.0,14.820354,3
136.0,83.042206,3
235.1,309.3982,3
158.0,192.43057,3
245.0,257.41956,3
48.0,25.693714,3
134.0,220.00957,3
341.7,259.69345,3
306.4,116.33193,3
40.0,28.060738,3
230.0,244.01749,3
357.8,226.62596,3
35.0,204.71957,3
156.0,135.5163,3
334.8,170.56467,3
71.3,13.103153,3
91.0,103.412224,3
89.9,114.621895,3
114.7,125.44328,3
340.1,89.6293,3
156.0,144.18442,3
78.0,-107.626976,3
337.8,343.87933,3
53.0,41.026825,3
43.0,62.050716,3
128.0,114.51033,3
91.0,86.747246,3
370.1,189.83647,3
245.4,327.97842,3
114.7,152.25522,3
357.0,150.01874,3
324.8,151.64238,3
151.0,106.73409,3
272.7,172.10722,3
107.8,127.13694,3
158.0,127.664955,3
429.4,339.0255,3
331.7,211.96182,3
293.0,225.91222,3
160.0,101.02929,3
324.8,188.23247,3
404.1,262.0531,3
156.0,153.36276,3
101.0,118.76135,3
88.2,67.36941,3
91.0,113.600624,3
43.0,102.124794,3
45.0,63.340527,3
47.0,69.732216,3
32.0,27.517826,3
339.4,258.0617,3
312.5,165.81372,3
449.0,310.8532,3
245.0,341.23706,3
235.1,268.1391,3
429.4,124.0895,3
362.4,207.80754,3
141.0,109.79723,3
91.0,116.34486,3
143.0,155.0592,3
500.0,222.77121,3
357.8,216.37854,3
107.8,195.1258,3
351.7,133.91232,3
67.9,119.87174,3
343.2,142.90358,3
71.0,22.994482,3
310.2,101.68118,3
289.8,294.76953,3
377.0,307.68176,3
48.0,-4.9561167,3
47.0,15.099285,3
354.7,458.5493,3
158.0,157.2196,3
327.9,149.5383,3
324.0,143.18341,3
59.4,158.64682,3
100.0,141.57176,3
134.0,145.1217,3
104.4,61.72236,3
158.0,139.07391,3
47.0,22.247139,3
457.0,225.16158,3
301.0,71.66404,3
336.3,157.74641,3
103.0,176.33398,3
357.0,188.34036,3
377.0,277.21396,3
54.4,209.69615,3
230.0,167.59106,3
449.0,238.55714,3
91.0,75.73487,3
36.0,32.00991,3
141.0,121.64004,3
156.0,155.49129,3
84.8,115.20844,3
276.1,44.522507,3
289.8,296.00842,3
36.0,88.832214,3
339.4,119.96394,3
340.1,187.93832,3
101.0,87.277176,3
343.2,317.93573,3
404.1,309.30725,3
281.0,313.8115,3
156.0,153.17027,3
345.5,274.42145,3
111.0,75.45488,3
33.3,121.52113,3
154.0,166.5292,3
25.0,86.487206,3
457.0,211.21463,3
281.0,270.51566,3
357.8,132.7907,3
43.0,27.84171,3
276.1,275.6781,3
230.0,255.06558,3
79.7,41.77568,3
154.0,150.9436,3
449.0,280.81512,3
100.0,83.01263,3
300.0,255.11139,3
330.9,144.78827,3
299.0,151.96985,3
52.7,99.31756,3
107.8,77.962364,3
43.0,56.218372,3
62.8,102.86454,3
269.3,151.84091,3
141.0,104.0852,3
160.0,131.30592,3
68.0,4.0517836,3
52.7,134.56537,3
158.0,154.54858,3
52.7,11.092012,3
165.9,135.06523,3
303.3,189.33055,3
73.0,93.269165,3
51.0,79.64446,3
314.8,92.349434,3
202.0,162.0745,3
429.4,181.37823,3
160.0,137.5805,3
281.0,338.0635,3
320.0,250.52727,3
141.0,161.96979,3
138.6,66.953865,3
156.0,169.33084,3
328.6,181.72601,3
59.4,80.22425,3
341.7,262.10843,3
158.0,140.61209,3
142.0,240.64474,3
334.8,274.88983,3
68.0,-13.467461,3
145.0,132.34717,3
156.0,133.32115,3
36.7,172.46332,3
321.0,166.8635,3
43.0,111.067894,3
441.7,226.74576,3
265.9,170.1661,3
331.0,170.19254,3
128.3,200.978,3
25.0,111.519966,3
71.0,52.29428,3
450.0,318.389,3
141.0,75.042496,3
63.0,67.91649,3
363.0,407.0021,3
156.0,176.96988,3
363.0,278.2411,3
333.2,179.07468,3
141.0,178.14081,3
199.0,148.82553,3
63.0,92.29367,3
357.8,292.83463,3
119.0,54.488632,3
259.0,244.52205,3
141.0,133.33266,3
81.4,38.81329,3
449.0,243.13286,3
386.2,406.4912,3
342.4,121.5624,3
43.0,83.23739,3
309.4,118.201096,3
57.8,109.04531,3
15.0,82.593285,3
484.7,365.08075,3
154.0,178.29803,3
370.1,322.67886,3
101.0,129.94057,3
358.6,267.24725,3
293.0,327.0265,3
141.0,140.27763,3
54.4,135.63385,3
68.0,73.57923,3
96.6,89.67911,3
496.2,266.274,3
49.0,82.041595,3
103.0,147.32031,3
338.6,187.81215,3
121.0,138.2908,3
36.0,49.057274,3
347.0,-12.709466,3
449.0,409.75858,3
230.0,210.83783,3
111.0,95.50084,3
96.6,253.47614,3
230.0,251.62036,3
114.7,150.21957,3
159.0,130.56265,3
306.4,87.91415,3
363.0,351.7534,3
156.0,133.4137,3
56.1,257.96713,3
56.0,53.333412,3
88.2,71.61596,3
307.1,288.8721,3
91.0,108.906044,3
324.8,111.03843,3
104.0,144.98007,3
91.0,101.14676,3
199.0,186.42497,3
73.0,99.97732,3
491.6,267.62592,3
162.0,143.48712,3
27.0,106.49926,3
387.0,221.48404,3
327.1,211.06348,3
88.2,25.720585,3
86.5,128.2195,3
105.0,110.489944,3
131.7,197.09485,3
50.0,48.937157,3
357.0,210.68771,3
107.8,76.975426,3
140.0,115.89665,3
37.0,67.71312,3
321.0,202.17761,3
268.0,191.11838,3
41.0,59.10414,3
155.6,84.52948,3
78.0,60.269928,3
202.0,165.4254,3
206.0,137.30504,3
163.0,91.83268,3
309.4,105.24795,3
47.0,45.185234,3
152.2,96.601234,3
230.0,204.42853,3
26.7,151.42055,3
450.0,430.3919,3
83.1,68.328224,3
156.0,136.44861,3
121.0,104.009254,3
51.0,41.921516,3
299.0,156.4042,3
363.0,198.3801,3
360.1,237.71367,3
97.0,48.49181,3
311.7,151.09265,3
135.1,188.72188,3
293.0,170.24734,3
272.7,118.54126,3
330.2,179.15582,3
159.0,131.51492,3
36.7,79.32299,3
252.2,10.370022,3
314.8,187.6611,3
57.8,32.73807,3
300.0,129.43744,3
94.9,56.51312,3
66.2,95.06003,3
104.0,128.3115,3
370.1,252.9123,3
154.0,176.71342,3
61.1,165.59514,3
326.3,235.6755,3
343.2,222.63309,3
101.0,80.46971,3
265.9,140.17683,3
268.0,276.3423,3
37.0,51.151394,3
207.8,143.87102,3
500.0,191.71657,3
372.0,332.98108,3
91.0,119.55831,3
230.0,201.58676,3
230.0,240.21616,3
100.0,87.82632,3
142.0,282.10406,3
324.8,80.13638,3
341.7,194.2314,3
363.0,208.82657,3
104.0,163.25763,3
245.0,311.90942,3
363.0,151.12244,3
334.8,237.74275,3
331.0,238.44142,3
138.0,125.42854,3
363.9,303.8451,3
279.5,194.66415,3
154.0,187.94885,3
141.0,203.39268,3
363.2,220.42455,3
97.0,77.140724,3
91.0,123.10545,3
429.4,307.37585,3
63.0,106.52178,3
37.0,48.997047,3
131.7,117.91753,3
49.0,72.578285,3
94.9,202.62495,3
33.3,129.06429,3
317.9,200.1138,3
167.0,89.31112,3
141.0,108.11869,3
91.6,152.01875,3
48.3,88.0984,3
230.0,218.30566,3
156.0,145.91266,3
161.0,137.45284,3
331.0,264.76166,3
230.0,215.4404,3
98.3,40.35256,3
324.8,112.902885,3
84.8,92.333015,3
43.0,67.99551,3
230.0,165.09105,3
245.4,130.48206,3
336.3,147.3172,3
101.0,133.8997,3
145.0,213.42755,3
328.6,249.60301,3
301.0,156.24121,3
457.0,270.04056,3
138.0,200.96306,3
321.0,173.54866,3
301.8,151.23178,3
101.0,87.58601,3
268.0,199.2984,3
91.0,99.85392,3
145.0,158.29803,3
163.0,102.83172,3
121.0,115.61527,3
50.0,130.20393,3
293.0,263.84164,3
262.4,35.409325,3
182.0,162.64435,3
324.8,210.65161,3
324.8,180.823,3
141.0,143.16113,3
199.0,207.22183,3
343.2,166.2883,3
358.6,157.42563,3
140.0,145.81166,3
154.0,193.04211,3
429.4,247.91803,3
450.0,277.0506,3
68.0,39.42536,3
29.0,155.89194,3
131.7,237.87448,3
