true_aqi,predicted_aqi,fold
245.0,275.66074,2
163.0,107.58114,2
101.0,149.66235,2
29.0,86.84852,2
98.3,101.03385,2
293.0,132.55106,2
169.3,87.40085,2
13.3,42.993458,2
179.0,167.97258,2
96.6,54.12803,2
363.9,248.22824,2
301.0,135.22783,2
429.4,236.98326,2
158.0,138.76228,2
70.0,45.913013,2
142.0,149.5083,2
103.0,80.09566,2
211.2,61.352184,2
284.0,130.58476,2
214.7,56.54994,2
342.4,192.74335,2
130.0,99.215485,2
230.0,197.65279,2
43.0,13.709126,2
156.0,122.901215,2
54.4,111.56192,2
386.2,243.00465,2
167.0,135.40475,2
107.0,144.83777,2
73.0,62.141582,2
262.4,114.08081,2
136.0,58.78717,2
316.3,153.90096,2
282.9,230.33571,2
325.6,51.412994,2
207.8,79.9325,2
156.0,115.336136,2
255.6,220.53688,2
133.0,173.4735,2
128.3,107.30968,2
202.0,138.90364,2
321.0,149.06865,2
64.5,183.8334,2
230.0,204.84521,2
128.3,128.33875,2
93.2,115.01473,2
167.0,118.56549,2
138.0,114.30689,2
74.7,256.67175,2
223.0,173.367,2
281.0,183.61334,2
307.9,231.806,2
47.0,56.93071,2
73.0,58.243755,2
66.2,106.1041,2
30.0,70.590256,2
88.2,107.38482,2
107.0,119.03228,2
327.1,129.77997,2
341.7,194.29947,2
158.0,127.81094,2
324.8,229.95277,2
326.3,216.92592,2
93.2,24.587896,2
324.8,136.46918,2
33.3,-7.599206,2
141.0,93.63071,2
154.0,129.8163,2
103.0,84.95874,2
140.0,127.518776,2
404.8,111.347305,2
328.6,226.16438,2
40.0,115.3118,2
78.0,94.129,2
268.0,189.90164,2
301.0,123.48678,2
262.4,38.61543,2
284.0,151.0342,2
318.7,272.37308,2
279.5,130.8091,2
68.0,49.690147,2
111.0,96.48378,2
151.0,104.79198,2
230.0,236.218,2
307.1,93.39405,2
154.0,134.89365,2
38.3,84.42537,2
163.0,132.15352,2
158.0,123.81041,2
101.0,46.114357,2
36.0,26.610207,2
360.9,256.15332,2
104.0,106.30066,2
141.0,100.051865,2
47.0,7.7765293,2
88.2,117.38251,2
59.4,63.797447,2
73.0,132.39903,2
37.0,41.925438,2
169.3,226.40448,2
373.1,201.8143,2
141.0,111.0193,2
151.0,97.50493,2
23.3,50.059933,2
73.0,26.301676,2
36.0,21.758673,2
182.0,138.29716,2
206.0,131.10196,2
324.8,270.28442,2
49.0,62.579384,2
450.0,269.92935,2
387.0,205.74077,2
43.3,121.01557,2
176.1,201.15617,2
121.0,109.016685,2
103.0,66.88748,2
56.0,43.737778,2
230.0,164.5768,2
245.0,252.98262,2
158.0,122.51277,2
309.4,153.75633,2
496.2,239.19762,2
8.3,64.57628,2
36.0,27.958141,2
163.0,141.2483,2
56.0,69.29845,2
98.3,137.0727,2
268.0,318.45883,2
449.0,156.00237,2
163.0,152.58356,2
357.8,75.86299,2
73.0,42.497368,2
52.7,145.76146,2
346.3,165.35625,2
36.7,172.34718,2
450.0,420.06976,2
88.2,159.5278,2
68.0,75.1864,2
43.0,47.325043,2
154.0,93.53363,2
118.1,183.55034,2
56.0,51.356262,2
259.0,44.62642,2
179.0,107.683205,2
281.0,272.48087,2
156.0,129.30984,2
341.7,194.37456,2
43.0,17.515236,2
377.0,152.1691,2
103.0,93.9104,2
357.0,107.13899,2
121.0,91.39752,2
88.2,106.00995,2
328.6,155.43442,2
81.4,60.51897,2
36.7,20.59433,2
121.0,81.509384,2
363.0,255.64352,2
51.0,53.18811,2
43.0,118.96028,2
308.7,165.98766,2
101.0,128.89894,2
370.1,289.02292,2
331.7,246.86009,2
441.7,187.76736,2
131.7,86.17827,2
402.5,186.44144,2
156.0,132.74806,2
43.3,97.750595,2
23.3,89.00786,2
62.8,12.399502,2
141.0,158.83047,2
141.0,97.16083,2
372.0,261.57773,2
199.0,244.47462,2
68.0,7.257808,2
47.0,35.978687,2
121.0,88.32803,2
101.0,55.346733,2
450.0,290.27347,2
160.0,94.63146,2
45.0,42.360603,2
160.0,108.96927,2
141.0,143.9561,2
372.0,203.96204,2
214.7,276.2669,2
61.1,181.50743,2
47.0,52.077187,2
159.0,127.44454,2
151.0,101.55983,2
293.0,277.40915,2
319.4,162.19794,2
456.3,243.96169,2
92.0,32.924686,2
160.0,128.45586,2
104.0,120.74185,2
281.0,191.08289,2
138.0,147.60268,2
156.0,93.24301,2
268.0,335.62247,2
300.0,117.42638,2
141.0,112.28853,2
161.0,97.876434,2
100.0,108.3661,2
228.3,-68.62352,2
162.0,133.76067,2
279.5,177.56044,2
324.8,131.75047,2
302.5,104.46716,2
296.6,221.21152,2
327.1,107.04202,2
94.9,133.51549,2
138.0,120.92414,2
335.5,169.39839,2
93.2,74.372665,2
284.0,181.05351,2
230.0,205.59572,2
133.0,153.9354,2
230.0,191.60815,2
111.2,231.59164,2
386.2,67.273026,2
51.0,24.132544,2
114.7,155.75172,2
154.0,127.96531,2
332.5,112.69779,2
41.0,67.74168,2
163.0,134.54243,2
386.2,156.03284,2
26.7,107.40514,2
282.9,181.49568,2
71.0,43.20654,2
152.2,56.97985,2
37.0,91.19099,2
141.0,112.44479,2
248.8,235.96117,2
449.0,166.89296,2
52.7,-9.08352,2
78.0,59.304115,2
202.0,136.31627,2
293.0,315.36752,2
70.0,80.573074,2
43.0,92.46051,2
152.0,53.07139,2
140.0,116.97443,2
223.0,194.40562,2
43.0,48.885773,2
111.2,52.800323,2
162.0,135.07512,2
386.2,231.07143,2
103.0,77.075165,2
346.3,132.57013,2
343.2,263.45157,2
329.4,61.394276,2
293.0,176.00017,2
111.0,92.23786,2
84.8,89.739975,2
86.5,142.61356,2
363.0,61.980762,2
386.2,230.18022,2
156.0,122.843834,2
330.2,158.49681,2
317.1,149.16801,2
165.9,70.27698,2
269.3,168.20633,2
330.0,179.45366,2
326.3,109.54771,2
156.0,156.26628,2
49.0,85.659515,2
317.1,167.3549,2
372.0,221.59238,2
386.2,176.42006,2
345.5,168.18037,2
245.4,121.863785,2
141.0,110.31958,2
500.0,320.88724,2
43.0,71.83035,2
284.0,108.4133,2
49.0,83.18168,2
310.2,146.33391,2
333.2,75.36489,2
318.7,136.30472,2
114.0,91.332054,2
370.1,153.5353,2
167.0,124.693665,2
68.0,39.462296,2
53.0,45.25956,2
66.2,89.91389,2
29.0,151.33888,2
362.4,123.58046,2
404.1,207.4929,2
362.4,165.30426,2
156.0,133.88411,2
160.0,101.98101,2
387.0,228.75136,2
111.2,33.100494,2
450.9,244.49223,2
156.0,122.20465,2
57.8,129.42226,2
206.0,148.97025,2
97.0,23.91314,2
281.0,225.56612,2
363.0,324.50967,2
84.8,115.88368,2
343.2,251.42046,2
230.0,173.22472,2
26.7,51.567307,2
333.2,145.36937,2
158.0,112.09645,2
158.0,142.48418,2
335.5,95.769165,2
373.1,121.19319,2
43.0,37.485332,2
330.2,76.65566,2
341.7,129.14082,2
89.9,88.1667,2
114.7,186.50948,2
460.1,144.8614,2
337.8,184.64638,2
84.8,56.580246,2
140.0,77.06457,2
230.0,174.99219,2
230.0,173.26987,2
404.1,74.74552,2
360.1,230.06358,2
51.0,40.204628,2
70.0,73.730545,2
156.0,136.0006,2
450.0,304.17178,2
103.0,100.90001,2
182.0,112.09256,2
43.0,53.353123,2
171.0,145.22878,2
154.0,140.52881,2
403.3,189.65453,2
158.0,122.830124,2
118.1,108.06605,2
104.4,127.34584,2
196.6,188.31346,2
496.2,207.95807,2
56.1,56.799942,2
84.8,138.73192,2
92.0,1.66294,2
300.0,173.06943,2
441.7,172.54063,2
370.1,139.75548,2
107.8,44.557137,2
330.0,170.349,2
28.3,120.22738,2
48.3,64.158356,2
91.0,91.29477,2
330.2,151.27467,2
107.8,236.43637,2
429.4,182.87534,2
340.9,111.826546,2
91.0,86.703964,2
165.9,141.78307,2
162.0,123.18927,2
68.0,53.866875,2
341.7,182.06358,2
245.0,221.01035,2
340.1,229.22289,2
29.0,166.2932,2
88.2,56.057816,2
337.1,31.19997,2
360.1,159.48955,2
52.7,77.2377,2
101.0,90.44983,2
74.7,74.88322,2
93.2,106.24007,2
43.3,90.69459,2
78.0,115.80355,2
47.0,26.442423,2
61.1,52.86729,2
300.0,107.2281,2
141.0,82.879875,2
230.0,208.87877,2
56.1,76.505974,2
18.3,133.62196,2
31.7,125.283104,2
335.5,190.98477,2
158.0,112.943146,2
324.8,102.514496,2
156.0,137.24922,2
70.0,57.55683,2
100.0,92.9451,2
496.2,238.63173,2
161.0,92.604355,2
26.7,111.30664,2
160.0,111.6479,2
47.0,79.694016,2
93.2,152.32834,2
269.3,195.91841,2
100.0,72.87242,2
384.7,217.85136,2
133.0,139.1255,2
262.4,169.03383,2
141.0,107.02499,2
45.0,227.98888,2
67.9,95.90607,2
156.0,140.3853,2
91.6,36.390686,2
167.0,119.89069,2
64.5,109.56461,2
13.3,97.78546,2
245.0,291.09885,2
158.0,126.258575,2
235.1,142.99785,2
27.0,91.01148,2
62.8,204.63335,2
404.1,192.82782,2
158.0,129.62987,2
111.0,84.735855,2
47.0,2.7066739,2
160.0,127.717834,2
124.9,125.96976,2
103.0,75.514,2
304.1,218.31366,2
363.0,80.265686,2
97.0,63.40721,2
64.5,86.5332,2
130.0,77.739655,2
329.4,144.2811,2
29.0,71.62308,2
140.0,142.2122,2
21.7,52.51423,2
103.0,131.85396,2
159.0,109.379,2
101.0,116.40597,2
334.0,134.6265,2
293.0,199.2666,2
262.4,164.71791,2
28.3,85.914795,2
464.7,322.29648,2
32.0,66.51853,2
223.0,131.20288,2
96.6,43.264732,2
281.0,195.61966,2
104.0,148.54053,2
68.0,46.70141,2
363.0,173.96931,2
156.0,119.50038,2
154.0,118.0632,2
89.9,285.42654,2
496.2,150.75658,2
363.9,156.59843,2
37.0,21.921497,2
158.0,127.61796,2
402.5,184.60542,2
496.2,209.12361,2
136.0,66.80659,2
386.2,233.43497,2
491.6,157.75015,2
221.5,230.46175,2
299.0,187.40189,2
487.0,146.06892,2
92.0,2.5204577,2
230.0,235.31097,2
386.2,391.11722,2
38.3,76.6266,2
91.0,104.5559,2
33.3,64.5692,2
31.7,136.47917,2
235.1,153.5827,2
142.0,59.699013,2
43.0,48.181454,2
299.0,128.80135,2
281.0,134.19765,2
114.0,75.755844,2
51.0,153.43608,2
103.0,122.47046,2
92.0,15.596889,2
111.0,88.10803,2
121.0,109.73025,2
104.0,157.93526,2
131.7,164.02876,2
330.9,174.14839,2
160.0,114.97591,2
330.0,268.73535,2
93.2,8.612183,2
199.0,241.81104,2
79.7,160.3182,2
179.0,156.46208,2
31.7,113.76797,2
334.8,171.53593,2
339.4,200.7686,2
309.4,161.32106,2
318.7,182.19472,2
230.0,160.44261,2
64.5,110.29285,2
70.0,40.2826,2
103.0,99.008575,2
230.0,165.8965,2
262.4,219.07346,2
111.0,77.90322,2
281.0,101.74064,2
154.0,83.359886,2
262.4,191.49895,2
238.6,159.05836,2
33.3,28.984371,2
162.0,119.982895,2
114.0,102.225,2
324.8,176.05498,2
269.3,-160.90959,2
105.0,84.487305,2
230.0,202.43459,2
71.3,106.58657,2
51.0,64.95604,2
334.0,327.8726,2
281.0,276.9048,2
324.8,114.73387,2
330.2,46.28962,2
331.0,146.31119,2
214.7,118.650955,2
331.0,125.96778,2
154.0,120.644516,2
134.0,78.69986,2
500.0,150.95253,2
134.0,168.42635,2
50.0,99.968475,2
387.0,262.16904,2
53.0,37.80129,2
404.8,-4.541251,2
118.1,103.22101,2
305.6,123.46666,2
301.8,127.33148,2
101.0,114.71801,2
97.0,31.192528,2
40.0,7.8167067,2
154.0,89.79169,2
47.0,6.4105387,2
487.7,89.6907,2
299.0,117.10701,2
154.0,149.58565,2
363.0,304.2596,2
71.3,155.84128,2
47.0,51.91774,2
103.0,125.068665,2
86.5,12.584729,2
130.0,115.53888,2
496.2,134.4102,2
335.5,174.02345,2
154.0,118.77539,2
48.3,101.86456,2
327.1,127.264015,2
92.0,3.7250175,2
68.0,27.665579,2
56.0,36.473965,2
151.0,114.629135,2
450.0,258.60068,2
94.9,129.54259,2
199.0,253.73251,2
121.0,120.07762,2
36.7,44.242645,2
131.7,135.90422,2
363.0,195.59987,2
296.6,199.10329,2
324.8,86.04125,2
159.0,91.293045,2
141.0,103.754074,2
104.4,85.40757,2
159.0,125.3111,2
159.0,45.773834,2
47.0,41.815765,2
238.6,69.56544,2
293.0,239.47818,2
289.8,211.32173,2
324.8,144.36525,2
344.0,263.64108,2
357.8,164.44116,2
284.0,125.17644,2
357.8,49.104042,2
49.0,62.152355,2
141.0,144.68347,2
152.0,73.37401,2
330.0,235.15059,2
449.0,131.76865,2
330.0,209.40434,2
33.3,116.39126,2
70.0,49.656517,2
255.6,97.455505,2
141.0,99.83434,2
64.5,54.07531,2
293.0,189.49284,2
299.0,111.2117,2
64.5,3.828118,2
156.0,98.05634,2
48.0,54.78458,2
450.0,257.11615,2
158.0,125.85654,2
496.2,298.7853,2
114.0,78.13754,2
158.0,150.67473,2
73.0,52.09114,2
335.5,231.25465,2
134.0,139.22148,2
74.7,57.98928,2
268.0,200.19606,2
230.0,193.7936,2
73.0,92.84751,2
324.8,147.15361,2
43.0,49.52784,2
37.0,35.892128,2
56.0,45.928234,2
41.0,45.80267,2
101.0,108.1081,2
337.8,158.35597,2
163.0,163.41292,2
245.0,297.53903,2
328.6,247.39165,2
245.0,232.0077,2
340.1,62.351692,2
363.0,239.82893,2
104.0,114.318535,2
86.5,289.84744,2
106.0,42.831078,2
91.6,52.7528,2
47.0,52.63449,2
156.0,133.05522,2
96.6,85.74638,2
71.0,15.13289,2
182.0,100.45063,2
363.0,262.1177,2
265.9,263.61646,2
450.0,256.71463,2
303.3,109.69354,2
94.9,174.32086,2
155.6,152.85811,2
53.0,30.193336,2
92.0,-9.455556,2
337.8,207.41896,2
89.9,130.21048,2
98.3,7.583101,2
61.1,10.748672,2
151.0,103.4077,2
331.0,180.53218,2
43.0,24.29913,2
245.4,100.756546,2
61.1,177.6971,2
230.0,258.9841,2
141.0,100.28824,2
41.7,36.036053,2
301.0,95.83145,2
450.0,296.42746,2
156.0,116.137436,2
245.0,283.20236,2
450.0,287.78574,2
71.0,26.902565,2
230.0,166.3782,2
53.0,11.599875,2
293.0,151.86812,2
26.7,51.449226,2
97.0,14.851653,2
141.0,100.91394,2
293.0,270.5989,2
97.0,27.326752,2
134.0,153.43083,2
73.0,211.35402,2
52.7,92.51105,2
341.7,194.50104,2
100.0,122.70593,2
342.4,143.70547,2
281.0,275.2452,2
163.0,148.52025,2
363.2,389.38153,2
93.2,111.991325,2
88.2,35.337265,2
426.3,232.48442,2
356.3,130.61905,2
73.0,83.85152,2
43.3,58.549408,2
370.1,262.85245,2
326.3,113.08621,2
379.3,198.9839,2
91.0,134.84343,2
47.0,13.0936365,2
63.0,104.45277,2
154.0,118.04788,2
106.0,48.666977,2
151.0,119.63493,2
67.9,28.226192,2
318.7,167.52068,2
163.0,134.42162,2
289.8,120.91006,2
43.0,18.60437,2
301.8,68.58217,2
47.0,23.455723,2
104.0,114.792145,2
293.0,200.26884,2
242.0,118.73424,2
161.0,128.76215,2
37.0,52.078194,2
148.8,257.53384,2
329.4,224.77696,2
330.2,165.56041,2
111.0,90.07239,2
259.0,191.58319,2
206.0,126.151276,2
496.2,232.16176,2
340.1,118.83711,2
356.3,190.60406,2
293.0,223.36412,2
131.7,131.47925,2
334.0,154.92662,2
325.6,183.03316,2
156.0,134.70763,2
35.0,146.10674,2
43.0,52.219105,2
272.7,70.118576,2
156.0,127.03349,2
128.3,105.43683,2
293.0,201.18558,2
106.0,58.170338,2
230.0,134.77248,2
230.0,207.63127,2
281.0,235.70811,2
68.0,26.82109,2
386.2,290.1893,2
100.0,83.529076,2
56.0,104.691124,2
156.0,105.49589,2
158.0,136.00117,2
43.0,63.44389,2
47.0,83.82524,2
182.0,162.0763,2
40.0,64.45968,2
68.0,75.64576,2
311.0,117.02678,2
84.8,228.6921,2
56.0,16.765844,2
103.0,93.303925,2
301.0,84.26755,2
37.0,50.588142,2
43.0,29.626455,2
230.0,161.45132,2
343.2,103.26117,2
252.2,167.65541,2
331.0,180.3415,2
441.7,219.38118,2
140.0,89.070854,2
281.0,202.67177,2
141.0,110.582306,2
450.0,315.22513,2
67.9,41.456505,2
20.0,90.81054,2
293.0,140.02498,2
47.0,-27.69807,2
84.8,116.68141,2
141.0,137.09901,2
235.1,259.56796,2
121.5,152.73933,2
131.7,169.90599,2
357.8,182.97874,2
331.7,239.49635,2
47.0,44.34655,2
334.8,176.83867,2
107.8,143.01163,2
268.0,263.27206,2
103.0,108.09481,2
162.0,106.437256,2
156.0,127.42368,2
138.0,101.72972,2
324.0,222.41908,2
363.0,280.0659,2
73.0,47.28119,2
158.0,148.43062,2
151.0,107.498886,2
130.0,93.47441,2
47.0,70.554535,2
335.5,247.27484,2
141.0,117.16293,2
47.0,37.316643,2
69.6,84.22312,2
37.0,-1.3186629,2
106.0,33.054485,2
245.0,299.0389,2
91.0,134.41975,2
98.3,176.68712,2
61.1,113.627426,2
293.0,222.7028,2
33.3,97.535645,2
331.0,119.58179,2
107.8,63.1613,2
56.0,37.792164,2
94.9,141.51718,2
330.0,153.67418,2
79.7,92.19629,2
167.0,124.246475,2
343.2,193.22618,2
281.0,200.93825,2
340.1,223.29408,2
449.0,188.04082,2
370.1,223.19022,2
449.0,243.94926,2
252.2,47.080887,2
31.7,118.56523,2
293.0,196.30412,2
130.0,117.490845,2
142.0,64.80745,2
121.0,129.1652,2
324.8,186.92598,2
43.0,100.598305,2
167.0,118.334305,2
154.0,164.91957,2
81.4,29.869404,2
154.0,125.91266,2
101.0,69.404526,2
293.0,159.31831,2
49.0,87.00467,2
160.0,116.88399,2
160.0,126.23012,2
331.0,177.85027,2
311.0,119.08151,2
162.0,159.97102,2
84.8,70.738976,2
47.0,28.59561,2
141.0,92.6395,2
242.0,132.42447,2
265.9,79.6875,2
230.0,162.82147,2
136.0,25.608128,2
293.0,127.14909,2
339.4,108.7507,2
43.0,98.36592,2
141.0,129.72191,2
15.0,11.307366,2
84.8,90.6013,2
296.6,129.74171,2
334.8,160.38478,2
64.5,135.35738,2
161.0,142.73064,2
103.0,112.2623,2
56.0,44.661335,2
143.0,96.953575,2
259.0,138.33046,2
101.0,116.396484,2
317.9,335.73077,2
299.0,161.53026,2
121.0,109.19009,2
437.8,-40.418015,2
345.5,38.020798,2
162.0,141.24843,2
15.0,48.442127,2
179.0,122.76356,2
360.1,296.02737,2
46.7,49.27681,2
15.0,44.904457,2
156.0,137.6713,2
324.8,110.890366,2
312.5,166.61575,2
37.0,63.66349,2
141.0,92.82173,2
410.2,80.815216,2
156.0,102.64624,2
63.0,97.24751,2
223.0,132.0086,2
23.3,177.25157,2
255.6,158.55983,2
334.0,185.61711,2
325.6,331.1052,2
176.1,133.32765,2
230.0,180.80196,2
321.0,107.91021,2
289.8,135.21515,2
154.0,143.26195,2
245.0,228.49956,2
395.4,223.79054,2
104.0,119.65775,2
156.0,95.389084,2
230.0,217.03893,2
71.0,19.511917,2
333.2,122.63837,2
163.0,132.51775,2
363.0,155.74696,2
18.3,39.548847,2
68.0,7.0729494,2
94.9,136.20866,2
325.6,273.65494,2
138.0,123.59988,2
160.0,117.30283,2
16.7,90.150475,2
500.0,131.70792,2
319.4,173.2145,2
59.4,46.26608,2
279.5,163.94843,2
48.3,24.426662,2
276.1,126.59331,2
156.0,128.4602,2
51.0,39.561264,2
279.5,119.71423,2
106.0,14.33956,2
230.0,223.67342,2
230.0,172.6794,2
230.0,169.04695,2
218.1,155.32668,2
325.6,97.236404,2
29.0,133.69218,2
496.2,244.23198,2
172.7,119.23101,2
449.0,127.30951,2
313.3,128.56767,2
245.0,172.25519,2
299.0,156.40257,2
161.0,162.80315,2
71.0,40.085228,2
320.0,110.385704,2
159.0,194.52557,2
41.0,59.44536,2
154.0,134.8324,2
94.9,73.482376,2
333.2,198.85637,2
372.0,214.77586,2
101.0,122.4744,2
141.0,97.60503,2
500.0,195.12927,2
141.0,120.45679,2
35.0,113.889435,2
68.0,2.6688302,2
230.0,140.08908,2
56.0,14.343599,2
340.1,191.17715,2
386.2,160.65628,2
206.0,144.93874,2
309.4,190.93877,2
330.0,253.99625,2
337.8,172.59096,2
133.0,46.231415,2
293.0,148.62875,2
131.7,86.96556,2
84.8,105.35411,2
158.0,106.76305,2
300.0,96.212906,2
199.0,182.2884,2
345.5,135.07231,2
300.0,118.710236,2
143.0,153.29243,2
128.3,139.88611,2
372.0,222.69572,2
63.0,64.38668,2
141.0,139.94307,2
352.4,137.99213,2
321.0,251.94353,2
228.3,107.59917,2
141.0,116.17729,2
59.4,89.2057,2
84.8,53.458508,2
152.0,112.949615,2
282.9,122.89224,2
101.0,97.25813,2
206.0,119.77374,2
43.3,175.56134,2
334.0,234.83849,2
223.0,109.82327,2
97.0,40.738613,2
70.0,13.991319,2
133.0,69.30257,2
94.9,151.71974,2
186.3,72.97574,2
176.1,127.5912,2
252.2,138.04044,2
238.6,108.102066,2
46.7,80.74989,2
199.0,111.15361,2
245.0,218.91075,2
324.8,73.24842,2
76.3,44.27748,2
133.0,123.97681,2
363.0,243.88802,2
343.2,98.52719,2
161.0,99.62334,2
68.0,72.99863,2
449.0,199.67949,2
45.0,121.31179,2
27.0,30.393398,2
73.0,60.77684,2
107.8,88.32655,2
86.5,68.10354,2
103.0,86.67678,2
293.0,138.00198,2
176.1,126.0149,2
384.7,257.1185,2
223.0,208.02466,2
199.0,264.20953,2
48.0,21.432459,2
61.1,88.95296,2
91.6,110.039215,2
281.0,162.43892,2
119.0,86.75951,2
357.8,105.387375,2
337.1,183.15906,2
162.0,141.43153,2
446.3,247.72716,2
179.0,139.32518,2
331.0,150.8987,2
47.0,14.087656,2
97.0,23.87351,2
245.0,181.64677,2
97.0,44.1167,2
88.2,123.22983,2
156.0,138.47575,2
370.1,361.949,2
15.0,11.918299,2
91.0,122.75542,2
450.0,289.6935,2
450.0,243.96873,2
279.5,258.6316,2
326.3,200.7376,2
15.0,38.56044,2
384.7,218.22252,2
281.0,253.36255,2
35.0,127.600525,2
351.7,36.101902,2
160.0,152.95079,2
402.5,124.01207,2
156.0,112.19144,2
160.0,91.5332,2
370.1,121.94496,2
138.6,143.33948,2
343.2,220.83034,2
47.0,42.68577,2
130.0,125.65198,2
101.0,105.80106,2
304.8,80.35176,2
141.0,130.1569,2
73.0,68.17323,2
382.3,364.69882,2
156.0,139.91344,2
152.2,68.93449,2
230.0,161.30307,2
73.0,70.900925,2
93.2,21.804329,2
343.2,299.02252,2
73.0,25.906189,2
162.0,143.06526,2
358.6,187.86967,2
380.8,195.30714,2
40.0,82.20267,2
289.8,168.04659,2
284.0,165.96281,2
134.0,149.51868,2
386.2,235.41129,2
33.3,10.064418,2
167.0,115.92724,2
324.8,57.872612,2
141.0,137.73561,2
331.0,159.78473,2
337.1,137.43773,2
230.0,162.9554,2
320.0,160.5445,2
158.0,100.48839,2
141.0,68.8672,2
179.0,165.16106,2
64.5,153.67676,2
43.0,33.13249,2
500.0,40.093704,2
372.0,227.61592,2
334.0,170.90102,2
145.4,52.03556,2
317.9,140.4969,2
47.0,-4.245203,2
70.0,52.639847,2
386.2,167.37724,2
245.0,203.94594,2
114.0,84.65146,2
48.0,-2.41456,2
179.0,101.83148,2
121.5,72.01962,2
281.0,249.16673,2
43.3,65.51556,2
70.0,58.38318,2
141.0,54.923748,2
43.0,118.57426,2
496.2,223.11314,2
332.5,171.09134,2
305.6,156.89632,2
360.1,296.23923,2
336.3,219.64412,2
70.0,47.840736,2
337.8,160.59267,2
330.9,174.92737,2
330.0,222.38213,2
154.0,141.61568,2
57.8,161.38957,2
49.0,48.84621,2
245.0,332.0097,2
131.7,165.12863,2
207.8,197.98245,2
97.0,56.343655,2
57.8,24.284962,2
238.6,173.21806,2
141.0,104.826645,2
363.0,193.2971,2
230.0,255.34142,2
101.0,83.648735,2
38.3,203.18857,2
57.8,53.870678,2
138.0,74.58519,2
272.7,83.65166,2
124.0,107.31226,2
156.0,130.56575,2
262.4,106.34404,2
345.5,210.81667,2
36.0,37.05819,2
223.0,126.331314,2
293.0,160.50983,2
330.2,98.98694,2
182.9,97.91225,2
163.0,140.88829,2
156.0,147.09276,2
331.0,158.63208,2
340.1,42.698166,2
48.0,-13.055896,2
303.3,147.95749,2
449.0,225.60664,2
101.0,111.7562,2
154.0,143.6097,2
245.0,308.60007,2
91.0,122.65647,2
100.0,143.96211,2
158.0,117.29941,2
28.3,131.3321,2
54.4,43.339573,2
140.0,130.82066,2
340.1,75.95676,2
358.6,251.33531,2
306.4,165.53792,2
78.0,208.29253,2
281.0,226.16512,2
500.0,69.6918,2
111.0,66.90491,2
163.0,84.64348,2
124.9,214.15363,2
162.0,133.01907,2
202.0,141.40074,2
68.0,1.5448549,2
158.0,132.95888,2
320.0,147.3326,2
160.0,98.068344,2
134.0,134.58815,2
71.0,42.92708,2
76.3,65.012375,2
284.0,176.98074,2
89.9,221.86618,2
324.0,326.1846,2
141.0,88.19325,2
37.0,38.240593,2
140.0,86.28157,2
301.0,204.24962,2
308.7,124.8055,2
81.4,36.951504,2
202.0,167.14867,2
68.0,53.244713,2
230.0,154.67984,2
163.0,121.77997,2
141.0,165.85612,2
78.0,60.531578,2
97.0,85.55068,2
426.3,196.9408,2
103.0,82.27309,2
56.1,130.27475,2
334.8,133.54167,2
40.0,69.058304,2
162.0,103.39075,2
49.0,73.907845,2
363.2,203.18306,2
289.8,76.036194,2
121.0,114.89183,2
92.0,78.178925,2
43.0,69.24252,2
230.0,187.34482,2
91.0,75.13727,2
121.0,125.28606,2
238.6,101.46796,2
158.0,139.20116,2
160.0,162.01297,2
97.0,24.133131,2
160.0,100.54231,2
40.0,82.487045,2
372.0,172.23962,2
141.0,134.42378,2
284.0,167.57768,2
121.5,23.276207,2
230.0,159.36604,2
230.0,221.84955,2
230.0,231.40938,2
206.0,98.7614,2
162.0,129.64143,2
363.0,366.2219,2
162.0,131.89912,2
370.1,246.1545,2
156.0,122.19928,2
330.2,222.91383,2
330.2,165.42656,2
330.2,82.48509,2
179.0,189.60881,2
64.5,3.2172348,2
37.0,61.289524,2
103.0,125.67526,2
305.6,108.292,2
370.1,178.60985,2
206.0,99.33619,2
320.0,224.41963,2
357.0,32.97104,2
331.0,155.17657,2
161.0,81.491135,2
141.0,140.57372,2
48.0,37.48075,2
268.0,118.8985,2
71.3,91.62816,2
54.4,62.93551,2
307.1,194.31212,2
327.9,111.21005,2
450.0,363.95358,2
25.0,129.68364,2
33.3,138.0029,2
245.0,207.46321,2
141.0,136.19475,2
162.0,123.678185,2
84.8,57.456688,2
363.2,161.16374,2
330.2,142.7212,2
332.5,150.45467,2
105.0,75.16164,2
324.0,210.85695,2
160.0,139.92975,2
128.3,106.35669,2
324.8,196.04884,2
114.7,232.79668,2
133.0,109.61985,2
335.5,33.47518,2
121.0,85.407455,2
449.0,136.53587,2
43.0,41.130417,2
134.0,153.72792,2
156.0,127.140045,2
441.7,189.5413,2
91.6,35.253025,2
130.0,143.07234,2
161.0,94.40121,2
230.0,240.19293,2
141.0,122.12796,2
154.0,88.04732,2
202.0,160.23877,2
304.1,138.0883,2
333.2,245.49976,2
134.0,108.54709,2
230.0,146.8702,2
68.0,33.67568,2
121.5,107.4307,2
36.0,43.493263,2
335.5,104.33249,2
179.0,127.97859,2
154.0,152.49751,2
141.0,132.94188,2
390.0,150.04083,2
101.0,110.233025,2
56.0,40.859413,2
142.0,92.76283,2
316.3,193.23898,2
78.0,80.719086,2
156.0,103.12759,2
223.0,179.14207,2
79.7,113.60837,2
320.0,176.55605,2
21.7,57.748734,2
299.0,151.76396,2
500.0,125.963684,2
134.0,-26.130226,2
138.0,110.510376,2
67.9,79.78764,2
300.0,169.09938,2
158.0,113.54056,2
141.0,102.809326,2
342.4,122.28938,2
429.4,312.0407,2
196.6,96.92535,2
301.0,57.23772,2
311.0,194.41458,2
142.0,110.871925,2
119.0,45.638645,2
395.4,159.77342,2
48.3,47.026924,2
141.0,93.83966,2
97.0,43.802364,2
156.0,126.757645,2
341.7,166.44853,2
156.0,127.638596,2
70.0,60.799377,2
500.0,261.32477,2
293.0,135.91394,2
330.2,221.85284,2
340.1,165.69722,2
334.8,79.5133,2
334.8,145.08858,2
179.0,109.90425,2
54.4,101.082825,2
281.0,265.1288,2
36.7,42.87577,2
141.0,111.87409,2
330.9,239.20059,2
363.0,262.7917,2
154.0,120.09338,2
56.0,46.16925,2
57.8,35.734962,2
8.3,95.28133,2
359.3,186.41197,2
71.3,50.73159,2
158.0,115.85779,2
223.0,119.99568,2
101.0,85.43074,2
53.0,26.288998,2
321.0,119.88334,2
91.0,123.35153,2
252.2,41.812763,2
83.1,121.70845,2
363.0,455.5331,2
459.3,25.59674,2
105.0,73.81056,2
52.7,94.58156,2
163.0,94.670044,2
363.0,178.45427,2
262.4,114.26301,2
450.0,246.49692,2
29.0,164.76143,2
265.9,209.95508,2
128.3,78.25644,2
41.7,-15.734662,2
386.2,252.99287,2
230.0,183.50835,2
161.0,145.39883,2
143.0,110.84956,2
457.0,228.45882,2
104.0,123.44332,2
106.0,49.074837,2
134.0,86.72606,2
70.0,54.31282,2
93.2,133.76108,2
330.2,98.37436,2
47.0,91.05087,2
62.8,163.04478,2
114.7,106.442184,2
156.0,127.18765,2
152.2,111.42024,2
230.0,220.3657,2
158.0,136.69678,2
121.0,124.74074,2
121.0,148.53828,2
138.0,111.094666,2
245.0,253.60336,2
124.0,100.05295,2
342.4,144.8228,2
57.8,59.220016,2
230.0,181.70378,2
103.0,76.06649,2
91.0,133.14958,2
56.1,29.427437,2
325.6,179.27904,2
370.1,217.64691,2
114.0,100.21892,2
73.0,38.032524,2
141.0,127.257095,2
337.1,102.39339,2
36.0,36.158173,2
79.7,117.08484,2
335.5,229.1934,2
245.0,294.5577,2
57.8,26.475197,2
98.3,120.37475,2
449.0,184.44551,2
89.9,46.786526,2
93.2,159.83102,2
334.0,230.18153,2
84.8,48.25125,2
43.0,53.269894,2
245.0,331.59186,2
158.0,113.56671,2
293.0,189.20575,2
119.0,45.45566,2
336.3,160.66652,2
404.1,95.51732,2
43.0,16.285852,2
335.5,246.08849,2
327.1,93.81081,2
328.6,81.29759,2
343.2,177.11937,2
111.0,68.11653,2
235.1,134.77614,2
363.2,168.12291,2
363.0,97.29767,2
78.0,53.729553,2
71.0,35.899277,2
51.0,47.30443,2
56.0,72.16765,2
272.7,333.20633,2
230.0,198.90248,2
141.0,136.69157,2
119.0,59.28079,2
386.2,274.08896,2
426.3,121.1543,2
76.3,120.67194,2
245.0,241.70651,2
140.0,121.05286,2
107.0,179.25041,2
47.0,55.438522,2
84.8,59.207993,2
235.1,187.18901,2
84.8,76.77495,2
158.0,139.70149,2
161.0,125.68758,2
78.0,152.32545,2
101.0,127.05545,2
62.8,57.99947,2
363.0,268.31076,2
81.4,128.69554,2
91.0,132.97752,2
111.2,202.22801,2
91.0,95.39954,2
78.0,87.48634,2
158.0,157.47853,2
331.7,204.62698,2
89.9,131.0283,2
48.0,34.952606,2
500.0,204.5125,2
429.4,215.81847,2
487.0,168.08044,2
29.0,117.106865,2
156.0,121.86441,2
245.0,254.00859,2
15.0,105.856,2
103.0,112.413284,2
107.8,133.6078,2
329.4,228.0618,2
105.0,109.569336,2
357.0,119.06476,2
346.3,111.10997,2
230.0,171.82933,2
165.9,97.198364,2
36.0,48.088375,2
48.0,-4.895795,2
404.1,116.60116,2
47.0,-11.155599,2
37.0,24.86521,2
429.4,178.25456,2
155.6,111.640396,2
358.6,116.64857,2
235.1,111.48607,2
73.0,69.47065,2
330.0,203.66669,2
223.0,176.53493,2
124.9,91.96706,2
331.7,158.4583,2
306.4,300.05136,2
98.3,88.53153,2
11.7,67.76355,2
314.8,138.1839,2
103.0,86.11684,2
320.0,193.0525,2
344.0,81.41782,2
500.0,172.7629,2
91.0,92.014725,2
268.0,233.12471,2
138.0,117.1725,2
333.2,178.43599,2
199.0,103.62911,2
327.1,127.278824,2
121.0,121.709366,2
320.2,109.0387,2
78.0,37.077766,2
230.0,178.59935,2
71.0,42.97419,2
330.0,225.01277,2
325.6,149.64262,2
50.0,95.15366,2
128.3,105.39836,2
16.7,83.473076,2
331.0,177.32005,2
296.6,85.525955,2
317.1,117.16341,2
36.0,22.35289,2
156.0,109.50894,2
162.0,139.1073,2
104.0,104.95774,2
334.8,146.76082,2
40.0,12.246325,2
223.0,160.71202,2
63.0,122.55904,2
450.0,282.5087,2
88.2,173.46574,2
101.0,184.91583,2
141.0,117.76064,2
41.7,58.042053,2
324.8,128.82756,2
402.5,253.01234,2
380.0,225.22665,2
92.0,76.75687,2
145.0,139.51573,2
134.0,82.19935,2
41.0,21.133259,2
154.0,138.09142,2
334.8,196.80464,2
151.0,152.4283,2
330.9,115.48645,2
163.0,96.70207,2
111.0,124.280685,2
43.0,25.508072,2
156.0,186.98952,2
158.0,126.96446,2
158.0,167.76613,2
93.2,173.57286,2
265.9,103.10617,2
363.0,69.12508,2
111.0,116.27121,2
317.9,102.51741,2
162.0,139.33714,2
49.0,55.913383,2
152.0,97.78274,2
340.1,100.982956,2
41.0,55.143948,2
158.0,106.03979,2
154.0,127.62923,2
351.7,239.68843,2
143.0,131.58238,2
158.0,136.10323,2
268.0,246.36919,2
106.0,44.08597,2
50.0,138.21451,2
318.7,267.04147,2
372.0,218.62498,2
131.7,108.366425,2
141.0,109.348045,2
248.8,231.17012,2
324.8,128.04224,2
48.3,24.436037,2
27.0,40.825443,2
500.0,118.36509,2
268.0,294.95346,2
363.0,206.35847,2
339.4,119.13015,2
352.4,131.81563,2
78.0,48.680374,2
37.0,40.925415,2
315.6,238.12596,2
52.7,33.876892,2
293.0,315.99332,2
186.3,86.26853,2
141.0,85.80344,2
171.0,95.61766,2
107.8,251.59897,2
306.4,67.05939,2
230.0,210.93901,2
47.0,30.940243,2
293.0,177.37166,2
248.8,179.19063,2
160.0,154.4491,2
91.0,101.12367,2
272.7,115.34527,2
30.0,146.03911,2
104.4,134.37987,2
163.0,149.46497,2
52.7,77.03079,2
334.0,169.1797,2
299.0,139.46306,2
114.7,104.83159,2
386.2,228.55612,2
299.0,165.2465,2
63.0,87.39396,2
255.6,103.57305,2
73.0,49.123634,2
293.0,187.93483,2
316.3,199.0631,2
88.2,175.36966,2
13.3,191.86864,2
56.1,118.56003,2
98.3,71.33363,2
114.0,91.31351,2
37.0,26.898123,2
141.0,128.15851,2
363.0,224.13737,2
307.1,175.86354,2
131.7,115.54315,2
363.0,222.57408,2
81.4,81.42029,2
68.0,60.03974,2
56.1,59.28839,2
35.0,1.0984151,2
91.6,113.40017,2
272.7,90.37072,2
152.2,120.31678,2
50.0,86.63428,2
131.7,151.3576,2
89.9,99.45178,2
141.0,126.44101,2
28.3,109.43197,2
53.0,22.784145,2
333.2,190.97932,2
245.0,281.97806,2
154.0,123.749115,2
49.0,73.77813,2
268.0,266.30103,2
71.3,138.50395,2
293.0,184.30196,2
363.0,151.4781,2
336.3,224.55933,2
63.0,60.59958,2
88.2,129.83604,2
182.0,142.2147,2
121.0,70.92776,2
360.1,146.30933,2
340.1,117.16571,2
36.7,82.91047,2
386.2,329.4337,2
289.8,218.23836,2
252.2,149.02222,2
73.0,97.030426,2
103.0,79.52697,2
334.0,165.93748,2
141.0,122.86871,2
13.3,63.435154,2
101.0,106.330444,2
56.1,113.81001,2
101.0,80.470726,2
111.0,88.75537,2
323.3,146.5496,2
76.3,86.463745,2
370.1,261.09103,2
303.3,170.42467,2
47.0,-15.471105,2
51.0,43.868286,2
43.3,25.397387,2
160.0,124.61631,2
43.0,39.84897,2
68.0,28.984974,2
20.0,100.625656,2
30.0,212.71715,2
84.8,117.50108,2
363.0,292.4528,2
104.0,120.4427,2
245.4,127.80966,2
43.0,39.82068,2
148.8,230.1215,2
133.0,140.29446,2
31.7,119.92993,2
91.0,108.08229,2
61.1,79.07862,2
179.5,25.837284,2
93.2,47.853294,2
152.0,138.19016,2
32.0,10.679498,2
214.7,131.98787,2
36.7,117.52205,2
341.7,190.15031,2
301.8,226.62022,2
330.0,245.9532,2
276.1,252.7856,2
161.0,79.13904,2
450.0,297.79184,2
106.0,58.442284,2
223.0,139.63191,2
330.0,168.74455,2
73.0,53.89805,2
340.9,116.02016,2
141.0,135.06049,2
230.0,172.07753,2
286.3,172.13408,2
382.3,292.86716,2
121.0,151.88995,2
158.0,94.766495,2
186.3,113.19801,2
235.1,110.47507,2
365.5,112.07889,2
68.0,33.838833,2
103.0,81.14776,2
223.0,169.33592,2
338.6,172.32608,2
318.7,239.69812,2
78.0,157.31847,2
330.0,142.7191,2
70.0,31.795055,2
50.0,50.506172,2
83.1,118.85201,2
300.0,229.18387,2
363.0,330.47388,2
154.0,132.84024,2
152.2,102.08813,2
395.4,180.52788,2
156.0,155.87254,2
363.0,230.22032,2
284.0,128.12485,2
29.0,92.84952,2
343.2,216.30211,2
68.0,39.769016,2
360.9,215.13522,2
156.0,93.90637,2
47.0,89.46219,2
91.6,88.26201,2
206.0,102.37779,2
154.0,131.77121,2
160.0,104.26702,2
340.1,150.59914,2
337.8,206.47466,2
327.1,169.0156,2
141.0,112.31778,2
121.0,118.98045,2
135.1,68.46008,2
57.8,75.42759,2
395.4,144.04886,2
372.0,102.063354,2
230.0,180.90974,2
154.0,169.14104,2
27.0,35.4834,2
370.1,244.71933,2
43.0,50.536224,2
230.0,231.71532,2
223.0,200.67912,2
429.4,313.18344,2
230.0,246.98407,2
386.2,215.79918,2
363.0,438.92453,2
101.0,79.29617,2
317.9,221.6624,2
339.4,151.6507,2
245.4,222.9858,2
91.0,108.58551,2
450.0,299.34164,2
202.0,145.89091,2
145.4,146.13293,2
363.0,245.37962,2
88.2,45.323437,2
343.2,180.07646,2
304.1,188.51472,2
154.0,136.34251,2
156.0,113.83386,2
289.8,101.41618,2
101.0,81.92602,2
141.0,138.66277,2
163.0,133.85405,2
259.0,-1.38522,2
97.0,39.07599,2
37.0,22.779076,2
68.0,0.62214476,2
358.6,221.34319,2
86.5,58.39556,2
156.0,119.60399,2
289.8,43.46313,2
101.0,102.68297,2
46.7,139.68878,2
363.0,338.6019,2
172.7,42.6329,2
141.0,125.227684,2
321.0,108.40845,2
86.5,62.403145,2
38.3,59.84954,2
429.4,205.11531,2
201.0,220.09517,2
230.0,236.28323,2
141.0,123.25656,2
154.0,133.3672,2
71.3,117.36626,2
28.3,75.249565,2
98.3,94.81428,2
160.0,163.6043,2
118.1,137.16841,2
154.0,104.355804,2
51.0,86.80268,2
324.8,165.6078,2
135.1,69.05037,2
41.0,44.295704,2
450.0,263.2461,2
199.0,159.71622,2
320.0,121.882416,2
330.0,234.90334,2
130.0,117.20105,2
333.2,104.603745,2
299.0,139.98952,2
93.2,141.59268,2
71.3,84.08376,2
43.0,3.4302628,2
103.0,105.38826,2
63.0,59.397358,2
158.0,132.65932,2
101.0,107.824356,2
230.0,160.44212,2
340.1,114.49241,2
336.3,208.21062,2
118.1,117.685524,2
121.5,157.07439,2
103.0,87.21162,2
245.0,281.587,2
32.0,55.46786,2
206.0,88.34939,2
343.2,170.47212,2
334.8,241.58737,2
248.8,189.28848,2
193.2,179.65472,2
121.0,142.1314,2
141.0,146.27576,2
101.0,75.093,2
43.0,43.896317,2
91.0,97.02869,2
94.9,75.3945,2
155.6,55.162766,2
158.0,131.0995,2
441.7,187.10184,2
104.4,168.273,2
121.0,132.95421,2
382.3,371.7441,2
45.0,138.66687,2
36.0,29.37188,2
31.7,105.259384,2
179.0,169.08122,2
91.0,107.61806,2
163.0,105.434616,2
408.7,223.28162,2
370.1,219.9959,2
330.2,180.35023,2
306.4,113.61111,2
156.0,111.637924,2
86.5,234.63626,2
281.0,248.69101,2
334.0,128.77974,2
162.0,150.55307,2
156.0,133.75618,2
179.5,27.47097,2
373.1,278.5184,2
21.7,-28.87514,2
101.0,41.942795,2
450.0,407.82062,2
43.0,37.906425,2
47.0,29.410069,2
301.0,154.36674,2
335.5,92.1476,2
118.1,87.184204,2
53.0,40.041115,2
386.2,338.9425,2
37.0,38.20565,2
56.0,63.07351,2
130.0,85.84267,2
311.7,60.3914,2
163.0,138.10857,2
404.1,224.40276,2
370.1,207.13283,2
189.8,102.95291,2
43.0,24.213728,2
333.2,125.083115,2
141.0,115.750114,2
331.0,113.56642,2
363.0,164.33862,2
500.0,241.88603,2
293.0,144.43617,2
223.0,112.004585,2
330.2,212.73506,2
114.7,9.953179,2
156.0,136.53172,2
162.0,114.07115,2
330.2,191.55525,2
193.2,232.41005,2
302.5,96.654236,2
43.0,30.888664,2
43.0,66.87688,2
156.0,125.27574,2
103.0,16.976334,2
269.3,120.02238,2
100.0,39.72671,2
329.4,156.3155,2
136.0,73.78638,2
316.3,169.98828,2
343.2,157.15775,2
133.0,166.04262,2
73.0,70.30267,2
88.2,163.22691,2
330.0,185.67479,2
61.1,27.006268,2
156.0,139.7913,2
134.0,210.83229,2
52.7,243.45477,2
138.0,119.22074,2
124.0,113.38249,2
305.6,216.10799,2
460.1,182.20436,2
268.0,220.54782,2
156.0,148.34154,2
73.0,75.4002,2
230.0,207.67238,2
141.0,92.127365,2
179.0,133.85667,2
202.0,150.72414,2
26.7,21.314396,2
386.2,213.29648,2
43.0,69.337845,2
96.6,172.36665,2
43.0,107.28386,2
317.9,173.82372,2
162.0,111.40538,2
161.0,95.54868,2
293.0,292.71564,2
71.0,44.476288,2
48.3,59.44799,2
156.0,150.84862,2
320.0,157.82516,2
318.7,110.93668,2
43.0,54.74534,2
56.1,25.99438,2
145.0,153.26695,2
70.0,53.64229,2
36.0,87.728676,2
57.8,66.16411,2
43.0,34.796368,2
248.8,154.63017,2
37.0,34.331993,2
332.5,290.34918,2
337.1,220.43242,2
61.1,130.44846,2
52.7,182.64761,2
330.0,164.39008,2
6.7,194.83403,2
230.0,145.94035,2
15.0,17.061928,2
96.6,84.42108,2
440.1,64.39274,2
68.0,44.035694,2
32.0,32.981712,2
331.0,156.87814,2
91.0,133.42143,2
71.0,29.544374,2
245.0,247.17705,2
101.0,122.41794,2
363.0,174.96931,2
101.0,88.7718,2
36.7,37.081406,2
138.6,239.96777,2
327.9,345.54007,2
89.9,93.78302,2
54.4,63.087368,2
356.3,117.0646,2
68.0,81.29906,2
163.0,125.46208,2
396.9,229.20592,2
48.3,82.090515,2
377.0,225.71996,2
162.4,270.85922,2
206.0,106.1902,2
268.0,284.51373,2
331.0,176.55605,2
105.0,103.6001,2
199.0,232.61235,2
63.0,90.330666,2
156.0,114.254135,2
51.0,40.677536,2
155.6,179.4763,2
156.0,149.68703,2
279.5,103.70593,2
447.8,256.87494,2
104.4,112.14676,2
41.7,56.25411,2
372.0,205.63179,2
296.6,73.09988,2
33.3,53.59629,2
245.0,156.77339,2
135.1,102.91068,2
141.0,118.87015,2
332.5,210.79666,2
37.0,25.927185,2
154.0,115.68041,2
342.4,233.2952,2
281.0,198.00464,2
16.7,97.62993,2
342.4,137.57037,2
330.2,92.96562,2
301.0,80.11229,2
36.0,9.988905,2
333.2,161.77983,2
61.1,95.44884,2
282.9,93.88347,2
143.0,121.63223,2
359.3,232.2993,2
156.0,133.52672,2
325.6,213.79012,2
255.6,157.08374,2
230.0,227.46416,2
36.0,51.059086,2
159.0,124.94415,2
259.0,98.5369,2
393.9,200.8061,2
152.0,147.35542,2
104.0,131.7175,2
74.7,80.91983,2
140.0,110.941696,2
96.6,94.81198,2
420.2,253.90834,2
121.0,112.262,2
228.3,74.39596,2
342.4,191.3617,2
307.1,126.90068,2
36.0,28.527561,2
104.4,203.39659,2
79.7,180.87294,2
320.0,176.10771,2
320.0,179.58714,2
390.8,235.0291,2
71.0,61.83042,2
133.0,143.65744,2
68.0,66.24515,2
343.2,139.17995,2
50.0,52.95742,2
341.7,136.25478,2
372.0,190.61566,2
281.0,175.26744,2
412.5,201.96979,2
393.9,166.34785,2
36.0,21.56165,2
335.5,247.89885,2
141.0,98.04524,2
449.0,168.60823,2
111.0,56.71025,2
320.0,127.179825,2
301.0,264.66144,2
48.0,25.268291,2
450.0,319.09097,2
333.2,186.04301,2
35.0,90.92566,2
40.0,65.9084,2
160.0,122.37419,2
179.0,122.953415,2
31.7,72.11316,2
36.0,46.513226,2
93.2,104.54782,2
145.4,174.01378,2
163.0,132.05122,2
101.0,101.72237,2
430.9,211.98952,2
101.0,90.15431,2
111.0,92.2692,2
293.0,206.76599,2
73.0,74.58322,2
182.0,164.95656,2
79.7,108.24434,2
268.0,291.33334,2
103.0,134.51796,2
36.7,54.068466,2
89.9,105.23744,2
47.0,27.675655,2
307.1,209.5555,2
179.5,111.27881,2
162.0,136.01347,2
89.9,90.13332,2
124.0,118.06084,2
128.3,191.71011,2
360.1,255.2962,2
156.0,142.85841,2
255.6,144.94308,2
363.2,303.76526,2
311.7,165.60988,2
162.0,114.581955,2
91.6,138.93214,2
362.4,208.55983,2
91.0,126.32903,2
282.9,230.54938,2
30.0,67.11904,2
162.0,124.566025,2
107.8,30.375145,2
360.1,184.38266,2
363.0,350.75955,2
160.0,144.7777,2
269.3,47.37989,2
103.0,82.21863,2
88.2,146.79034,2
372.0,201.68651,2
230.0,205.65453,2
38.3,48.497543,2
363.0,257.03607,2
268.0,294.94083,2
133.0,151.3531,2
51.0,3.1494095,2
313.3,173.54282,2
268.0,268.24097,2
245.0,336.82748,2
94.9,126.52565,2
91.0,115.54237,2
387.0,206.01031,2
43.0,57.7864,2
56.1,113.66005,2
160.0,102.0856,2
160.0,109.29985,2
66.2,38.8909,2
91.0,91.82085,2
440.1,287.50186,2
73.0,91.647064,2
332.5,240.53526,2
161.0,124.57646,2
206.0,118.23443,2
293.0,204.88368,2
310.2,208.96173,2
351.7,17.182693,2
330.2,186.77657,2
167.0,120.615585,2
500.0,111.06702,2
91.0,104.13891,2
329.4,147.03427,2
141.0,137.77612,2
29.0,129.66011,2
134.0,133.35243,2
154.0,121.5398,2
372.0,213.06728,2
128.3,109.15318,2
161.0,64.667305,2
107.8,88.24941,2
363.0,283.3517,2
284.0,132.34727,2
311.7,61.89186,2
331.0,185.79579,2
141.0,95.95921,2
155.6,192.69238,2
449.0,132.64236,2
52.7,115.88795,2
154.0,152.38808,2
130.0,88.50928,2
103.0,-10.96437,2
161.0,86.16511,2
104.4,111.59839,2
309.4,124.93053,2
130.0,99.483185,2
91.0,92.49433,2
377.0,182.64317,2
383.1,123.23294,2
135.1,76.75633,2
223.0,190.02089,2
311.7,104.32116,2
56.0,46.25468,2
69.6,71.87481,2
363.0,268.93002,2
86.5,88.039665,2
334.0,270.7125,2
32.0,45.470177,2
48.0,24.750092,2
98.3,89.03627,2
130.0,100.30275,2
334.0,298.15073,2
262.4,129.44106,2
268.0,214.30641,2
156.0,123.59612,2
103.0,51.383778,2
320.0,168.9252,2
59.4,-110.61078,2
370.1,236.75444,2
47.0,23.421724,2
156.0,138.99391,2
204.4,119.589035,2
342.4,180.11162,2
151.0,80.3803,2
230.0,223.05777,2
91.0,98.43826,2
134.0,99.91998,2
56.0,40.7961,2
206.0,111.20891,2
450.0,324.52982,2
156.0,127.551186,2
76.3,35.96018,2
141.0,60.508736,2
449.0,155.82234,2
26.7,99.76163,2
141.0,102.07701,2
121.5,97.34838,2
104.4,129.08371,2
449.0,145.3136,2
91.0,79.586044,2
156.0,128.13214,2
160.0,126.11592,2
61.1,129.23222,2
43.0,57.579872,2
52.7,168.74352,2
372.0,217.3409,2
96.6,104.64505,2
102.0,57.285736,2
281.0,165.65834,2
230.0,209.48863,2
73.0,75.81403,2
91.6,164.8785,2
342.4,195.15442,2
363.0,252.986,2
41.7,91.24759,2
107.8,81.25676,2
56.1,127.3945,2
57.8,97.229004,2
128.3,81.36374,2
26.7,98.916466,2
111.0,85.433624,2
450.0,229.02013,2
143.0,109.44324,2
38.3,108.79819,2
158.0,119.319336,2
141.0,128.81882,2
281.0,198.86755,2
30.0,67.13271,2
245.0,260.6203,2
370.1,322.5472,2
111.0,83.03,2
97.0,39.973923,2
324.0,130.00368,2
441.7,157.46135,2
101.0,134.95665,2
363.0,339.70682,2
57.8,115.74164,2
402.5,159.61969,2
235.1,150.45235,2
56.1,82.379875,2
49.0,73.14832,2
91.6,34.713478,2
158.0,130.66023,2
386.2,255.85384,2
69.6,54.998016,2
160.0,141.40633,2
332.5,155.90825,2
301.8,41.34662,2
162.0,150.26749,2
272.7,182.4494,2
128.3,165.11546,2
372.0,107.50343,2
223.0,166.34425,2
40.0,152.6493,2
20.0,207.47685,2
179.0,129.02907,2
331.0,93.85687,2
500.0,220.78714,2
383.1,150.44086,2
316.3,108.671585,2
86.5,275.8281,2
91.0,134.6174,2
223.0,165.05647,2
223.0,116.46539,2
167.0,97.50098,2
223.0,211.73462,2
230.0,168.862,2
314.0,132.33498,2
121.0,103.572495,2
289.8,189.59404,2
111.0,105.31487,2
255.6,202.37407,2
199.0,206.10027,2
199.0,31.439003,2
284.0,128.25945,2
43.3,93.386536,2
303.3,101.60509,2
343.2,241.76573,2
334.0,234.55731,2
182.0,126.85237,2
47.0,83.56964,2
79.7,42.396217,2
380.0,206.01031,2
496.2,210.53532,2
329.4,232.23662,2
73.0,164.69804,2
235.1,175.59297,2
145.4,138.68594,2
73.0,61.070248,2
245.0,307.66476,2
131.7,189.67891,2
111.0,74.2551,2
316.3,73.37735,2
156.0,161.82635,2
121.5,215.64482,2
45.0,66.88311,2
40.0,170.36089,2
382.3,233.27692,2
114.7,90.15708,2
104.0,107.4035,2
500.0,199.14677,2
245.4,169.6534,2
313.3,95.04492,2
16.7,182.31242,2
104.0,123.63814,2
329.4,235.00949,2
449.0,234.39203,2
154.0,106.3851,2
329.4,216.29259,2
363.0,169.88368,2
311.7,55.72615,2
337.8,180.47566,2
48.3,119.661865,2
152.2,131.27068,2
334.8,297.9082,2
252.2,198.72966,2
103.0,97.209366,2
402.5,193.37369,2
94.9,213.20297,2
37.0,43.6448,2
331.0,163.5937,2
145.4,-7.895565,2
32.0,69.80388,2
25.0,70.64563,2
279.5,92.51019,2
124.0,140.88435,2
94.9,93.75472,2
48.0,31.357708,2
36.7,73.79047,2
37.0,37.343185,2
337.8,260.64532,2
230.0,151.81981,2
158.0,112.88701,2
152.0,130.62181,2
331.0,192.12318,2
245.0,247.76332,2
94.9,26.195438,2
156.0,126.30464,2
121.0,87.8486,2
56.0,50.518433,2
96.6,106.75637,2
167.0,98.9521,2
57.8,85.56268,2
281.0,187.77443,2
78.0,103.835175,2
154.0,126.16218,2
36.0,23.72512,2
27.0,57.805714,2
162.0,134.88383,2
36.0,22.619804,2
15.0,26.07528,2
141.0,136.89174,2
242.0,414.03436,2
160.0,140.11375,2
305.6,149.56584,2
135.1,46.230125,2
162.0,108.821075,2
48.3,14.683767,2
104.0,114.27843,2
324.8,166.24748,2
63.0,94.47571,2
182.0,144.31499,2
362.4,213.38058,2
320.0,167.5483,2
143.0,133.1808,2
71.0,34.15614,2
337.1,134.51692,2
101.0,85.90869,2
363.2,106.63256,2
51.0,112.883644,2
342.4,183.70586,2
68.0,64.18663,2
47.0,-17.10865,2
330.0,264.9081,2
47.0,50.88414,2
159.0,119.19249,2
97.0,49.925793,2
317.1,114.54453,2
143.0,132.15645,2
299.0,115.18991,2
141.0,108.41346,2
47.0,-40.91374,2
20.0,9.024554,2
245.4,-66.5298,2
83.1,30.559467,2
300.0,104.6969,2
318.7,161.11656,2
156.0,118.914055,2
106.0,30.570915,2
338.6,144.12549,2
386.2,279.696,2
335.5,167.72449,2
331.0,192.43611,2
161.0,106.07863,2
325.6,247.11084,2
156.0,151.7972,2
50.0,-144.76265,2
370.1,255.94283,2
138.0,83.71716,2
140.0,114.209045,2
91.0,94.89249,2
51.0,139.09718,2
312.5,173.92064,2
335.5,299.6166,2
145.0,152.39192,2
182.0,129.86922,2
135.1,312.49918,2
320.0,185.79579,2
28.3,62.976555,2
88.2,133.71153,2
33.3,56.77082,2
67.9,86.39095,2
159.0,85.48654,2
141.0,124.58049,2
259.0,161.77492,2
162.0,134.93898,2
230.0,188.36435,2
165.9,48.752457,2
92.0,34.98812,2
15.0,50.431046,2
47.0,9.411048,2
338.6,180.73601,2
111.0,84.0741,2
293.0,180.5641,2
66.2,6.9455185,2
111.0,58.887955,2
160.0,129.63994,2
341.7,210.33018,2
331.0,90.77411,2
449.0,248.08641,2
159.0,173.2678,2
202.0,156.71983,2
293.0,215.07219,2
103.0,71.98163,2
52.7,190.12714,2
43.0,19.328274,2
41.7,73.615906,2
73.0,46.010937,2
450.0,305.7817,2
218.1,97.24599,2
57.8,68.54202,2
282.9,87.3286,2
320.0,123.844666,2
450.0,317.6451,2
73.0,48.795933,2
202.0,141.90477,2
47.0,40.4308,2
293.0,161.71507,2
8.3,220.1277,2
340.1,128.85097,2
49.0,71.14856,2
238.6,198.0702,2
255.6,98.05381,2
357.0,161.1543,2
363.2,122.15245,2
86.5,95.54478,2
161.0,116.78834,2
279.5,62.063835,2
450.0,322.47147,2
179.0,113.97209,2
63.0,95.204704,2
131.7,133.73747,2
252.2,104.26879,2
41.7,206.22661,2
440.1,247.69667,2
363.2,137.65918,2
281.0,296.22903,2
333.2,160.65056,2
286.3,213.92357,2
230.0,160.00049,2
230.0,212.60732,2
281.0,132.52194,2
101.0,134.6211,2
121.5,183.41864,2
281.0,244.16977,2
179.0,171.7342,2
299.0,105.22631,2
98.3,28.627829,2
356.3,149.61247,2
231.7,126.54874,2
30.0,96.16567,2
176.1,200.31564,2
138.0,80.27858,2
142.0,180.21727,2
31.7,99.64989,2
26.7,114.95923,2
97.0,78.41576,2
156.0,139.64809,2
380.0,233.43497,2
88.2,94.541824,2
307.1,136.75902,2
103.0,140.31178,2
404.1,111.652405,2
356.3,129.28345,2
162.0,146.20804,2
136.0,60.013115,2
94.9,167.44725,2
268.0,238.16948,2
69.6,60.80414,2
380.0,206.38141,2
104.0,80.2745,2
43.0,43.57386,2
16.7,95.7429,2
141.0,113.81109,2
331.0,152.27045,2
372.0,235.8007,2
293.0,149.97878,2
94.9,30.848984,2
38.3,22.860512,2
245.0,196.78654,2
370.1,167.69492,2
158.0,148.28868,2
182.0,105.7543,2
35.0,174.07649,2
343.2,307.93674,2
248.8,121.57655,2
327.9,173.0955,2
337.8,163.23224,2
141.0,159.99367,2
50.0,273.6918,2
199.0,210.09209,2
100.0,197.90413,2
51.0,36.287174,2
107.0,97.20458,2
311.7,194.39314,2
281.0,173.42534,2
119.0,99.28374,2
363.0,216.3351,2
96.6,154.32759,2
59.4,23.634663,2
111.0,75.78575,2
91.0,94.75892,2
230.0,149.92139,2
186.3,176.92577,2
160.0,81.57555,2
319.4,158.47688,2
49.0,105.27484,2
325.6,105.01401,2
43.0,23.203789,2
358.6,182.84074,2
154.0,144.08656,2
91.0,87.72516,2
313.3,90.0458,2
88.2,94.0721,2
101.0,121.94771,2
373.1,120.444275,2
196.6,102.41588,2
141.0,126.05969,2
293.0,226.47179,2
293.0,128.04335,2
230.0,217.1384,2
363.0,100.21805,2
289.8,156.27766,2
301.0,224.02081,2
104.0,97.214005,2
56.1,68.685745,2
284.0,130.27,2
106.0,30.487274,2
328.6,119.24504,2
154.0,150.29562,2
242.0,106.21115,2
360.1,222.58252,2
383.1,198.87247,2
363.0,228.38385,2
35.0,159.87143,2
124.9,310.5517,2
496.2,180.64603,2
68.0,29.62049,2
29.0,62.044415,2
135.1,199.69711,2
328.6,236.33788,2
47.0,36.140434,2
363.0,291.67703,2
15.0,51.32962,2
335.5,240.83138,2
118.1,113.626076,2
133.0,124.26492,2
162.0,136.89934,2
124.0,137.78517,2
342.4,205.2401,2
363.0,267.34866,2
286.3,162.16637,2
230.0,153.18898,2
193.2,53.93782,2
141.0,145.65755,2
45.0,193.67067,2
329.4,207.38246,2
343.2,243.47366,2
41.0,27.15023,2
223.0,180.38356,2
315.6,87.55108,2
307.9,264.3057,2
135.1,88.487885,2
141.0,163.39717,2
491.6,237.9845,2
314.8,172.42784,2
97.0,77.37577,2
46.7,152.86174,2
35.0,172.77345,2
124.9,27.158989,2
30.0,38.590637,2
293.0,269.4265,2
338.6,182.2981,2
47.0,42.186634,2
101.0,121.27415,2
370.8,250.31442,2
211.2,201.16368,2
293.0,212.8108,2
43.0,22.594442,2
281.0,169.15932,2
360.1,353.37607,2
70.0,39.87883,2
93.2,181.90039,2
53.0,40.3861,2
37.0,47.39496,2
141.0,124.34763,2
69.6,83.26104,2
106.0,34.512104,2
51.0,18.69017,2
325.6,169.01344,2
56.0,63.956375,2
160.0,89.85858,2
330.0,213.16763,2
160.0,143.75862,2
73.0,34.484886,2
111.0,111.947136,2
352.4,121.003944,2
206.0,147.84435,2
281.0,107.091125,2
68.0,42.28294,2
84.8,148.1627,2
91.0,71.03102,2
393.9,212.9158,2
106.0,26.118282,2
47.0,19.779606,2
281.0,270.89664,2
114.7,43.40896,2
363.0,282.5821,2
92.0,41.849804,2
96.6,64.7708,2
103.0,64.2748,2
91.0,116.24203,2
21.7,132.32637,2
66.2,184.04604,2
92.0,57.58616,2
154.0,150.25078,2
255.6,62.96418,2
124.9,157.23427,2
223.0,161.60667,2
29.0,74.2552,2
268.0,246.5833,2
360.1,182.87292,2
88.2,111.047935,2
293.0,152.41234,2
89.9,76.70888,2
111.0,101.61572,2
141.0,139.83627,2
159.0,115.006805,2
262.4,181.3425,2
328.6,167.82515,2
304.1,151.86998,2
334.8,140.96352,2
143.0,125.814896,2
101.0,79.61807,2
152.0,76.179756,2
230.0,188.56418,2
331.0,130.81789,2
29.0,91.19203,2
158.0,142.53397,2
37.0,31.194286,2
156.0,111.89775,2
369.3,239.3266,2
230.0,258.867,2
202.0,143.44865,2
133.0,100.013176,2
21.7,50.619293,2
301.8,165.34972,2
301.0,73.409515,2
179.0,95.76108,2
133.0,156.82251,2
100.0,174.36848,2
159.0,146.00778,2
156.0,137.66425,2
230.0,221.53416,2
201.0,72.86838,2
140.0,134.96779,2
450.0,225.26833,2
179.0,167.68977,2
97.0,29.93612,2
429.4,121.24823,2
360.1,161.34549,2
91.0,117.99308,2
94.9,113.6547,2
134.0,152.28383,2
78.0,140.13197,2
377.0,288.29077,2
450.0,299.5585,2
337.8,188.78865,2
333.2,254.5695,2
69.6,98.53952,2
134.0,105.62698,2
30.0,97.213524,2
363.0,326.7745,2
48.3,91.73169,2
500.0,101.89334,2
37.0,48.071785,2
430.9,213.26741,2
370.1,322.92844,2
89.9,68.9366,2
330.0,297.68076,2
145.0,151.47937,2
245.0,262.03177,2
337.8,124.07523,2
304.1,211.61449,2
300.0,177.51239,2
380.0,264.08237,2
56.1,92.40049,2
363.0,45.1698,2
130.0,76.98245,2
162.0,129.18317,2
377.0,182.59935,2
493.1,159.91104,2
338.6,148.74934,2
40.0,116.12871,2
335.5,193.91711,2
106.0,75.52828,2
104.0,112.30438,2
156.0,115.54308,2
47.0,27.135643,2
500.0,115.59718,2
103.0,98.63441,2
363.0,217.40245,2
223.0,107.80675,2
334.0,292.00327,2
335.5,260.7227,2
73.0,69.96646,2
159.0,152.73744,2
40.0,66.53269,2
37.0,55.84899,2
172.7,103.42465,2
106.0,13.563852,2
293.0,123.23974,2
245.0,149.83754,2
281.0,165.885,2
363.0,402.59415,2
106.0,33.20191,2
118.1,91.19813,2
242.0,174.18234,2
321.0,163.72359,2
161.0,83.64603,2
281.0,137.78975,2
307.1,13.570468,2
449.0,122.834305,2
500.0,98.48513,2
152.0,91.30214,2
142.0,55.023922,2
248.8,217.51979,2
143.0,122.76378,2
158.0,140.6155,2
141.0,101.60914,2
68.0,19.998783,2
311.7,155.8308,2
248.8,187.51259,2
224.9,287.35648,2
330.0,244.37625,2
281.0,194.84586,2
73.0,86.76948,2
36.0,89.113594,2
293.0,230.11372,2
449.0,273.91156,2
124.0,113.88992,2
324.8,153.32994,2
156.0,149.73375,2
156.0,170.89488,2
327.9,221.29845,2
342.4,236.08467,2
272.7,88.724014,2
89.9,178.57741,2
48.3,17.167236,2
230.0,156.16716,2
66.2,151.20949,2
69.6,88.77911,2
169.3,261.78445,2
429.4,176.59431,2
68.0,47.84613,2
337.8,212.65903,2
279.5,166.65825,2
230.0,217.88484,2
160.0,119.329666,2
202.0,148.56564,2
496.2,171.57198,2
78.0,74.49557,2
103.0,-21.048708,2
140.0,128.45607,2
354.7,156.86824,2
32.0,-6.9886866,2
279.5,178.63135,2
255.6,199.69429,2
345.5,215.47118,2
69.6,81.58792,2
131.7,59.988663,2
47.0,32.682693,2
252.2,151.59862,2
334.8,142.88307,2
54.4,68.08224,2
363.0,113.853134,2
156.0,153.86163,2
140.0,137.07878,2
71.0,69.63705,2
91.0,114.940186,2
160.0,108.5347,2
156.0,121.60463,2
43.0,118.85921,2
356.3,161.2271,2
363.9,257.2206,2
111.0,57.623753,2
98.3,136.64912,2
317.1,77.50458,2
279.5,160.25874,2
27.0,66.954285,2
51.0,159.46454,2
74.7,137.94785,2
312.5,129.86584,2
269.3,161.5395,2
31.7,72.90637,2
380.8,193.39,2
230.0,165.75468,2
323.3,57.777077,2
141.0,53.887947,2
47.0,-14.987729,2
66.2,49.762993,2
84.8,-86.25255,2
78.0,73.70209,2
163.0,102.171616,2
35.0,74.90631,2
93.2,76.745445,2
50.0,26.30759,2
46.7,81.526794,2
119.0,97.80492,2
92.0,77.450485,2
242.0,210.50674,2
316.3,112.406235,2
186.3,191.8604,2
300.0,120.10341,2
124.0,104.227806,2
119.0,99.06267,2
337.8,254.95798,2
293.0,258.76758,2
78.0,43.815197,2
154.0,83.13367,2
15.0,30.391281,2
332.5,179.22972,2
101.0,85.45884,2
48.0,21.36013,2
341.7,170.61009,2
230.0,240.40022,2
286.3,120.44368,2
245.0,347.9101,2
304.1,120.47148,2
154.0,125.088326,2
128.3,106.554924,2
245.4,179.07785,2
159.0,71.3417,2
101.0,241.92027,2
360.9,111.12132,2
245.0,259.78934,2
41.7,67.72435,2
230.0,208.15163,2
41.7,131.33458,2
103.0,128.3069,2
206.0,114.8351,2
46.7,73.65265,2
91.0,90.71159,2
450.0,240.93687,2
156.0,147.85011,2
245.0,192.44676,2
331.7,152.97041,2
363.2,129.32698,2
97.0,49.048985,2
104.0,110.93966,2
386.2,244.81209,2
429.4,128.80016,2
68.0,48.945282,2
30.0,45.547703,2
145.4,98.06789,2
160.0,131.86229,2
328.6,259.22546,2
30.0,57.8757,2
47.0,25.88261,2
357.0,130.0591,2
230.0,145.7422,2
302.5,225.6328,2
496.2,169.68646,2
156.0,131.19899,2
411.0,217.20444,2
91.0,118.28992,2
25.0,72.34746,2
432.5,156.69221,2
145.0,133.09364,2
284.0,123.50168,2
307.1,178.82121,2
307.1,54.23357,2
43.0,108.37488,2
94.9,185.06645,2
326.3,138.5874,2
363.0,94.13278,2
346.3,162.98354,2
343.2,109.84368,2
370.1,239.76457,2
154.0,136.35257,2
154.0,119.626686,2
341.7,229.62413,2
199.0,201.24579,2
143.0,117.5347,2
496.2,187.90709,2
223.0,167.44456,2
93.2,143.26497,2
303.3,279.65387,2
182.0,132.72472,2
47.0,58.412483,2
154.0,118.556175,2
47.0,29.293093,2
37.0,46.945686,2
370.1,169.67638,2
305.6,86.42504,2
163.0,100.483284,2
121.5,173.16817,2
69.6,69.929955,2
496.2,162.43115,2
141.0,142.99974,2
155.6,119.38153,2
320.0,170.34984,2
327.9,145.95613,2
91.6,186.78603,2
252.2,164.35738,2
91.0,115.55177,2
321.0,142.64503,2
98.3,80.1647,2
370.1,166.47856,2
156.0,144.27304,2
47.0,42.853645,2
230.0,184.52362,2
84.8,102.54969,2
156.0,134.1801,2
345.5,189.65675,2
230.0,163.60442,2
29.0,41.311935,2
300.0,140.44221,2
73.0,70.534546,2
141.0,140.4639,2
45.0,83.64499,2
156.0,107.73211,2
101.0,110.48586,2
74.7,24.488256,2
327.9,160.12267,2
43.0,7.45705,2
496.2,254.3922,2
293.0,196.05315,2
83.1,129.4179,2
138.0,122.8235,2
62.8,54.224457,2
500.0,145.07396,2
69.6,109.905136,2
284.0,151.13618,2
68.0,41.0331,2
330.9,155.70284,2
15.0,53.990356,2
360.1,177.29697,2
106.0,47.70469,2
143.0,147.28905,2
386.2,266.51334,2
301.0,186.23146,2
154.0,123.9736,2
94.9,143.52675,2
138.0,106.58185,2
330.2,177.51663,2
333.2,132.21039,2
223.0,191.84966,2
156.0,143.36589,2
272.7,132.72443,2
329.4,68.574326,2
161.0,147.48741,2
73.0,35.391663,2
152.0,118.42528,2
360.1,122.95126,2
103.0,82.902695,2
145.4,63.994766,2
334.8,134.81995,2
357.0,141.59537,2
358.6,149.44243,2
51.0,40.55303,2
373.1,171.70139,2
330.2,109.69339,2
296.6,55.178555,2
104.0,177.77094,2
230.0,213.00032,2
63.0,128.3996,2
306.4,114.67505,2
493.1,161.83194,2
154.0,128.5199,2
281.0,240.70792,2
20.0,61.177845,2
56.0,23.731684,2
255.6,158.6913,2
230.0,236.17018,2
156.0,163.1697,2
28.3,168.72795,2
61.1,51.351738,2
305.6,116.11955,2
171.0,136.09705,2
71.0,41.9197,2
313.3,65.45218,2
230.0,147.2206,2
281.0,215.9254,2
255.6,174.5934,2
37.0,69.06151,2
91.0,139.36955,2
152.0,122.62849,2
154.0,149.4944,2
242.0,250.53609,2
393.9,130.43626,2
27.0,138.6233,2
323.3,170.47408,2
230.0,167.68416,2
162.0,122.75927,2
372.0,189.28311,2
133.0,155.2404,2
156.0,153.03752,2
91.6,78.62602,2
67.9,125.98622,2
26.7,98.71301,2
380.8,204.80144,2
404.1,199.574,2
289.8,121.5934,2
333.2,149.77284,2
70.0,22.52929,2
68.0,31.35748,2
128.0,122.622284,2
230.0,172.51411,2
206.0,122.83697,2
143.0,98.49947,2
56.1,85.78406,2
140.0,114.45791,2
163.0,149.36052,2
245.0,170.64876,2
28.3,71.57227,2
172.7,97.42179,2
91.0,87.54878,2
223.0,200.77637,2
124.9,170.12279,2
140.0,114.653946,2
93.2,92.839264,2
140.0,117.5482,2
130.0,160.98631,2
101.0,93.300575,2
269.3,224.29562,2
340.1,119.58242,2
64.5,91.8943,2
327.9,429.55035,2
370.1,138.4374,2
101.0,107.623505,2
143.0,168.36327,2
40.0,41.51236,2
96.6,108.61801,2
363.0,139.24455,2
327.9,156.0677,2
449.0,115.53889,2
93.2,108.761055,2
363.0,377.975,2
272.7,140.51196,2
325.6,265.7842,2
182.0,121.62819,2
101.0,107.67022,2
86.5,60.748173,2
66.2,69.84783,2
272.7,140.26569,2
269.3,128.16747,2
163.0,144.44972,2
36.0,66.46804,2
156.0,142.03712,2
363.0,229.16936,2
380.8,263.57535,2
330.0,300.01602,2
296.6,207.8947,2
69.6,214.2845,2
245.0,285.32602,2
304.8,122.4634,2
154.0,95.55289,2
40.0,75.369354,2
199.0,135.88771,2
86.5,101.64339,2
48.3,136.08192,2
53.0,51.20452,2
242.0,111.0754,2
336.3,111.81368,2
158.0,132.72246,2
51.0,54.27044,2
119.0,61.42431,2
91.0,104.965546,2
293.0,154.9997,2
300.0,168.4193,2
230.0,215.19804,2
46.7,67.51573,2
133.0,184.22014,2
311.7,176.4451,2
114.0,64.409355,2
15.0,15.27023,2
223.0,211.71214,2
314.8,205.12575,2
103.0,125.63632,2
301.0,176.59676,2
276.1,146.81905,2
91.6,165.02658,2
363.0,260.48495,2
27.0,65.21142,2
151.0,100.60174,2
101.0,66.397095,2
53.0,24.470943,2
158.0,135.1273,2
37.0,44.94333,2
96.6,25.257236,2
133.0,155.43498,2
363.0,274.87103,2
21.7,157.3262,2
43.0,36.967113,2
259.0,185.41997,2
487.0,212.2358,2
91.6,107.38622,2
199.0,229.8838,2
299.0,175.8612,2
160.0,98.60372,2
63.0,110.65442,2
284.0,127.18412,2
363.0,122.37686,2
89.9,113.58603,2
141.0,94.4382,2
199.0,231.43678,2
182.9,87.01791,2
71.0,26.345337,2
50.0,66.38288,2
358.6,157.23409,2
259.0,186.4386,2
141.0,153.93546,2
207.8,85.50789,2
325.6,114.043785,2
97.0,44.849365,2
245.0,300.00854,2
81.4,109.136086,2
450.0,232.93294,2
396.9,153.53322,2
43.3,93.10588,2
340.1,145.51949,2
404.1,139.8305,2
269.3,144.314,2
202.0,168.64528,2
487.0,236.37852,2
103.0,154.96286,2
330.9,93.01019,2
63.0,59.76072,2
48.0,-3.975888,2
281.0,127.69441,2
74.7,159.4698,2
363.0,479.1122,2
48.3,91.668106,2
140.0,98.715836,2
380.0,189.21965,2
293.0,213.73878,2
51.0,185.35643,2
89.9,165.17744,2
31.7,67.07668,2
38.3,98.3225,2
286.3,131.78754,2
63.0,68.951416,2
357.0,150.71019,2
382.3,29.444292,2
324.0,376.07498,2
121.5,80.134384,2
363.9,257.30753,2
35.0,48.195778,2
141.0,83.6667,2
141.0,108.99945,2
107.8,79.49386,2
104.0,95.177505,2
43.0,67.08623,2
131.7,139.75316,2
366.2,84.24492,2
363.0,266.55045,2
262.4,96.98834,2
35.0,245.28548,2
386.2,254.4624,2
245.4,74.36972,2
152.2,157.91669,2
156.0,123.090225,2
320.0,180.79286,2
104.0,59.25918,2
317.9,237.30672,2
457.8,256.25085,2
316.3,190.85637,2
141.0,141.17622,2
340.1,134.5955,2
48.0,34.418457,2
159.0,112.73752,2
328.6,131.65123,2
71.0,26.725655,2
103.0,49.344612,2
71.0,32.08653,2
158.0,136.33768,2
15.0,33.40833,2
156.0,120.8167,2
111.2,55.02397,2
124.0,106.01509,2
172.7,160.95665,2
429.4,247.02731,2
197.0,96.13529,2
78.0,151.06207,2
363.9,228.99791,2
331.0,168.27882,2
235.1,191.66057,2
230.0,148.06642,2
158.0,111.85701,2
145.0,167.9194,2
238.6,238.18837,2
230.0,233.622,2
47.0,22.287031,2
319.4,210.39107,2
340.1,166.03108,2
206.0,78.85144,2
450.9,129.82692,2
450.0,304.7749,2
372.0,218.16487,2
176.1,64.95073,2
330.9,155.71169,2
268.0,307.4911,2
230.0,182.90367,2
141.0,83.2198,2
337.8,125.51732,2
328.6,202.27992,2
328.6,60.739647,2
223.0,125.74947,2
46.7,38.99592,2
134.0,99.826035,2
154.0,119.90555,2
111.2,30.138681,2
322.5,109.06897,2
342.4,173.34825,2
15.0,102.53961,2
230.0,154.96777,2
119.0,103.127914,2
15.0,54.058514,2
38.3,65.089745,2
101.0,68.96605,2
160.0,125.77966,2
70.0,47.871944,2
141.0,123.25314,2
91.0,123.07754,2
103.0,83.03871,2
35.0,54.31227,2
334.0,162.95265,2
156.0,114.4078,2
141.0,114.209305,2
252.2,119.93145,2
43.0,68.20642,2
206.0,125.58873,2
141.0,159.4077,2
293.0,184.08195,2
106.0,26.113737,2
321.7,221.50029,2
259.0,122.81904,2
158.0,135.65022,2
154.0,169.50403,2
103.0,121.8416,2
372.0,227.3069,2
103.0,50.1671,2
156.0,126.30481,2
114.7,204.0572,2
404.1,183.7794,2
330.0,261.5915,2
27.0,57.468098,2
363.0,336.05225,2
262.4,87.36064,2
156.0,187.48273,2
56.0,43.911804,2
141.0,134.286,2
357.0,142.88005,2
316.3,98.03663,2
43.0,75.545944,2
399.2,181.52045,2
386.2,232.32628,2
363.0,150.61256,2
33.3,43.3358,2
337.8,109.929535,2
78.0,125.26166,2
68.0,33.87938,2
98.3,24.047699,2
356.3,172.99507,2
43.0,26.475842,2
121.0,92.55163,2
57.8,76.61438,2
245.0,225.89523,2
101.0,108.43206,2
340.9,181.12248,2
179.0,122.94236,2
202.0,153.3862,2
362.4,174.61043,2
335.5,62.89329,2
331.0,72.42123,2
141.0,147.53505,2
127.0,136.79913,2
223.0,106.831345,2
163.0,142.91867,2
154.0,138.32784,2
315.6,200.01393,2
334.8,170.71217,2
63.0,59.94904,2
323.3,106.71503,2
148.8,107.13034,2
158.0,177.17262,2
140.0,102.796005,2
214.7,102.85152,2
121.0,82.78222,2
156.0,114.74193,2
103.0,81.65662,2
262.4,122.80208,2
64.5,92.49104,2
43.3,128.36224,2
329.4,168.74379,2
449.0,256.07114,2
386.2,211.22935,2
47.0,20.927608,2
313.3,71.63889,2
300.0,223.59392,2
114.7,138.52254,2
36.7,48.57642,2
363.0,263.5392,2
202.0,148.77321,2
32.0,40.351448,2
141.0,89.33037,2
48.0,9.774759,2
130.0,148.02238,2
27.0,70.02799,2
49.0,48.053627,2
330.0,277.15298,2
141.0,123.60838,2
182.9,119.39946,2
128.3,118.065475,2
20.0,52.165474,2
76.3,83.387856,2
304.1,80.09599,2
327.9,291.9907,2
404.1,186.51465,2
193.2,297.6266,2
293.0,134.93134,2
331.0,181.39839,2
341.7,183.25542,2
330.2,120.47593,2
303.3,86.77013,2
160.0,127.25452,2
404.1,106.6256,2
88.2,195.04594,2
279.5,153.41675,2
73.0,52.490257,2
101.0,90.051575,2
362.4,290.0441,2
93.2,180.56795,2
162.4,86.602776,2
330.9,233.38438,2
156.0,116.55079,2
293.0,169.6791,2
61.1,82.09329,2
134.0,181.13098,2
16.7,36.59224,2
92.0,79.416985,2
103.0,125.59722,2
399.2,109.58152,2
101.0,118.846436,2
370.1,202.3788,2
16.7,-7.4994726,2
141.0,96.85828,2
156.0,118.510666,2
37.0,44.545483,2
91.0,126.33434,2
500.0,111.02712,2
91.6,11.626515,2
26.7,72.96251,2
47.0,9.655786,2
101.0,111.23347,2
496.2,229.7037,2
169.3,88.785545,2
63.0,78.95569,2
383.9,138.70335,2
334.8,248.20149,2
141.0,109.65047,2
89.9,151.4421,2
43.0,26.312061,2
372.0,215.49124,2
500.0,224.05684,2
141.0,145.39577,2
331.0,161.61281,2
101.0,114.38988,2
140.0,109.970924,2
97.0,58.24197,2
56.0,44.126633,2
197.0,118.397385,2
370.1,351.80453,2
182.9,116.220825,2
124.0,147.04594,2
118.1,68.08147,2
327.1,102.82602,2
141.0,130.35359,2
296.6,231.79276,2
41.0,66.39087,2
106.0,33.94159,2
300.0,111.71648,2
47.0,57.97529,2
133.0,126.87483,2
32.0,62.380024,2
33.3,-36.864395,2
88.2,144.11841,2
320.0,152.77332,2
121.0,134.08607,2
63.0,82.29718,2
47.0,39.81433,2
449.0,149.45383,2
265.9,105.82053,2
223.0,124.535126,2
20.0,61.940495,2
396.9,346.55447,2
91.0,88.65144,2
189.8,71.40622,2
163.0,109.42091,2
281.0,200.9564,2
88.2,62.92262,2
335.5,56.529327,2
104.4,35.544228,2
62.8,234.88368,2
158.0,119.19696,2
101.0,111.86012,2
103.0,124.68016,2
145.0,170.01884,2
47.0,91.55531,2
91.0,143.60123,2
133.0,82.85714,2
51.0,12.946364,2
138.0,113.22946,2
36.0,29.331215,2
358.6,173.55376,2
317.1,130.82939,2
202.0,121.000046,2
311.0,198.23479,2
6.7,170.60727,2
245.0,197.76173,2
103.0,80.44842,2
343.2,285.93265,2
47.0,54.269608,2
78.0,44.49369,2
304.8,108.34994,2
337.8,271.65842,2
152.2,103.70098,2
100.0,67.6557,2
388.5,45.872486,2
500.0,110.64549,2
100.0,48.891983,2
52.7,75.221985,2
103.0,118.403946,2
71.0,41.1085,2
332.5,60.846985,2
56.0,37.611008,2
145.4,38.056797,2
281.0,190.62157,2
88.2,106.113014,2
411.0,165.66347,2
449.0,183.24413,2
327.9,186.53835,2
304.8,77.2005,2
330.0,252.03542,2
94.9,108.04065,2
286.3,174.11394,2
331.0,150.09277,2
299.0,106.56758,2
141.0,104.65629,2
94.9,173.95164,2
450.0,283.29697,2
158.0,126.94936,2
154.0,131.15802,2
26.7,44.37103,2
41.7,53.386444,2
101.0,81.36621,2
330.2,193.31242,2
15.0,55.599224,2
242.0,101.50117,2
79.7,64.31548,2
151.0,134.39299,2
441.7,203.95335,2
143.0,157.89018,2
15.0,2.6643808,2
396.9,92.15901,2
341.7,117.26995,2
83.1,1.7773991,2
104.0,106.756744,2
121.0,112.34199,2
331.0,161.83946,2
248.8,70.04849,2
334.8,189.06367,2
189.8,34.756615,2
279.5,165.72679,2
101.0,194.09111,2
49.0,69.88482,2
223.0,184.75401,2
333.2,207.11415,2
259.0,152.12175,2
66.2,136.19337,2
342.4,167.3059,2
162.0,131.33305,2
98.3,10.200094,2
131.7,153.23157,2
104.0,113.82739,2
372.0,226.37152,2
293.0,360.92752,2
248.8,196.63121,2
91.6,130.04759,2
97.0,79.147514,2
347.8,268.53546,2
334.0,123.463,2
141.0,97.29043,2
301.8,143.33873,2
230.0,203.31992,2
309.4,99.82554,2
49.0,73.39041,2
104.0,121.2286,2
89.9,188.80592,2
450.0,300.3183,2
357.8,77.400185,2
101.0,87.158325,2
363.0,145.8762,2
91.0,108.5906,2
156.0,110.223145,2
252.2,185.6548,2
71.3,88.73155,2
449.0,246.26057,2
162.0,129.78319,2
380.0,171.98634,2
32.0,33.297306,2
309.4,97.94521,2
49.0,59.889072,2
163.0,135.58626,2
98.3,83.07179,2
230.0,180.79063,2
255.6,260.46054,2
79.7,88.318665,2
302.5,63.635597,2
323.3,163.85191,2
25.0,115.62262,2
329.4,179.76811,2
429.4,217.07706,2
36.0,43.540154,2
73.0,70.266266,2
230.0,184.78618,2
51.0,22.04171,2
496.2,214.55284,2
450.0,226.19998,2
130.0,82.93048,2
141.0,56.921066,2
449.0,261.93567,2
341.7,179.68434,2
86.5,63.028694,2
238.6,105.725555,2
163.0,105.48216,2
59.4,54.898277,2
281.0,255.75572,2
91.6,194.51912,2
317.9,116.44486,2
343.2,148.45001,2
86.5,61.876488,2
111.2,46.77249,2
104.0,84.74645,2
382.3,310.83643,2
268.0,167.58675,2
91.0,137.99652,2
331.0,178.19914,2
53.0,22.533278,2
345.5,148.03253,2
57.8,62.795425,2
289.8,110.92886,2
16.7,100.409,2
36.0,1.544379,2
306.4,155.48874,2
293.0,201.41098,2
311.0,107.33623,2
156.0,120.85367,2
357.0,117.55896,2
68.0,82.814926,2
340.1,124.56098,2
206.0,131.25551,2
356.3,129.00694,2
68.0,72.678635,2
88.2,251.80957,2
51.0,66.03577,2
330.9,132.84862,2
323.3,107.70094,2
293.0,187.26918,2
329.4,187.74446,2
370.1,310.31638,2
100.0,72.51079,2
169.3,237.49445,2
119.0,72.09276,2
154.0,121.11648,2
356.3,24.298298,2
259.0,141.80766,2
163.0,190.06662,2
363.2,162.0804,2
151.0,136.38878,2
360.1,201.4587,2
318.7,214.15018,2
124.0,109.02552,2
330.2,214.59312,2
317.9,29.364082,2
83.1,69.48596,2
138.6,26.49886,2
313.3,133.5666,2
91.0,79.62421,2
500.0,173.72948,2
333.2,64.82362,2
101.0,90.76505,2
328.6,199.16862,2
154.0,130.26065,2
311.0,196.42592,2
325.6,283.72452,2
163.0,125.32126,2
136.0,66.44748,2
47.0,11.013053,2
133.0,132.20607,2
399.2,116.251144,2
84.8,44.783375,2
15.0,50.415512,2
449.0,119.2478,2
268.0,275.41287,2
156.0,136.4032,2
71.3,91.32754,2
230.0,218.7103,2
57.8,104.859985,2
334.8,173.94437,2
356.3,158.16728,2
121.5,52.16549,2
196.6,57.793316,2
318.7,85.25143,2
293.0,132.95403,2
163.0,122.987045,2
296.6,95.98802,2
245.4,198.32596,2
491.6,256.8321,2
128.3,96.06409,2
197.0,101.930176,2
141.0,121.711334,2
83.1,24.088512,2
329.4,274.59323,2
171.0,103.81442,2
96.6,75.7943,2
36.0,-8.008993,2
330.9,108.6374,2
91.0,96.62492,2
143.0,117.393074,2
207.8,127.64307,2
162.4,144.86401,2
386.2,272.43588,2
43.0,63.764313,2
103.0,84.39574,2
281.0,161.65398,2
230.0,201.6762,2
382.3,282.77695,2
97.0,-3.9450715,2
382.3,317.66684,2
163.0,132.3304,2
372.0,225.6012,2
343.2,227.42392,2
268.0,305.256,2
103.0,76.47122,2
223.0,205.95377,2
73.0,49.46156,2
325.6,23.668234,2
230.0,163.22456,2
450.0,272.9434,2
363.0,256.73355,2
160.0,113.070114,2
160.0,99.697464,2
18.3,28.070114,2
440.1,180.32724,2
457.8,308.28445,2
48.0,29.094444,2
284.0,113.75975,2
156.0,131.279,2
111.0,143.6933,2
162.0,107.45549,2
35.0,32.966755,2
103.0,101.46551,2
103.0,96.624176,2
324.8,132.59619,2
156.0,95.38609,2
48.0,45.851532,2
68.0,62.37217,2
500.0,111.733215,2
141.0,151.02892,2
158.0,111.22928,2
281.0,172.10295,2
91.6,207.0689,2
47.0,27.225658,2
360.1,158.4612,2
93.2,146.0366,2
230.0,149.36937,2
281.0,156.16083,2
330.9,186.70738,2
121.0,127.931015,2
255.6,125.04295,2
160.0,154.87175,2
103.0,78.70861,2
140.0,118.295555,2
61.1,87.35761,2
37.0,19.625397,2
128.3,89.85869,2
91.6,47.37591,2
500.0,291.14667,2
441.7,203.27986,2
124.9,124.546616,2
262.4,156.11775,2
62.8,165.83757,2
158.0,151.4676,2
196.6,132.9128,2
103.0,90.26518,2
230.0,178.93575,2
276.1,141.83696,2
334.8,159.92369,2
104.0,64.51837,2
162.0,145.0847,2
111.0,72.61993,2
161.0,76.24812,2
324.8,117.71368,2
86.5,215.14174,2
334.8,154.1124,2
35.0,106.25338,2
29.0,118.40727,2
363.0,238.2011,2
124.0,158.1703,2
43.0,0.941613,2
91.0,80.809814,2
320.0,161.83946,2
372.0,237.30647,2
230.0,221.95161,2
449.0,341.38144,2
106.0,52.119038,2
100.0,56.93139,2
54.4,125.6542,2
138.6,167.77434,2
133.0,133.31636,2
360.9,161.69003,2
1.7,245.9964,2
101.0,112.46243,2
299.0,130.79637,2
111.2,161.42917,2
45.0,44.92986,2
328.6,207.36703,2
128.3,168.15656,2
101.0,110.236465,2
160.0,103.977745,2
101.0,128.96344,2
404.1,275.34134,2
47.0,34.597378,2
330.0,148.79068,2
302.5,55.241158,2
293.0,239.27043,2
47.0,45.005302,2
78.0,76.13188,2
107.8,-156.01468,2
71.3,-1.9328048,2
333.2,110.15218,2
47.0,25.408815,2
141.0,147.6168,2
163.0,97.75897,2
303.3,82.317444,2
141.0,181.28688,2
68.0,23.04253,2
134.0,197.5619,2
36.7,145.91707,2
141.0,129.39523,2
162.0,137.93027,2
320.0,150.8987,2
160.0,131.15475,2
320.0,147.00587,2
106.0,52.343563,2
193.2,132.67928,2
320.0,150.07512,2
300.0,31.001684,2
124.0,133.6025,2
47.0,19.565762,2
269.3,105.7735,2
230.0,224.36539,2
104.0,115.394424,2
160.0,110.96977,2
330.0,178.76424,2
342.4,156.7879,2
230.0,219.69014,2
186.3,136.22449,2
54.4,90.03206,2
323.3,170.83623,2
343.2,140.63329,2
325.6,108.09921,2
73.0,56.635506,2
269.3,132.48192,2
91.6,103.48797,2
69.6,87.12684,2
66.2,-2.1346161,2
399.2,63.887085,2
289.8,219.36847,2
357.0,150.32661,2
91.0,112.17322,2
154.0,156.90868,2
47.0,2.570898,2
230.0,216.60553,2
316.3,132.76741,2
41.7,254.24583,2
103.0,33.397552,2
296.6,124.12982,2
94.9,133.11958,2
154.0,96.77983,2
230.0,170.10365,2
30.0,112.29067,2
327.1,92.34197,2
496.2,352.13443,2
387.0,264.08237,2
152.0,117.54962,2
363.0,257.70743,2
159.0,122.712006,2
78.0,179.31636,2
52.7,52.60472,2
101.0,91.88481,2
230.0,175.41692,2
52.7,71.76061,2
387.0,254.97884,2
500.0,408.8426,2
268.0,263.0693,2
111.0,71.9894,2
500.0,218.7267,2
101.0,86.43133,2
449.0,162.799,2
328.6,203.36316,2
331.0,165.95302,2
320.0,186.60283,2
81.4,70.313705,2
328.6,155.54402,2
230.0,189.03401,2
68.0,53.618034,2
327.9,310.77142,2
158.0,147.73082,2
199.0,233.20418,2
182.0,108.97885,2
331.7,244.45262,2
340.1,117.576965,2
91.0,73.12964,2
64.5,59.233162,2
301.0,100.22622,2
265.9,128.33482,2
70.0,74.10346,2
154.0,146.83838,2
321.0,149.50273,2
138.6,129.59492,2
293.0,145.84302,2
327.1,106.26939,2
464.7,327.9985,2
349.3,155.58287,2
334.0,267.03958,2
309.4,191.37254,2
62.8,27.84336,2
252.2,96.339554,2
343.2,168.02965,2
309.4,146.15948,2
386.2,156.7758,2
36.0,5.310894,2
141.0,102.8572,2
86.5,104.44445,2
404.1,160.35204,2
230.0,168.81898,2
141.0,109.75729,2
41.0,26.955206,2
84.8,140.8398,2
331.0,188.04697,2
86.5,130.70256,2
161.0,124.44127,2
202.0,146.8741,2
316.3,196.47176,2
145.0,175.0903,2
314.8,89.74219,2
255.6,181.55835,2
133.0,80.49235,2
500.0,106.81616,2
370.1,204.6699,2
114.7,120.630806,2
293.0,231.64526,2
245.0,175.13376,2
372.0,232.30243,2
450.9,133.50244,2
388.5,132.8349,2
71.0,12.859225,2
32.0,16.315304,2
47.0,31.360804,2
307.1,79.087585,2
156.0,122.96864,2
51.0,23.286972,2
20.0,124.447014,2
68.0,12.446667,2
104.0,108.045364,2
265.9,71.89595,2
68.0,18.690594,2
78.0,38.768673,2
315.6,149.92514,2
370.1,227.7325,2
83.1,120.426544,2
223.0,106.284004,2
230.0,153.67822,2
160.0,116.09833,2
179.0,143.60872,2
334.0,156.03645,2
73.0,44.4385,2
329.4,246.03691,2
223.0,138.47868,2
169.3,100.05592,2
331.0,189.00667,2
71.3,108.31997,2
70.0,65.07499,2
370.1,236.0729,2
372.0,128.63815,2
450.0,368.21603,2
363.0,224.17664,2
330.0,233.76822,2
73.0,32.511555,2
101.0,130.48976,2
189.8,65.04777,2
363.0,148.96562,2
131.7,176.14345,2
101.0,142.6148,2
199.0,238.24608,2
330.2,123.98244,2
500.0,128.02594,2
337.8,313.4093,2
182.0,106.56451,2
393.9,153.49818,2
94.9,93.98008,2
281.0,202.90886,2
245.0,282.84293,2
279.5,138.56343,2
154.0,118.23262,2
56.0,35.78151,2
141.0,131.44041,2
330.2,163.67223,2
372.0,229.7015,2
500.0,109.4625,2
163.0,95.120834,2
98.3,79.35542,2
372.0,264.65994,2
324.8,158.92627,2
29.0,92.72867,2
43.0,52.007652,2
450.0,401.55206,2
61.1,88.86255,2
293.0,183.63481,2
163.0,150.03333,2
29.0,158.50633,2
57.8,91.19848,2
293.0,251.57701,2
91.0,78.612015,2
332.5,168.40765,2
145.4,122.73566,2
202.0,157.29439,2
78.0,86.40489,2
101.0,116.94052,2
276.1,148.24144,2
176.1,102.053345,2
337.8,178.66571,2
386.2,236.8456,2
343.2,182.2587,2
48.0,25.421799,2
158.0,140.36668,2
141.0,123.02066,2
386.2,168.6811,2
31.7,61.975426,2
182.0,134.2329,2
230.0,184.68071,2
343.2,128.46336,2
336.3,138.54466,2
230.0,169.69284,2
245.0,315.22736,2
160.0,138.19618,2
47.0,47.6332,2
104.0,73.31003,2
156.0,117.73389,2
48.0,12.5288105,2
286.3,203.82158,2
141.0,103.04856,2
340.1,154.57048,2
121.5,70.30206,2
73.0,33.843998,2
293.0,257.72543,2
162.0,146.69495,2
59.4,120.63434,2
160.0,123.83145,2
449.0,175.47594,2
333.2,141.2873,2
73.0,42.117912,2
333.2,165.49684,2
238.6,243.12575,2
45.0,107.48527,2
362.4,150.31657,2
360.1,157.65355,2
159.0,118.63519,2
324.8,140.09035,2
327.9,102.104485,2
230.0,199.29402,2
138.6,78.288506,2
103.0,65.08841,2
23.3,116.73007,2
199.0,224.87039,2
252.2,117.84813,2
334.0,243.68967,2
73.0,38.604385,2
314.8,242.393,2
91.0,134.39067,2
199.0,145.06902,2
179.0,88.252716,2
316.3,202.3603,2
179.0,138.18193,2
330.9,191.0707,2
358.6,143.36705,2
64.5,125.63757,2
281.0,240.70073,2
141.0,114.07466,2
281.0,143.97913,2
103.0,110.914085,2
284.0,175.73322,2
89.9,167.53874,2
121.0,101.25061,2
121.5,28.198956,2
429.4,114.71391,2
230.0,173.62802,2
327.9,121.61705,2
363.2,127.53018,2
372.0,212.07295,2
160.0,107.57492,2
449.0,199.08076,2
36.7,83.66472,2
331.7,84.471054,2
69.6,88.83002,2
343.2,249.51234,2
235.1,146.81187,2
103.0,90.614975,2
59.4,13.112598,2
245.0,307.8978,2
252.2,125.390656,2
91.0,118.58015,2
282.9,227.76389,2
360.1,230.88768,2
334.8,204.5554,2
238.6,282.77158,2
293.0,212.23161,2
300.0,181.65312,2
103.0,78.660904,2
91.0,92.25203,2
293.0,206.25465,2
262.4,158.44994,2
33.3,84.625336,2
245.0,264.24576,2
284.0,134.14621,2
152.0,95.995316,2
386.2,239.33366,2
103.0,99.36843,2
320.0,159.40211,2
88.2,40.845383,2
230.0,209.34697,2
84.8,58.38012,2
223.0,109.56238,2
27.0,41.70675,2
230.0,228.46115,2
118.1,81.9807,2
134.0,194.53731,2
272.7,96.53591,2
301.0,33.429775,2
23.3,60.472115,2
59.4,93.16179,2
380.0,318.8577,2
47.0,22.29783,2
20.0,37.614647,2
93.2,-0.19656843,2
426.3,206.35544,2
245.0,240.34932,2
199.0,219.44344,2
160.0,123.56795,2
91.0,130.71053,2
141.0,97.82525,2
343.2,167.4157,2
324.8,103.463936,2
500.0,205.4095,2
211.2,81.13336,2
426.3,183.68088,2
68.0,49.936867,2
151.0,102.419495,2
158.0,159.55562,2
140.0,117.41278,2
259.0,181.0424,2
43.0,94.1713,2
84.8,79.90497,2
141.0,131.81697,2
88.2,186.43492,2
281.0,238.42284,2
179.5,82.57818,2
73.0,86.92886,2
325.6,174.0861,2
43.0,20.599537,2
281.0,138.16228,2
141.0,137.35939,2
346.3,223.47377,2
130.0,97.13457,2
162.0,120.59805,2
202.0,180.92609,2
330.9,191.81664,2
500.0,109.96852,2
334.8,147.32654,2
230.0,176.27866,2
230.0,217.22194,2
141.0,68.93501,2
56.0,52.378624,2
272.7,169.61266,2
154.0,136.55534,2
223.0,108.31159,2
91.0,126.42848,2
320.2,126.068146,2
317.9,-23.795097,2
335.5,218.959,2
159.0,20.546638,2
335.5,129.4765,2
63.0,134.6406,2
352.4,196.45398,2
179.0,144.59142,2
500.0,109.34563,2
161.0,136.25833,2
111.2,120.42825,2
450.0,250.25392,2
36.0,6.866082,2
103.0,106.11791,2
124.9,175.674,2
197.0,158.96947,2
330.0,217.75552,2
196.6,98.23076,2
46.7,81.29971,2
47.0,19.470793,2
57.8,125.88103,2
70.0,24.029667,2
160.0,152.7581,2
101.0,94.1046,2
160.0,152.99521,2
386.2,121.746155,2
372.0,287.38263,2
76.3,66.764175,2
141.0,130.96391,2
29.0,82.58049,2
62.8,30.322144,2
320.0,130.7577,2
162.0,85.10119,2
51.0,0.8796337,2
142.0,15.583577,2
281.0,294.39716,2
33.3,146.22101,2
154.0,126.21878,2
37.0,41.74962,2
84.8,145.2304,2
432.5,150.41182,2
161.0,104.63973,2
320.0,198.73967,2
331.0,92.55668,2
272.7,58.9831,2
68.0,47.35537,2
300.0,128.6108,2
71.0,14.687311,2
47.0,54.70822,2
245.0,266.62848,2
182.0,131.377,2
101.0,125.543884,2
43.0,130.80856,2
32.0,50.825768,2
54.4,122.41876,2
96.6,60.462566,2
372.0,244.94249,2
235.1,202.47386,2
152.2,113.25072,2
323.3,308.4268,2
46.7,123.55264,2
134.0,78.8163,2
141.0,80.570274,2
32.0,17.364685,2
268.0,267.42853,2
262.4,161.87764,2
500.0,123.5122,2
252.2,110.99347,2
248.8,215.32755,2
262.4,129.76831,2
51.0,44.26938,2
43.3,27.07771,2
363.0,200.30183,2
91.0,139.49226,2
111.0,118.560196,2
362.4,235.9993,2
308.7,151.55733,2
43.0,93.58619,2
259.0,171.69188,2
73.0,50.53097,2
334.8,153.6361,2
332.5,127.558685,2
327.1,156.62314,2
88.2,13.0132,2
158.0,144.34059,2
141.0,173.39766,2
88.2,63.132385,2
386.2,244.01236,2
230.0,222.14229,2
48.0,19.145006,2
158.0,126.10459,2
92.0,25.966896,2
358.6,206.63536,2
91.0,125.13579,2
158.0,98.372406,2
396.9,295.0111,2
204.4,47.177242,2
334.8,202.4438,2
441.7,214.03615,2
426.3,266.4573,2
158.0,137.35146,2
358.6,198.55191,2
156.0,106.67377,2
36.7,59.36696,2
56.1,154.31194,2
114.7,128.39568,2
54.4,96.26738,2
73.0,87.18129,2
98.3,10.297668,2
124.0,108.118835,2
71.0,22.953072,2
32.0,17.749846,2
293.0,190.8603,2
230.0,256.53897,2
317.9,123.57756,2
151.0,98.82154,2
156.0,135.20175,2
156.0,93.93901,2
71.0,40.188797,2
73.0,35.12078,2
331.7,91.51192,2
91.0,123.793144,2
334.8,155.66943,2
315.6,122.40845,2
319.4,100.57064,2
163.0,117.04367,2
33.3,151.50444,2
163.0,96.31908,2
103.0,57.557804,2
343.2,181.7635,2
334.8,167.52162,2
37.0,43.82798,2
158.0,128.89458,2
37.0,16.5982,2
52.7,117.05802,2
330.2,309.61905,2
214.7,98.261826,2
324.0,209.51169,2
68.0,62.240448,2
500.0,273.90933,2
40.0,104.72057,2
45.0,97.92272,2
309.4,145.87791,2
230.0,163.11378,2
105.0,85.34418,2
28.3,59.552162,2
141.0,156.65791,2
238.6,112.108,2
199.0,228.8648,2
324.0,192.19225,2
158.0,99.09085,2
189.8,152.1712,2
156.0,126.572716,2
404.1,179.91545,2
59.4,152.21016,2
334.8,106.81113,2
62.8,41.29355,2
203.0,38.66358,2
331.0,119.797714,2
159.0,141.31677,2
380.0,211.59944,2
293.0,211.3589,2
54.4,144.467,2
154.0,165.75438,2
230.0,178.05696,2
156.0,202.25699,2
94.9,118.91493,2
301.8,200.1144,2
121.0,118.691315,2
450.0,294.48715,2
293.0,184.92601,2
133.0,124.534134,2
89.9,38.449825,2
104.0,123.98607,2
255.6,76.031105,2
276.1,125.88976,2
449.0,152.8289,2
156.0,121.22009,2
27.0,54.604168,2
299.0,188.2846,2
6.7,96.672424,2
262.4,148.3453,2
142.0,160.66902,2
230.0,207.7426,2
101.0,124.513725,2
167.0,137.54085,2
500.0,68.45733,2
301.0,50.85399,2
230.0,209.888,2
330.0,221.80815,2
172.7,152.84157,2
179.0,107.72628,2
245.0,276.06705,2
161.0,111.87004,2
320.2,204.23167,2
316.3,167.79625,2
320.0,150.09277,2
47.0,1.7661972,2
372.0,165.32039,2
268.0,309.70798,2
134.0,30.125002,2
329.4,144.65251,2
370.1,124.76425,2
343.2,79.623276,2
284.0,181.66962,2
343.2,147.89339,2
317.9,178.53455,2
156.0,114.34437,2
47.0,20.78104,2
330.2,157.30551,2
343.2,190.78362,2
299.0,170.88914,2
158.0,120.66426,2
176.1,112.74347,2
101.0,123.031006,2
380.0,315.8943,2
154.0,109.68306,2
316.3,112.25307,2
255.6,126.300385,2
47.0,34.07613,2
307.1,78.46391,2
330.9,232.7239,2
459.3,76.44508,2
32.0,36.966305,2
342.4,105.25311,2
48.0,-9.24936,2
242.0,118.91562,2
152.0,112.71755,2
45.0,208.9785,2
154.0,168.92168,2
411.0,153.08594,2
329.4,189.27596,2
230.0,168.36134,2
103.0,108.64938,2
340.1,157.43979,2
101.0,105.15226,2
331.7,248.44832,2
493.1,334.6058,2
106.0,32.25866,2
141.0,114.59021,2
91.6,142.81859,2
289.8,251.204,2
320.2,142.90317,2
114.0,65.36255,2
252.2,160.95293,2
103.0,126.919,2
73.0,47.992733,2
27.0,72.883675,2
377.0,237.93114,2
97.0,81.57786,2
281.0,171.83734,2
158.0,120.51579,2
202.0,158.02602,2
281.0,301.0358,2
107.8,128.0784,2
70.0,56.414276,2
104.0,109.9514,2
343.2,225.07713,2
40.0,104.42615,2
93.2,202.43182,2
15.0,22.428211,2
128.3,62.327896,2
302.5,146.02278,2
329.4,268.44968,2
63.0,61.442657,2
47.0,46.909607,2
49.0,99.51421,2
327.9,224.6244,2
143.0,95.84545,2
46.7,128.66759,2
230.0,174.8275,2
337.8,209.79254,2
15.0,33.554184,2
200.0,93.64554,2
201.0,146.34581,2
335.5,174.68651,2
156.0,146.3657,2
337.8,289.67136,2
223.0,129.17702,2
272.7,130.66881,2
284.0,140.3983,2
334.8,169.53297,2
327.1,99.39212,2
103.0,114.279175,2
91.0,98.803696,2
106.0,32.53885,2
102.0,74.51839,2
134.0,87.40616,2
262.4,217.428,2
429.4,0.76157814,2
248.8,140.76527,2
301.0,65.76248,2
50.0,54.703518,2
52.7,92.08411,2
54.4,70.908844,2
56.0,45.39807,2
284.0,104.49771,2
63.0,77.412094,2
383.9,166.31477,2
230.0,165.70978,2
189.8,79.0349,2
156.0,110.716156,2
141.0,129.49031,2
141.0,108.644684,2
141.0,139.82202,2
124.0,107.68552,2
71.3,54.982727,2
334.8,128.84985,2
156.0,130.3174,2
11.7,17.425272,2
29.0,154.2039,2
103.0,76.63666,2
357.0,69.380554,2
93.2,75.830536,2
331.0,166.33504,2
230.0,195.6169,2
332.5,173.77672,2
141.0,94.48577,2
142.0,105.29428,2
68.0,19.396057,2
143.0,113.61948,2
78.0,77.02298,2
63.0,52.705444,2
199.0,168.63762,2
272.7,108.0443,2
155.6,166.26643,2
300.0,70.70099,2
79.7,100.54095,2
286.3,183.57991,2
36.7,36.356335,2
252.2,91.223724,2
320.0,176.94647,2
259.0,80.45756,2
235.1,249.13249,2
162.0,126.50317,2
29.0,41.93258,2
286.3,171.69618,2
94.9,162.35008,2
111.0,81.831436,2
107.0,121.150536,2
103.0,69.66754,2
36.0,53.443245,2
306.4,236.94588,2
230.0,186.59215,2
63.0,94.68408,2
281.0,193.4741,2
46.7,104.40149,2
176.1,144.12746,2
326.3,109.398346,2
141.0,119.71962,2
124.0,126.38096,2
206.0,99.90362,2
335.5,144.00084,2
377.0,141.29126,2
329.4,231.64214,2
363.0,244.12775,2
245.0,236.59233,2
145.0,136.64738,2
101.0,118.73939,2
141.0,104.10985,2
156.0,130.08682,2
138.0,113.94697,2
49.0,48.638645,2
111.2,98.47199,2
48.3,99.449554,2
331.7,229.33325,2
193.2,125.353455,2
158.0,139.20499,2
15.0,63.66973,2
179.0,135.42247,2
93.2,95.65967,2
377.0,228.15407,2
337.1,273.3931,2
138.0,119.02277,2
91.0,108.546555,2
265.9,67.663315,2
43.0,35.860123,2
100.0,139.98024,2
36.0,34.43129,2
45.0,82.15567,2
135.1,122.97203,2
43.0,63.973755,2
104.4,97.46013,2
89.9,112.543076,2
103.0,112.40102,2
262.4,192.20235,2
343.2,260.49744,2
67.9,87.863655,2
57.8,66.03665,2
104.4,70.011024,2
328.6,108.94325,2
223.0,159.67395,2
230.0,251.58221,2
331.0,165.97041,2
269.3,265.43338,2
51.0,23.75075,2
163.0,146.37886,2
245.0,340.2126,2
281.0,124.85692,2
41.7,125.6799,2
141.0,141.44373,2
245.0,299.57077,2
245.0,169.86467,2
47.0,-11.04129,2
47.0,56.206566,2
96.6,116.40311,2
128.3,117.577545,2
320.0,127.15703,2
94.9,164.2259,2
404.1,246.58388,2
313.3,288.26297,2
500.0,107.30536,2
56.0,24.57621,2
449.0,99.831116,2
158.0,126.21591,2
268.0,313.5502,2
286.3,179.54362,2
92.0,34.62259,2
26.7,39.58956,2
324.8,47.838852,2
163.0,140.69023,2
449.0,147.68791,2
111.2,62.958183,2
372.0,244.52158,2
45.0,154.91695,2
54.4,99.22189,2
124.0,119.68987,2
235.1,162.70879,2
316.3,183.63805,2
64.5,90.89261,2
50.0,99.723404,2
307.1,161.44196,2
106.0,28.832043,2
363.0,216.14168,2
47.0,46.31938,2
179.0,125.63742,2
230.0,226.99327,2
106.0,21.097733,2
62.8,304.67892,2
272.7,180.08214,2
66.2,149.59843,2
156.0,118.48416,2
272.7,150.53123,2
46.7,96.5382,2
245.0,242.48001,2
262.4,44.170822,2
138.6,131.57204,2
47.0,-7.206011,2
141.0,111.53044,2
50.0,96.172264,2
89.9,93.323715,2
370.1,258.9296,2
393.9,158.00638,2
223.0,158.78839,2
104.0,117.28583,2
161.0,109.91035,2
104.4,78.97633,2
343.2,144.1458,2
272.7,149.63618,2
302.5,170.93077,2
311.7,87.09224,2
161.0,134.02841,2
68.0,81.9151,2
103.0,90.57773,2
50.0,2.1265347,2
71.0,29.748981,2
318.7,119.342865,2
103.0,121.35101,2
317.9,109.86723,2
245.0,251.90158,2
73.0,109.05486,2
141.0,135.15205,2
351.7,90.71271,2
154.0,100.27753,2
363.0,400.65048,2
29.0,5.9556775,2
230.0,152.30731,2
363.0,354.31265,2
286.3,130.61885,2
47.0,33.41839,2
262.4,102.52002,2
293.0,140.85783,2
133.0,238.37862,2
78.0,95.29988,2
89.9,207.02922,2
141.0,138.38396,2
500.0,117.477844,2
286.3,170.28793,2
91.6,149.55489,2
27.0,99.25664,2
131.7,82.428925,2
324.8,98.30974,2
268.0,257.4818,2
200.0,83.385925,2
296.6,97.41916,2
36.0,34.97682,2
59.4,127.73993,2
119.0,87.11066,2
363.0,246.01913,2
154.0,161.56038,2
382.3,350.696,2
320.0,152.27045,2
293.0,152.96553,2
154.0,97.15899,2
230.0,193.79054,2
101.0,114.51549,2
103.0,121.05463,2
104.0,71.85289,2
269.3,66.89091,2
47.0,30.193863,2
133.0,158.32677,2
500.0,24.346333,2
162.0,135.23802,2
293.0,186.98732,2
333.2,181.30113,2
304.1,202.7137,2
26.7,68.02863,2
370.1,145.87025,2
106.0,36.36238,2
230.0,172.08119,2
148.8,155.72957,2
141.0,77.45042,2
330.0,226.68495,2
450.0,227.66678,2
404.1,146.17351,2
284.0,131.9534,2
27.0,68.329575,2
230.0,212.79895,2
128.3,83.85462,2
15.0,121.890625,2
293.0,204.40855,2
370.1,135.50893,2
21.7,10.510467,2
89.9,51.948006,2
119.0,100.38172,2
51.0,50.889954,2
163.0,132.04433,2
37.0,34.88348,2
21.7,72.39911,2
335.5,184.82333,2
432.5,123.702225,2
33.3,109.811325,2
156.0,129.60477,2
49.0,106.65227,2
303.3,187.01758,2
311.0,75.79636,2
230.0,196.24529,2
156.0,178.8774,2
160.0,132.63269,2
340.1,224.592,2
163.0,88.90297,2
114.0,84.041855,2
96.6,100.95785,2
162.4,123.69978,2
255.6,75.4391,2
393.9,125.097694,2
148.8,78.12723,2
68.0,53.015465,2
141.0,142.50089,2
98.3,108.37573,2
18.3,-19.300674,2
124.0,114.83621,2
318.7,116.08794,2
73.0,78.59401,2
230.0,168.86742,2
163.0,144.39491,2
202.0,156.6475,2
141.0,106.29115,2
245.0,297.35165,2
487.0,260.44705,2
135.1,44.04114,2
141.0,142.4489,2
281.0,148.45401,2
363.0,202.67249,2
252.2,146.31139,2
92.0,18.00992,2
154.0,159.88179,2
372.0,205.39381,2
140.0,89.28426,2
161.0,105.206696,2
107.8,106.86051,2
32.0,23.32001,2
47.0,10.768282,2
141.0,127.37967,2
334.0,166.34225,2
45.0,82.89223,2
79.7,101.18862,2
121.0,120.87881,2
404.1,192.18285,2
101.0,103.29082,2
23.3,0.7879923,2
299.0,104.68152,2
133.0,128.6407,2
387.0,198.95638,2
318.7,52.86393,2
335.5,201.0927,2
141.0,90.18435,2
231.7,202.79019,2
141.0,81.75551,2
121.0,103.62568,2
111.2,125.668785,2
268.0,289.3831,2
15.0,51.113388,2
343.2,256.6495,2
101.0,116.57501,2
356.3,136.50912,2
340.1,215.62021,2
358.6,152.56209,2
358.6,248.64583,2
89.9,60.303665,2
20.0,130.04857,2
53.0,46.008125,2
362.4,149.50038,2
223.0,141.7692,2
363.0,207.04341,2
293.0,213.89261,2
163.0,149.50543,2
355.5,267.8508,2
388.5,125.273605,2
316.3,72.33379,2
186.3,125.77276,2
331.0,165.26817,2
61.1,126.51738,2
330.2,94.13756,2
386.2,189.05675,2
343.2,73.07178,2
296.6,103.99927,2
101.0,85.80929,2
134.0,145.97081,2
91.0,119.26069,2
252.2,173.81314,2
179.0,141.21648,2
167.0,88.411285,2
43.3,136.7758,2
303.3,59.88968,2
47.0,53.100266,2
97.0,26.161047,2
101.0,112.69379,2
230.0,202.2188,2
41.7,30.306898,2
158.0,105.37194,2
38.3,9.941321,2
131.7,142.53749,2
281.0,192.36913,2
145.0,130.12215,2
182.0,114.72009,2
91.0,127.208885,2
372.0,115.92569,2
393.9,179.5793,2
138.0,111.68284,2
196.6,114.894226,2
450.0,267.31247,2
156.0,125.24162,2
335.5,141.86726,2
262.4,154.69841,2
158.0,119.65985,2
316.3,209.55482,2
104.4,100.12667,2
329.4,191.22963,2
47.0,89.948685,2
404.8,107.16063,2
207.8,216.02354,2
333.2,225.77655,2
152.0,107.51631,2
96.6,119.34282,2
202.0,151.2528,2
103.0,126.76641,2
242.0,94.326294,2
338.6,163.83989,2
330.0,151.7058,2
28.3,-63.817818,2
158.0,137.02785,2
304.1,58.569176,2
319.4,165.08592,2
179.0,145.76556,2
370.1,184.0222,2
37.0,30.909973,2
341.7,141.6833,2
160.0,128.51851,2
182.0,134.49951,2
40.0,117.701065,2
293.0,151.22511,2
204.4,153.18332,2
370.1,157.59126,2
309.4,182.60683,2
111.2,118.347984,2
380.0,312.33456,2
134.0,169.70647,2
293.0,145.01407,2
262.4,80.346436,2
156.0,138.61674,2
15.0,47.809147,2
111.0,173.90903,2
358.6,129.0009,2
47.0,57.837147,2
92.0,-14.07911,2
141.0,118.13609,2
289.8,124.38435,2
337.8,70.40141,2
73.0,56.45554,2
230.0,136.13501,2
299.0,177.286,2
304.1,173.7364,2
54.4,111.297134,2
51.0,33.598274,2
103.0,85.72958,2
358.6,231.78447,2
158.0,107.82416,2
358.6,158.67052,2
136.0,48.993076,2
61.1,91.408295,2
228.3,113.10625,2
91.0,121.86824,2
101.0,98.538864,2
363.0,110.375854,2
43.3,96.88505,2
36.0,108.81979,2
100.0,46.609802,2
47.0,37.075844,2
104.4,133.76791,2
338.6,162.8636,2
54.4,34.60701,2
313.3,63.899864,2
334.8,84.84561,2
98.3,77.76041,2
155.6,104.26757,2
62.8,66.5957,2
158.0,157.47337,2
252.2,213.48698,2
334.8,145.18727,2
230.0,197.38614,2
40.0,59.126007,2
48.0,31.73831,2
96.6,127.71071,2
372.0,150.1421,2
111.0,62.733013,2
94.9,182.31429,2
47.0,57.096893,2
63.0,99.53296,2
154.0,109.40689,2
242.0,103.01649,2
262.4,102.76428,2
245.4,108.72152,2
89.9,65.13519,2
68.0,46.926064,2
307.1,141.98009,2
324.0,175.64528,2
373.1,153.09392,2
73.0,243.8022,2
340.1,35.372726,2
68.0,14.623684,2
300.0,221.76823,2
204.4,172.23268,2
328.6,209.21544,2
189.8,124.822464,2
281.0,304.36667,2
156.0,177.03094,2
47.0,13.266984,2
399.2,273.58377,2
152.0,129.19139,2
238.6,192.9931,2
78.0,97.12282,2
92.0,53.861122,2
496.2,234.7115,2
303.3,139.45782,2
43.0,58.591423,2
105.0,62.75863,2
74.7,30.74226,2
302.5,209.88979,2
97.0,33.537315,2
230.0,232.51082,2
133.0,101.83414,2
163.0,153.34564,2
121.0,87.98926,2
331.0,185.22697,2
106.0,49.955456,2
334.8,180.99084,2
359.3,245.81047,2
63.0,52.252514,2
43.3,53.968567,2
245.0,225.64328,2
230.0,233.90768,2
47.0,46.216408,2
96.6,62.89273,2
182.9,111.49237,2
36.0,11.719846,2
359.3,205.3416,2
199.0,137.01988,2
230.0,196.79451,2
200.0,89.911964,2
68.0,11.3637,2
104.0,105.95576,2
156.0,142.88223,2
158.0,107.947044,2
156.0,102.035225,2
328.6,157.02338,2
362.4,89.248856,2
313.3,172.18175,2
158.0,154.42433,2
43.0,22.506388,2
73.0,53.29737,2
296.6,127.54135,2
238.6,139.74776,2
404.1,150.72919,2
245.0,328.7128,2
230.0,146.76437,2
36.0,0.6356719,2
331.0,166.56114,2
331.0,62.91386,2
329.4,168.55873,2
101.0,115.27124,2
119.0,70.08533,2
104.0,106.127625,2
332.5,206.39828,2
255.6,163.66692,2
103.0,109.58182,2
404.1,170.67186,2
327.1,157.03651,2
160.0,123.0502,2
230.0,153.36638,2
133.0,116.11928,2
63.0,97.4055,2
47.0,38.509773,2
47.0,42.622185,2
101.0,99.63901,2
103.0,87.79865,2
272.7,124.81231,2
20.0,30.676273,2
334.8,191.06175,2
330.2,222.01454,2
37.0,27.535795,2
500.0,43.132454,2
51.0,35.449936,2
37.0,21.062061,2
54.4,107.47917,2
64.5,267.19235,2
386.2,170.95882,2
167.0,112.98204,2
104.4,92.47194,2
202.0,161.78291,2
89.9,99.2798,2
316.3,180.30553,2
235.1,80.89658,2
357.0,77.17709,2
141.0,103.960304,2
317.9,41.04496,2
101.0,170.66573,2
268.0,280.03018,2
284.0,111.8099,2
319.4,187.48149,2
134.0,180.07132,2
402.5,172.06673,2
141.0,138.74806,2
145.0,186.10289,2
340.1,150.11604,2
404.1,230.89687,2
402.5,192.06349,2
159.0,126.8631,2
182.0,132.87743,2
382.3,219.85315,2
315.6,96.92294,2
320.0,106.79842,2
91.0,123.94145,2
38.3,119.81062,2
333.2,126.09935,2
265.9,114.877396,2
363.0,233.9396,2
384.7,265.34415,2
340.1,115.58789,2
268.0,225.64864,2
268.0,306.04822,2
140.0,135.18298,2
131.7,206.02538,2
179.5,136.15347,2
317.9,190.8416,2
363.0,196.95432,2
94.9,5.6611457,2
268.0,176.87697,2
35.0,59.740097,2
107.8,108.880714,2
124.0,128.52338,2
230.0,166.9108,2
325.6,87.65168,2
133.0,182.72768,2
300.0,120.36034,2
352.4,127.80077,2
57.8,183.6827,2
162.4,90.9276,2
430.9,139.59074,2
56.0,62.993156,2
141.0,145.51715,2
103.0,79.78783,2
245.0,206.52196,2
230.0,163.63014,2
141.0,128.74971,2
141.0,137.81102,2
265.9,88.80193,2
199.0,265.43213,2
223.0,192.83955,2
158.0,118.4886,2
103.0,56.528687,2
96.6,134.48909,2
141.0,95.35647,2
94.9,211.9176,2
282.9,118.204315,2
245.0,181.9822,2
135.1,108.29567,2
272.7,80.52034,2
136.0,61.641785,2
31.7,86.076294,2
121.0,63.861755,2
71.3,37.670647,2
28.3,81.73599,2
331.7,193.21407,2
31.7,80.34946,2
43.0,3.8065023,2
230.0,192.7712,2
92.0,-1.0367785,2
450.0,285.66068,2
130.0,81.88704,2
302.5,166.38649,2
160.0,117.72963,2
104.0,120.25964,2
327.1,59.479748,2
300.0,205.21788,2
114.0,57.06813,2
328.6,137.6562,2
293.0,190.32625,2
179.0,167.77545,2
93.2,94.689445,2
255.6,228.30156,2
23.3,139.36288,2
293.0,232.28603,2
91.0,110.77089,2
96.6,13.059903,2
26.7,61.671963,2
70.0,32.330494,2
206.0,103.82398,2
334.0,111.37437,2
162.0,135.29254,2
355.5,224.87856,2
53.0,38.504063,2
404.1,79.64685,2
301.0,294.34842,2
304.8,158.83452,2
370.1,174.5923,2
141.0,91.87026,2
156.0,136.71597,2
35.0,65.60016,2
10.0,87.93387,2
305.6,115.784805,2
128.3,124.60196,2
331.7,48.42167,2
47.0,-6.826705,2
103.0,78.36432,2
104.0,53.563866,2
89.9,12.110196,2
335.5,164.9533,2
106.0,47.50497,2
124.0,112.16078,2
182.0,127.905,2
83.1,92.92308,2
57.8,161.38957,2
138.6,182.8007,2
68.0,48.554413,2
450.0,259.2914,2
370.1,209.50871,2
47.0,36.997772,2
130.0,125.42143,2
238.6,196.50322,2
133.0,169.68007,2
325.6,226.43262,2
134.0,139.94003,2
182.9,229.42493,2
162.0,90.385254,2
91.0,89.26656,2
27.0,91.37352,2
93.2,59.02474,2
377.0,212.03304,2
141.0,126.86089,2
169.3,133.39832,2
325.6,171.7177,2
161.0,101.450485,2
103.0,77.068756,2
96.6,147.79814,2
311.0,222.88792,2
309.4,94.93527,2
61.1,-3.0201945,2
279.5,153.24518,2
141.0,158.71806,2
27.0,69.14543,2
106.0,77.99719,2
363.0,299.11636,2
124.0,104.35036,2
324.8,87.24852,2
154.0,116.62016,2
340.1,201.47377,2
160.0,87.390564,2
372.0,206.1328,2
330.2,222.97072,2
124.0,100.8568,2
500.0,264.26382,2
130.0,104.65764,2
282.9,124.835846,2
107.8,177.39076,2
265.9,-23.735294,2
40.0,60.884613,2
15.0,31.234785,2
91.6,94.28757,2
334.8,133.0194,2
156.0,144.06612,2
450.0,346.0593,2
363.0,158.9341,2
51.0,54.995266,2
162.0,125.39398,2
43.0,31.09492,2
32.0,38.62277,2
312.5,124.04007,2
245.0,205.25146,2
103.0,73.892365,2
328.6,179.83644,2
152.0,58.296772,2
84.8,76.184906,2
94.9,314.14017,2
158.0,154.3744,2
324.8,169.0288,2
140.0,106.718414,2
68.0,85.08816,2
151.0,124.76011,2
161.0,105.78703,2
289.8,111.73598,2
404.1,118.206505,2
316.3,145.96304,2
73.0,44.636894,2
83.1,81.46443,2
71.0,51.036533,2
230.0,203.41124,2
101.0,119.64435,2
37.0,40.255737,2
36.0,56.74696,2
141.0,95.431435,2
145.4,115.683105,2
141.0,122.96308,2
33.3,57.86106,2
84.8,115.88451,2
98.3,143.91168,2
293.0,210.68953,2
154.0,157.4446,2
140.0,138.32234,2
357.0,108.68693,2
91.0,113.58224,2
67.9,155.71045,2
76.3,40.889183,2
223.0,181.10535,2
334.8,141.42445,2
284.0,127.705215,2
62.8,163.45305,2
154.0,153.333,2
141.0,100.913956,2
40.0,94.209366,2
97.0,7.0574183,2
56.1,60.10683,2
329.4,161.59186,2
20.0,158.52391,2
32.0,55.01614,2
104.4,125.334465,2
103.0,90.11165,2
141.0,84.31179,2
138.0,96.65752,2
342.4,126.288574,2
141.0,170.43333,2
97.0,49.42849,2
160.0,131.68074,2
331.0,186.60283,2
61.1,59.909203,2
309.4,94.111496,2
114.0,86.696304,2
51.0,15.834504,2
56.1,101.1994,2
245.0,374.58124,2
38.3,131.70338,2
276.1,133.59459,2
40.0,108.91713,2
49.0,83.19829,2
449.0,200.85635,2
162.0,101.43509,2
78.0,102.64215,2
131.7,129.63757,2
330.0,270.92108,2
340.1,146.61719,2
43.0,37.458557,2
50.0,82.69663,2
130.0,142.55779,2
450.0,235.57196,2
306.4,140.88838,2
245.0,182.98885,2
318.7,112.57941,2
68.0,71.52351,2
329.4,258.93127,2
160.0,120.429436,2
143.0,105.23094,2
156.0,120.124,2
156.0,157.31248,2
119.0,109.24636,2
66.2,10.303293,2
245.0,216.96904,2
89.9,91.966156,2
141.0,136.03746,2
293.0,232.66275,2
230.0,149.40991,2
141.0,65.12269,2
314.0,105.07225,2
107.8,231.69719,2
141.0,121.52013,2
43.0,-6.6865335,2
206.0,130.62941,2
93.2,80.3609,2
199.0,143.31285,2
158.0,129.7534,2
91.0,119.192,2
163.0,95.276375,2
16.7,68.58307,2
268.0,319.59637,2
26.7,55.233215,2
450.0,328.6626,2
131.7,37.129242,2
121.5,96.94383,2
118.1,139.2271,2
272.7,165.68074,2
141.0,153.20934,2
89.9,139.57692,2
320.0,159.6317,2
68.0,66.76572,2
93.2,187.06918,2
163.0,112.24562,2
86.5,25.797363,2
500.0,121.66476,2
245.0,253.92354,2
35.0,114.34891,2
314.8,190.3433,2
335.5,171.09885,2
156.0,118.60873,2
93.2,65.90321,2
143.0,124.63136,2
141.0,144.88641,2
101.0,114.25992,2
460.1,345.97958,2
330.0,200.47176,2
337.1,247.1623,2
43.0,41.0215,2
36.7,71.51108,2
121.0,116.405716,2
179.0,108.38854,2
230.0,214.5667,2
141.0,81.20089,2
84.8,96.55438,2
163.0,150.13493,2
321.0,172.00821,2
245.4,54.55964,2
158.0,126.6516,2
50.0,72.758606,2
293.0,167.26242,2
262.4,192.20575,2
281.0,232.20067,2
103.0,87.7713,2
450.0,295.94095,2
143.0,152.49632,2
130.0,69.06995,2
37.0,54.70721,2
31.7,196.41505,2
158.0,117.70931,2
299.0,104.955734,2
450.0,276.4309,2
230.0,209.07303,2
245.0,259.15848,2
268.0,262.1242,2
307.1,171.55779,2
142.0,82.18741,2
43.0,39.413322,2
49.0,73.71175,2
100.0,102.63744,2
121.5,111.87526,2
199.0,85.064865,2
163.0,143.70615,2
206.0,143.75342,2
98.3,137.68071,2
320.0,95.18645,2
230.0,177.30481,2
101.0,120.77663,2
331.0,182.76265,2
29.0,7.2353344,2
279.5,163.18839,2
73.0,71.37207,2
309.4,106.31487,2
333.2,40.268147,2
165.9,148.50414,2
500.0,74.405304,2
91.6,99.12238,2
429.4,240.94867,2
152.0,81.56735,2
138.0,85.74513,2
340.1,142.24425,2
63.0,86.42741,2
281.0,158.88593,2
119.0,103.05436,2
370.1,95.38605,2
63.0,120.183556,2
330.0,237.93562,2
158.0,120.17165,2
331.0,67.28447,2
255.6,211.02112,2
356.3,89.21841,2
314.8,127.907875,2
41.7,130.25502,2
272.7,106.1941,2
432.5,76.43363,2
284.0,129.55971,2
450.0,285.15372,2
218.1,89.089584,2
63.0,49.890717,2
100.0,142.08452,2
121.0,85.23135,2
53.0,24.896378,2
341.7,188.09772,2
332.5,230.06963,2
281.0,174.3993,2
380.0,253.41226,2
235.1,146.76726,2
197.0,102.67839,2
23.3,64.15651,2
89.9,57.158913,2
158.0,102.103516,2
161.0,97.08638,2
56.1,24.896168,2
121.0,101.8628,2
124.0,106.05403,2
393.9,159.81197,2
18.3,73.67587,2
43.0,104.52539,2
320.2,178.61256,2
36.0,-4.956504,2
105.0,89.21551,2
119.0,166.35216,2
268.0,265.80814,2
103.0,101.21322,2
339.4,124.32572,2
334.8,188.9661,2
47.0,-14.011143,2
281.0,226.65895,2
160.0,72.28717,2
128.3,84.50668,2
154.0,156.81784,2
76.3,88.16925,2
319.4,277.3027,2
51.0,63.55069,2
50.0,148.73167,2
152.2,-30.21393,2
223.0,190.65088,2
97.0,45.37486,2
145.4,100.80472,2
156.0,110.058586,2
53.0,19.009726,2
302.5,162.94833,2
372.0,243.95183,2
28.3,84.5726,2
344.0,159.75319,2
269.3,23.621277,2
47.0,21.122488,2
51.0,112.03227,2
245.0,287.42877,2
330.0,313.6335,2
333.2,212.60945,2
404.1,179.01738,2
97.0,64.352325,2
73.0,133.66124,2
320.2,163.2175,2
40.0,44.514038,2
330.0,298.5798,2
141.0,141.69698,2
142.0,-36.797142,2
28.3,192.80232,2
156.0,113.68173,2
158.0,94.21043,2
52.7,37.376045,2
345.5,214.40341,2
36.0,40.63891,2
363.0,242.97687,2
93.2,91.1924,2
36.0,-22.844973,2
380.0,243.28368,2
162.0,145.2768,2
341.7,218.57109,2
103.0,80.39708,2
103.0,117.43454,2
221.5,115.3065,2
179.0,141.9754,2
26.7,164.32042,2
309.4,86.06503,2
93.2,96.70218,2
29.0,96.86048,2
163.0,97.426994,2
48.3,188.08562,2
500.0,92.48764,2
334.0,355.83112,2
143.0,143.4508,2
169.3,80.354195,2
450.0,315.13495,2
94.9,38.56222,2
89.9,149.1892,2
53.0,32.21303,2
36.0,53.57551,2
47.0,4.650023,2
131.7,83.90642,2
68.0,59.661606,2
317.9,60.24323,2
293.0,142.69194,2
363.0,264.1145,2
182.0,104.06146,2
279.5,164.26285,2
41.7,60.264347,2
104.4,125.40077,2
92.0,53.50931,2
363.0,233.68393,2
36.0,60.35598,2
382.3,202.59154,2
242.0,81.8931,2
200.0,53.223755,2
500.0,286.81522,2
301.0,147.59047,2
103.0,83.318504,2
363.0,338.83414,2
441.7,238.0308,2
36.0,29.240973,2
43.0,100.406784,2
73.0,46.86909,2
182.0,128.52715,2
363.0,282.14627,2
36.7,16.181046,2
141.0,102.76361,2
141.0,82.45176,2
35.0,175.94727,2
104.4,120.56642,2
199.0,250.31204,2
96.6,53.380424,2
325.6,242.9658,2
245.0,163.47096,2
141.0,111.22259,2
202.0,148.60365,2
143.0,157.84618,2
255.6,186.817,2
403.3,222.90582,2
57.8,104.41333,2
28.3,86.79913,2
333.2,51.943966,2
230.0,146.77829,2
141.0,100.82979,2
91.6,169.26901,2
363.2,152.61395,2
334.8,70.27058,2
53.0,21.011932,2
329.4,202.72282,2
337.1,179.60143,2
393.1,198.71155,2
141.0,39.631847,2
363.0,232.55275,2
373.1,146.13277,2
304.8,90.99416,2
141.0,91.27086,2
26.7,94.36962,2
496.2,250.54349,2
136.0,83.231316,2
313.3,142.1509,2
248.8,206.47542,2
23.3,149.8946,2
450.0,387.00162,2
309.4,171.21254,2
156.0,156.69554,2
338.6,131.33243,2
21.7,-0.011747539,2
200.0,14.660469,2
71.0,11.3889475,2
320.0,146.31119,2
373.1,119.84891,2
13.3,44.675747,2
128.3,103.12695,2
141.0,134.48543,2
94.9,98.59309,2
308.7,297.47052,2
51.0,31.722143,2
282.9,185.9965,2
98.3,29.321424,2
97.0,49.25588,2
73.0,60.17955,2
340.9,176.02266,2
143.0,99.16615,2
293.0,218.20692,2
323.3,293.50467,2
281.0,242.97191,2
154.0,140.0526,2
41.7,106.813515,2
410.2,137.8297,2
252.2,182.1795,2
314.0,141.86955,2
101.0,143.05008,2
223.0,112.03073,2
314.8,113.896965,2
330.9,122.43799,2
330.9,127.18808,2
160.0,78.54787,2
316.3,127.835976,2
382.3,272.74442,2
309.4,83.45633,2
218.1,123.173096,2
141.0,110.19631,2
83.1,145.54228,2
272.7,151.91379,2
334.0,147.49556,2
230.0,131.81274,2
500.0,158.08888,2
134.0,188.55586,2
380.0,321.622,2
111.0,123.30635,2
296.6,224.2016,2
47.0,31.028133,2
378.5,32.835403,2
340.1,179.9901,2
86.5,92.41409,2
357.8,184.79753,2
128.3,31.766348,2
331.0,91.061386,2
199.0,169.38428,2
36.0,115.94797,2
372.0,224.35869,2
360.9,56.34454,2
154.0,141.22008,2
360.1,204.90788,2
320.0,119.797714,2
158.0,161.65211,2
128.3,97.55419,2
252.2,67.57211,2
101.0,73.73776,2
324.8,119.76723,2
43.0,14.308476,2
26.7,117.38021,2
311.7,121.35096,2
159.0,124.99753,2
341.7,172.31105,2
43.3,75.814644,2
450.0,207.86334,2
342.4,198.08553,2
140.0,112.03696,2
41.7,102.229294,2
136.0,57.753464,2
107.0,161.53073,2
382.3,253.01758,2
296.6,110.886734,2
330.0,213.00203,2
245.0,249.68974,2
281.0,116.76487,2
326.3,205.49033,2
245.0,273.4305,2
259.0,48.311028,2
449.0,185.21541,2
330.9,159.51407,2
158.0,111.10763,2
301.0,139.75316,2
317.9,105.148026,2
141.0,107.94203,2
387.0,233.43497,2
68.0,30.966642,2
56.1,98.16589,2
163.0,113.077415,2
331.7,244.87837,2
281.0,166.2572,2
68.0,65.82497,2
230.0,252.9773,2
86.5,149.42479,2
330.0,297.61813,2
328.6,165.7707,2
141.0,158.70882,2
89.9,140.97493,2
320.0,162.77502,2
91.0,111.635,2
316.3,133.38478,2
450.0,226.21819,2
111.2,110.86044,2
124.9,69.01062,2
363.0,153.09181,2
160.0,150.67003,2
197.0,104.60102,2
299.0,170.36052,2
156.0,111.51191,2
160.0,158.92497,2
37.0,41.70634,2
383.1,104.623116,2
135.1,62.224266,2
357.0,141.4647,2
37.0,64.55891,2
289.8,162.23701,2
35.0,119.23477,2
54.4,119.81627,2
124.0,106.53073,2
182.0,107.168106,2
98.3,106.63275,2
336.3,43.948753,2
303.3,88.93039,2
51.0,6.3612537,2
86.5,111.27504,2
363.0,308.78336,2
223.0,87.4193,2
230.0,204.96399,2
324.8,137.22626,2
160.0,125.743225,2
372.0,219.44157,2
357.0,84.01581,2
172.7,197.33751,2
47.0,-26.177147,2
101.0,150.07925,2
84.8,83.11366,2
15.0,63.75404,2
331.0,133.74556,2
63.0,118.665016,2
134.0,173.06184,2
16.7,18.664928,2
71.0,24.62043,2
101.0,103.140396,2
160.0,104.52029,2
46.7,241.55092,2
255.6,100.407814,2
282.9,141.12033,2
334.8,176.89159,2
111.2,175.73624,2
161.0,139.5305,2
79.7,40.10794,2
450.0,273.9641,2
40.0,88.92769,2
245.0,235.52446,2
158.0,119.2547,2
91.6,41.54149,2
134.0,104.331635,2
37.0,34.308937,2
43.3,200.63097,2
447.8,159.31093,2
284.0,173.83409,2
141.0,101.17409,2
104.0,109.735016,2
47.0,40.98285,2
363.2,179.29288,2
70.0,46.358337,2
78.0,50.07768,2
101.0,99.34361,2
230.0,194.92249,2
340.1,315.34766,2
38.3,68.41823,2
57.8,148.71799,2
156.0,137.29228,2
78.0,80.88373,2
36.0,23.590557,2
141.0,99.6099,2
96.6,30.100082,2
84.8,110.0347,2
199.0,131.64485,2
28.3,91.88582,2
54.4,146.3264,2
36.0,-15.34271,2
268.0,237.59961,2
262.4,191.40492,2
62.8,94.93979,2
321.7,118.19313,2
133.0,145.46394,2
141.0,101.971596,2
363.0,309.65207,2
76.3,44.698013,2
91.0,87.41431,2
136.0,78.35954,2
230.0,217.95703,2
262.4,231.27553,2
363.0,273.04297,2
245.0,270.46512,2
320.0,185.32195,2
160.0,145.64888,2
320.0,176.5078,2
68.0,24.751526,2
321.0,205.83064,2
197.0,135.16058,2
15.0,48.965225,2
317.9,228.00087,2
299.0,139.57372,2
156.0,112.21051,2
441.7,255.82881,2
353.2,130.60011,2
97.0,42.065422,2
124.9,84.098564,2
140.0,109.95503,2
303.3,114.456696,2
119.0,108.68666,2
324.8,159.96974,2
363.0,95.1534,2
235.1,23.132742,2
388.5,111.9244,2
372.0,206.56172,2
158.0,114.327644,2
410.2,179.625,2
48.3,178.94353,2
63.0,128.94896,2
98.3,35.303608,2
57.8,96.256546,2
29.0,50.834442,2
78.0,73.61405,2
245.4,83.23587,2
52.7,33.23907,2
223.0,104.00624,2
343.2,47.975605,2
96.6,76.981064,2
76.3,83.23131,2
36.0,-5.3807163,2
329.4,260.92847,2
49.0,53.952213,2
154.0,125.95505,2
335.5,172.20265,2
223.0,135.43288,2
145.0,124.071945,2
293.0,238.79997,2
47.0,39.615456,2
320.0,115.427155,2
230.0,208.5132,2
172.7,158.52634,2
330.2,258.3294,2
242.0,27.979187,2
68.0,70.99461,2
325.6,134.52785,2
32.0,29.676544,2
69.6,125.342476,2
304.8,161.18266,2
284.0,131.26917,2
135.1,68.59125,2
343.2,195.95265,2
245.0,336.2811,2
133.0,173.26035,2
162.0,129.34633,2
284.0,170.14165,2
101.0,124.18405,2
68.0,60.481796,2
230.0,159.19707,2
114.7,38.994133,2
351.7,132.99608,2
53.0,24.338108,2
281.0,202.5323,2
162.4,37.888256,2
386.2,293.2495,2
52.7,113.907,2
156.0,112.7856,2
336.3,161.89468,2
230.0,159.35765,2
404.1,218.3943,2
223.0,124.37357,2
335.5,185.63637,2
393.9,181.22314,2
101.0,112.410835,2
97.0,27.020872,2
357.8,168.22063,2
28.3,93.96659,2
330.0,175.69185,2
334.0,261.8804,2
334.8,257.51968,2
245.0,303.7892,2
450.0,285.5126,2
363.0,389.16095,2
97.0,53.333824,2
29.0,106.82386,2
335.5,153.6746,2
387.0,272.58365,2
133.0,168.04646,2
326.3,154.18933,2
315.6,155.28201,2
316.3,88.47162,2
230.0,140.6778,2
141.0,122.440094,2
57.8,100.44149,2
37.0,25.2681,2
159.0,57.200417,2
35.0,93.251915,2
54.4,113.7687,2
111.2,133.6453,2
269.3,20.133373,2
36.7,188.69139,2
154.0,137.2512,2
386.2,273.57376,2
43.0,35.361492,2
281.0,265.0062,2
36.0,60.865257,2
36.0,32.190685,2
223.0,108.94336,2
337.1,181.00365,2
199.0,166.6839,2
162.0,120.39336,2
284.0,124.07541,2
68.0,69.090515,2
111.0,118.27719,2
245.0,147.27238,2
141.0,105.33057,2
334.8,91.465935,2
363.0,232.22102,2
163.0,93.84699,2
429.4,246.47173,2
107.0,185.13222,2
268.0,114.036285,2
29.0,75.88815,2
379.3,208.09267,2
36.7,103.43795,2
353.2,283.77496,2
235.1,334.3937,2
88.2,-124.116684,2
21.7,99.8441,2
363.0,370.90503,2
71.0,21.719168,2
114.0,75.680786,2
331.0,173.74883,2
111.0,49.063675,2
68.0,35.766373,2
262.4,72.01063,2
255.6,177.51405,2
356.3,241.85016,2
47.0,41.914917,2
343.2,156.91939,2
86.5,69.01488,2
124.9,93.26802,2
363.0,322.68192,2
496.2,293.85037,2
160.0,93.351944,2
56.1,65.13849,2
104.0,108.95108,2
371.6,105.71787,2
303.3,155.47792,2
158.0,118.8969,2
449.0,227.81819,2
98.3,74.15463,2
91.6,91.36814,2
36.7,106.73513,2
363.0,214.85722,2
245.0,250.18542,2
148.8,22.171432,2
37.0,48.767273,2
230.0,189.62273,2
235.1,336.09476,2
156.0,168.47804,2
360.1,264.33084,2
29.0,86.25037,2
48.0,15.685643,2
57.8,108.22555,2
182.9,107.0325,2
293.0,143.68721,2
141.0,107.2047,2
343.2,187.09935,2
279.5,151.82182,2
47.0,41.31828,2
331.7,135.34715,2
328.6,69.12791,2
230.0,264.9227,2
36.0,44.27643,2
370.1,324.2158,2
449.0,277.824,2
230.0,196.42885,2
96.6,54.0905,2
50.0,88.71798,2
293.0,170.04823,2
363.0,307.6948,2
324.8,183.44832,2
57.8,126.23982,2
282.9,94.71062,2
370.1,195.39589,2
36.0,-3.1472008,2
86.5,156.31291,2
141.0,139.70428,2
160.0,149.31529,2
141.0,76.01235,2
155.6,-63.52202,2
230.0,251.91724,2
57.8,157.43623,2
37.0,43.31359,2
370.1,103.63938,2
154.0,138.93523,2
363.9,178.26317,2
121.0,99.54135,2
284.0,162.60255,2
279.5,94.0954,2
387.0,304.01584,2
141.0,104.73573,2
450.0,215.4985,2
154.0,98.61454,2
300.0,48.702293,2
104.0,91.5749,2
119.0,97.61636,2
78.0,127.24692,2
48.3,93.77719,2
163.0,109.123184,2
238.6,90.586174,2
169.3,156.27321,2
404.8,-1.338773,2
262.4,139.88814,2
68.0,74.49608,2
357.8,339.8394,2
272.7,105.88177,2
92.0,-6.9180965,2
255.6,177.31123,2
101.0,63.046074,2
318.7,190.1558,2
228.3,111.12941,2
441.7,243.87354,2
167.0,133.44902,2
172.7,98.35152,2
78.0,96.74015,2
238.6,126.67256,2
412.5,145.97813,2
46.7,231.0231,2
232.0,107.13754,2
162.0,142.96936,2
317.1,5.7437,2
460.1,313.43646,2
32.0,9.223437,2
362.4,169.55913,2
248.8,91.38922,2
341.7,282.0517,2
340.1,96.75427,2
313.3,119.47939,2
49.0,73.16742,2
363.0,-25.740051,2
141.0,95.3861,2
167.0,130.38222,2
101.0,102.894684,2
134.0,2.2049072,2
450.0,303.72604,2
37.0,48.51898,2
81.4,87.21821,2
230.0,202.62029,2
238.6,301.23148,2
141.0,145.85661,2
156.0,114.90825,2
159.0,108.19658,2
53.0,16.046913,2
334.8,165.82385,2
303.3,191.23601,2
230.0,166.73369,2
54.4,95.8889,2
330.0,223.24248,2
104.4,143.06035,2
32.0,22.226578,2
262.4,135.54045,2
262.4,49.549385,2
138.0,126.6051,2
86.5,89.10082,2
29.0,64.80258,2
103.0,79.524414,2
54.4,56.3609,2
138.0,93.80153,2
154.0,160.73723,2
104.0,80.427536,2
54.4,34.124207,2
179.0,92.744156,2
380.8,299.72446,2
386.2,318.8577,2
386.2,153.5031,2
230.0,199.31047,2
41.7,254.61621,2
102.0,47.014267,2
230.0,148.3228,2
134.0,171.67366,2
324.0,131.1801,2
148.8,122.12163,2
289.8,80.25374,2
156.0,128.63318,2
101.0,129.67366,2
317.9,146.02303,2
20.0,116.75288,2
255.6,205.22028,2
330.2,190.71323,2
61.1,76.774796,2
450.0,295.20483,2
372.0,244.56781,2
70.0,107.31761,2
363.0,131.4417,2
380.0,254.97884,2
56.1,50.75908,2
111.2,123.96489,2
68.0,50.22321,2
133.0,203.42378,2
32.0,45.19337,2
449.0,187.12755,2
162.0,126.75702,2
379.3,242.3427,2
331.0,191.85173,2
138.0,50.26696,2
15.0,25.706272,2
89.9,19.03786,2
372.0,217.53691,2
107.8,98.46788,2
404.1,168.15483,2
88.2,71.08635,2
104.0,54.096375,2
337.1,102.82864,2
372.0,238.75467,2
370.1,306.9785,2
100.0,124.05348,2
119.0,57.603203,2
148.8,133.72737,2
162.0,113.04552,2
162.0,104.35211,2
281.0,206.2194,2
119.0,144.9681,2
101.0,91.46991,2
66.2,71.189735,2
322.5,108.198906,2
154.0,126.29463,2
324.0,159.46269,2
199.0,254.02762,2
380.8,322.18674,2
169.3,126.59578,2
73.0,11.771835,2
97.0,38.83148,2
91.0,130.63986,2
97.0,50.706253,2
328.6,176.31816,2
154.0,123.3246,2
121.5,69.920685,2
460.1,297.63577,2
369.3,138.43718,2
324.8,171.78316,2
73.0,59.892563,2
255.6,68.65885,2
26.7,88.24503,2
313.3,65.847305,2
293.0,201.29562,2
91.6,103.82481,2
135.1,278.97327,2
36.0,35.686153,2
179.0,164.14143,2
356.3,243.4663,2
380.0,426.68967,2
281.0,249.61589,2
103.0,113.9446,2
447.8,145.53456,2
299.0,174.22177,2
156.0,125.11734,2
26.7,113.24366,2
47.0,-25.958508,2
104.0,101.04332,2
268.0,288.64685,2
500.0,210.6446,2
47.0,24.511585,2
450.0,278.76242,2
121.0,106.68767,2
372.0,213.35603,2
242.0,110.02988,2
119.0,112.63127,2
91.0,90.626785,2
363.0,289.3969,2
136.0,56.127693,2
63.0,101.61755,2
131.7,99.66162,2
262.4,153.21556,2
318.7,236.57457,2
37.0,64.50926,2
63.0,40.62547,2
491.6,287.9059,2
57.8,131.89407,2
363.0,240.72804,2
91.6,43.37705,2
91.0,99.46191,2
49.0,80.06691,2
160.0,133.0613,2
331.0,122.68889,2
414.0,135.89447,2
404.1,185.51308,2
63.0,74.740326,2
312.5,188.24565,2
230.0,192.06697,2
182.0,121.128555,2
230.0,187.67094,2
36.0,39.459682,2
341.7,186.05766,2
103.0,82.70592,2
91.0,125.89479,2
281.0,120.13724,2
88.2,90.33781,2
119.0,107.926476,2
230.0,163.17552,2
101.0,109.83734,2
104.0,46.8974,2
372.0,211.02788,2
230.0,147.65065,2
160.0,82.81416,2
106.0,44.756935,2
276.1,142.54779,2
314.0,275.03708,2
325.6,157.11467,2
386.2,169.9351,2
92.0,-2.457605,2
37.0,38.350437,2
114.0,111.71362,2
347.0,61.825127,2
450.0,225.74155,2
104.4,39.436733,2
91.6,67.5049,2
450.0,271.10068,2
68.0,43.639854,2
449.0,189.4333,2
141.0,124.077034,2
103.0,126.63088,2
252.2,142.14357,2
336.3,180.53735,2
141.0,142.86208,2
143.0,113.79721,2
104.4,5.3028736,2
331.0,147.3326,2
68.0,26.840889,2
138.6,34.67569,2
311.7,114.75043,2
159.0,63.31013,2
235.1,55.130253,2
171.0,121.333496,2
331.0,127.98076,2
101.0,83.79568,2
158.0,129.5954,2
223.0,210.16101,2
35.0,6.840626,2
114.0,89.7286,2
165.9,87.46658,2
301.0,82.219864,2
26.7,171.75764,2
154.0,93.980515,2
92.0,56.291283,2
360.9,204.65962,2
370.1,179.82652,2
104.0,111.89766,2
262.4,174.76436,2
83.1,116.48943,2
160.0,148.62112,2
156.0,155.95645,2
30.0,67.52599,2
362.4,172.26286,2
3.3,92.222565,2
199.0,248.50352,2
111.0,89.206375,2
279.5,228.25807,2
334.0,274.3389,2
404.1,102.38988,2
450.0,285.06232,2
230.0,245.04144,2
94.9,24.599247,2
393.9,190.66014,2
230.0,129.69958,2
343.2,248.25095,2
329.4,250.032,2
91.6,117.04769,2
100.0,63.481197,2
49.0,77.98205,2
382.3,323.4448,2
245.0,326.32523,2
331.7,232.11626,2
121.0,118.31984,2
37.0,32.158882,2
370.8,186.84355,2
156.0,139.45108,2
500.0,225.39032,2
363.0,283.45074,2
43.0,54.505566,2
252.2,81.477844,2
101.0,14.889735,2
43.0,148.94496,2
143.0,109.25082,2
363.0,240.78632,2
30.0,121.750114,2
311.7,58.857788,2
162.0,135.99815,2
279.5,184.5218,2
156.0,184.89284,2
141.0,100.519714,2
363.0,112.6378,2
56.0,66.23719,2
54.4,133.54257,2
68.0,38.76333,2
245.0,212.95465,2
29.0,61.036385,2
163.0,106.667854,2
343.2,257.55545,2
316.3,73.95321,2
106.0,32.979263,2
53.0,35.1411,2
51.0,35.746635,2
331.0,95.42136,2
43.3,107.97192,2
100.0,123.76092,2
156.0,120.86799,2
92.0,67.34961,2
121.0,108.39131,2
38.3,184.16997,2
214.7,9.256719,2
156.0,111.73657,2
89.9,153.85959,2
36.0,80.9939,2
54.4,102.355774,2
101.0,106.027115,2
293.0,178.08717,2
51.0,36.328773,2
97.0,62.068504,2
29.0,90.8654,2
135.1,113.16463,2
202.0,146.79196,2
141.0,85.90973,2
329.4,122.38574,2
328.6,67.72851,2
324.8,69.64401,2
305.6,166.34547,2
235.1,195.7442,2
160.0,91.51983,2
141.0,129.77632,2
78.0,64.824554,2
114.7,114.3352,2
279.5,127.67554,2
311.0,202.86504,2
111.2,113.06093,2
73.0,81.02405,2
36.0,27.203331,2
343.2,188.32494,2
36.0,45.30744,2
340.1,86.37501,2
163.0,117.11062,2
343.2,182.87254,2
325.6,200.52422,2
133.0,115.96079,2
255.6,220.6766,2
98.3,22.398758,2
450.0,220.2327,2
230.0,139.26347,2
141.0,97.90311,2
320.0,171.22241,2
160.0,145.65565,2
97.0,13.712922,2
327.9,295.38516,2
158.0,137.32445,2
114.7,66.90195,2
248.8,233.93791,2
252.2,147.52339,2
300.0,101.5165,2
252.2,131.21411,2
162.0,149.16118,2
372.0,103.96718,2
230.0,139.93001,2
79.7,164.80164,2
182.0,130.92247,2
156.0,141.90393,2
230.0,220.6606,2
284.0,136.84575,2
32.0,8.187432,2
303.3,85.10336,2
259.0,234.09554,2
303.3,113.568756,2
121.0,92.60744,2
301.8,118.15213,2
78.0,120.3378,2
363.0,268.86392,2
103.0,76.700424,2
163.0,92.99533,2
358.6,211.99855,2
128.3,117.03882,2
386.2,195.33214,2
134.0,72.72809,2
358.6,203.2729,2
340.1,157.72969,2
89.9,100.60329,2
255.6,63.380383,2
141.0,130.9227,2
59.4,49.66456,2
349.3,179.99078,2
104.0,112.491684,2
143.0,111.96742,2
370.1,211.8656,2
63.0,93.25842,2
27.0,85.77103,2
230.0,201.69273,2
57.8,-144.14537,2
64.5,46.73111,2
151.0,141.39522,2
88.2,136.06715,2
449.0,248.47093,2
329.4,124.59208,2
91.0,108.71071,2
363.0,89.04738,2
141.0,137.45949,2
301.8,192.50038,2
156.0,139.72469,2
140.0,124.78529,2
289.8,58.735466,2
159.0,137.9431,2
456.3,305.44443,2
96.6,59.172432,2
386.2,218.7129,2
131.7,198.7108,2
40.0,93.50564,2
324.0,45.181778,2
429.4,246.95087,2
92.0,45.028152,2
341.7,328.98578,2
161.0,114.863815,2
53.0,50.28077,2
279.5,153.17538,2
107.0,110.93451,2
340.1,108.56285,2
389.3,164.35545,2
156.0,90.7831,2
230.0,224.9117,2
201.0,43.885895,2
124.0,123.99453,2
111.0,62.749565,2
279.5,113.35977,2
156.0,119.59056,2
179.5,151.91429,2
141.0,94.92601,2
36.0,30.041237,2
441.7,207.61816,2
111.0,139.76051,2
223.0,184.84966,2
500.0,39.39817,2
245.0,201.46916,2
440.1,96.47299,2
370.1,214.25978,2
47.0,49.264008,2
141.0,179.54855,2
105.0,69.46817,2
450.0,325.83328,2
56.0,30.786427,2
382.3,233.62047,2
136.0,70.846466,2
133.0,119.76962,2
51.0,131.99138,2
103.0,137.99712,2
193.2,110.10643,2
279.5,104.44993,2
363.2,145.12521,2
59.4,92.74336,2
103.0,81.72214,2
92.0,86.21803,2
457.0,99.09977,2
158.0,128.9507,2
49.0,83.84768,2
344.0,172.40242,2
324.8,127.5414,2
37.0,47.982346,2
67.9,83.5149,2
314.8,213.36171,2
496.2,128.61154,2
182.0,137.49075,2
56.0,45.604755,2
309.4,68.6939,2
154.0,154.15158,2
238.6,60.3942,2
29.0,88.80043,2
340.1,136.13905,2
141.0,120.54722,2
230.0,194.74574,2
107.0,122.856606,2
165.9,93.806656,2
145.0,188.45992,2
47.0,36.065018,2
30.0,59.358128,2
340.1,59.55301,2
330.2,125.60181,2
61.1,159.83382,2
320.0,95.42136,2
73.0,62.268787,2
152.2,9.799099,2
29.0,121.56845,2
245.0,316.59012,2
500.0,88.56688,2
79.7,203.65855,2
91.0,128.32326,2
496.2,245.28864,2
104.0,111.67879,2
206.0,115.45174,2
372.0,233.99467,2
386.2,249.01862,2
255.6,249.51027,2
321.0,84.42134,2
363.0,248.99344,2
141.0,114.087326,2
300.0,153.23875,2
357.8,224.43236,2
301.8,255.19875,2
404.1,140.3473,2
26.7,33.321926,2
51.0,33.010406,2
47.0,-6.736756,2
84.8,158.82347,2
330.9,214.12186,2
138.6,138.80678,2
363.2,148.92223,2
281.0,189.45763,2
141.0,132.02983,2
165.9,123.68237,2
33.3,99.60585,2
93.2,89.75777,2
71.0,27.989574,2
293.0,191.97237,2
97.0,57.12221,2
158.0,122.29213,2
337.8,86.28899,2
103.0,97.36964,2
331.7,25.663815,2
63.0,129.99467,2
223.0,118.05058,2
362.4,243.44125,2
36.0,-0.22496599,2
268.0,96.881226,2
100.0,60.264164,2
138.0,114.33078,2
500.0,227.68056,2
101.0,106.9303,2
91.0,99.058,2
333.2,163.84468,2
311.0,222.13988,2
363.0,436.3258,2
156.0,129.5587,2
268.0,283.03793,2
161.0,156.58183,2
268.0,193.80917,2
245.0,308.96164,2
404.1,117.36193,2
393.9,196.89406,2
160.0,114.340096,2
337.8,204.90819,2
293.0,192.99849,2
131.7,133.50618,2
186.3,220.76485,2
328.6,167.49678,2
92.0,20.136124,2
29.0,21.596844,2
372.0,247.31154,2
281.0,229.57521,2
43.0,17.821941,2
84.8,167.27592,2
230.0,244.77475,2
359.3,306.17596,2
26.7,148.93001,2
52.7,91.55242,2
100.0,102.92516,2
133.0,108.899925,2
145.0,135.61784,2
372.0,224.64006,2
343.2,193.21667,2
230.0,162.5888,2
245.0,157.14764,2
43.0,69.83264,2
393.1,209.46979,2
121.5,128.31769,2
238.6,119.049934,2
248.8,106.512665,2
265.9,105.17238,2
64.5,75.95158,2
141.0,101.285126,2
152.0,125.43387,2
141.0,118.78389,2
46.7,34.23272,2
141.0,136.94708,2
51.0,37.57189,2
230.0,203.61807,2
327.9,162.78853,2
327.9,145.06145,2
301.0,115.69689,2
15.0,58.963047,2
20.0,57.300743,2
51.0,28.818876,2
200.0,146.8701,2
327.9,91.678116,2
330.2,145.78896,2
131.7,56.485863,2
334.8,82.53729,2
111.0,78.80558,2
464.7,395.2252,2
73.0,53.150204,2
204.4,164.37035,2
160.0,131.14046,2
284.0,117.688965,2
101.0,125.05344,2
342.4,187.20921,2
199.0,261.40607,2
154.0,75.749374,2
159.0,110.8332,2
33.3,113.56268,2
402.5,175.64807,2
158.0,109.43839,2
245.0,271.6049,2
23.3,184.22743,2
189.8,177.54942,2
265.9,164.89104,2
45.0,102.26593,2
107.0,159.07393,2
156.0,148.99428,2
36.0,36.309647,2
301.0,146.08115,2
214.7,206.92528,2
154.0,101.568344,2
118.1,100.07939,2
235.1,148.09999,2
47.0,28.578379,2
334.0,230.47484,2
89.9,88.68494,2
500.0,102.85904,2
43.3,19.949652,2
98.3,123.729225,2
230.0,168.75604,2
449.0,82.20778,2
107.8,85.35692,2
329.4,165.60225,2
93.2,77.685905,2
107.8,232.67177,2
330.2,177.9267,2
35.0,83.66904,2
101.0,81.627625,2
121.0,119.562965,2
86.5,22.444462,2
360.1,302.4622,2
337.8,288.76974,2
330.2,77.35437,2
124.9,17.509098,2
279.5,131.60281,2
242.0,114.3333,2
43.3,35.667362,2
145.4,134.25299,2
320.0,100.21965,2
363.0,156.10358,2
230.0,147.28471,2
440.1,164.51768,2
6.7,35.173157,2
93.2,73.374954,2
127.0,90.16104,2
161.0,92.48599,2
163.0,81.29814,2
141.0,124.21145,2
487.7,70.20854,2
56.1,94.55562,2
37.0,55.88276,2
154.0,122.36372,2
104.4,115.9552,2
161.0,123.35338,2
68.0,32.061928,2
41.7,115.24542,2
268.0,284.29263,2
228.3,77.006645,2
51.0,48.36332,2
104.4,138.80983,2
93.2,133.843,2
341.7,155.73195,2
269.3,149.10048,2
159.0,59.979645,2
331.0,127.06288,2
281.0,167.19038,2
357.0,93.45262,2
56.1,91.37742,2
179.0,88.12372,2
363.0,182.84596,2
293.0,194.19109,2
333.2,257.1519,2
340.1,101.599594,2
363.0,348.83795,2
106.0,33.072243,2
104.0,144.67574,2
370.1,182.37834,2
101.0,153.45818,2
156.0,102.481705,2
156.0,121.2081,2
156.0,147.9575,2
29.0,142.69344,2
363.0,242.83684,2
309.4,180.2523,2
323.3,422.12375,2
360.1,261.78738,2
311.0,75.225204,2
40.0,140.7737,2
279.5,197.26297,2
404.1,219.8613,2
341.7,303.52316,2
268.0,218.15698,2
340.1,120.33019,2
337.8,110.86884,2
104.4,55.970123,2
158.0,144.74763,2
118.1,87.78154,2
201.0,129.17567,2
314.8,157.9419,2
59.4,-130.54411,2
396.9,182.39117,2
29.0,103.69591,2
331.0,156.13872,2
163.0,89.947136,2
158.0,112.089005,2
96.6,173.70319,2
26.7,61.81466,2
330.2,70.68933,2
363.2,209.23125,2
43.0,60.65979,2
104.0,107.580574,2
54.4,136.16069,2
269.3,163.81798,2
103.0,113.44705,2
160.0,130.06567,2
230.0,196.77429,2
396.9,157.24257,2
27.0,79.20946,2
284.0,150.7983,2
306.4,180.58382,2
124.0,120.5051,2
304.1,113.00424,2
238.6,158.14677,2
71.3,67.49884,2
96.6,89.88875,2
141.0,144.21199,2
182.0,124.27461,2
281.0,202.13538,2
88.2,131.58992,2
325.6,68.02413,2
160.0,137.81604,2
162.0,114.215965,2
86.5,168.95879,2
342.4,172.22272,2
324.0,123.76584,2
68.0,45.138103,2
363.0,284.51785,2
337.8,235.8047,2
15.0,-0.28774923,2
57.8,87.061676,2
311.7,126.341805,2
43.0,5.9951844,2
242.0,155.55013,2
284.0,171.48436,2
32.0,36.989067,2
69.6,69.99182,2
15.0,38.862465,2
78.0,38.289845,2
161.0,131.68867,2
