true_aqi,predicted_aqi,fold
15.0,-8.872287,1
47.0,83.652626,1
327.9,49.12627,1
161.0,124.59645,1
293.0,164.86018,1
311.0,210.3207,1
386.2,290.00504,1
161.0,140.191,1
156.0,117.222374,1
133.0,113.78061,1
279.5,113.61349,1
363.0,273.95816,1
324.0,59.706936,1
365.5,96.52799,1
114.7,149.5847,1
318.7,117.00962,1
160.0,118.187904,1
48.3,67.40891,1
189.8,48.502373,1
235.1,179.39293,1
308.7,139.98065,1
235.1,77.92903,1
159.0,37.70142,1
47.0,57.47903,1
151.0,111.2631,1
301.0,-57.291782,1
103.0,74.64614,1
230.0,172.29779,1
91.6,205.82869,1
324.0,228.90167,1
138.6,81.3518,1
71.0,25.266495,1
107.8,-3.39868,1
140.0,120.77068,1
339.4,154.74539,1
104.4,43.308704,1
154.0,137.50954,1
36.0,65.78612,1
230.0,251.31033,1
363.0,314.3351,1
332.5,175.11836,1
46.7,75.53681,1
245.0,255.85143,1
79.7,205.27647,1
43.0,149.13203,1
272.7,70.30814,1
78.0,213.2419,1
121.0,106.89257,1
141.0,97.29668,1
73.0,93.45211,1
284.0,147.82808,1
106.0,63.491535,1
124.0,128.10509,1
162.0,122.746895,1
230.0,209.0602,1
141.0,128.56165,1
93.2,74.15324,1
121.5,66.64544,1
327.1,100.773796,1
336.3,141.85112,1
301.8,169.37425,1
29.0,105.53558,1
333.2,135.4876,1
121.5,55.96751,1
43.0,47.27495,1
97.0,71.49373,1
141.0,125.16631,1
92.0,61.933582,1
272.7,141.56184,1
343.2,120.46461,1
324.8,175.73106,1
46.7,85.89425,1
230.0,236.12593,1
83.1,104.235374,1
370.1,262.87354,1
383.1,168.04588,1
450.0,287.14682,1
372.0,160.25887,1
104.0,119.068535,1
154.0,145.09157,1
402.5,206.81027,1
382.3,277.9227,1
101.0,125.81116,1
91.0,87.44373,1
141.0,120.97173,1
379.3,258.9567,1
330.0,157.09984,1
345.5,162.53954,1
293.0,-20.695139,1
460.1,400.47446,1
171.0,129.90877,1
321.0,183.02827,1
154.0,114.021355,1
223.0,171.63437,1
47.0,51.449398,1
360.9,107.0407,1
78.0,58.422222,1
74.7,66.33537,1
449.0,288.43295,1
15.0,34.54723,1
281.0,291.40433,1
140.0,109.6662,1
154.0,121.64071,1
281.0,176.01671,1
91.0,121.94938,1
68.0,26.254118,1
293.0,210.69756,1
333.2,162.21284,1
330.0,185.06552,1
449.0,262.72247,1
363.0,346.10208,1
447.8,53.590603,1
370.1,260.6468,1
41.0,71.97187,1
38.3,126.79838,1
321.0,147.94044,1
101.0,159.2869,1
143.0,131.12152,1
206.0,82.36695,1
491.6,383.32077,1
199.0,180.47533,1
447.8,222.3416,1
327.9,168.63025,1
41.7,137.12355,1
91.0,95.18659,1
296.6,185.9539,1
359.3,134.55998,1
138.0,103.38014,1
141.0,132.92331,1
206.0,136.2435,1
161.0,37.86925,1
329.4,151.87718,1
124.9,118.422295,1
93.2,-6.8249874,1
223.0,212.48582,1
15.0,119.069115,1
207.8,139.4973,1
370.1,129.7303,1
358.6,247.15398,1
332.5,173.78401,1
161.0,127.36523,1
370.1,212.09401,1
143.0,146.26015,1
98.3,152.22533,1
138.0,183.43558,1
230.0,189.88155,1
94.9,172.33817,1
293.0,211.1469,1
332.5,190.45772,1
156.0,108.85204,1
338.6,112.458855,1
163.0,148.98088,1
140.0,140.47972,1
269.3,211.2047,1
245.0,202.54552,1
162.0,107.85885,1
357.8,134.6703,1
91.0,107.64518,1
134.0,148.79715,1
91.0,93.93224,1
106.0,59.275562,1
262.4,108.5537,1
340.1,20.85315,1
124.0,107.69329,1
160.0,126.81367,1
182.9,59.90151,1
230.0,171.26724,1
151.0,76.976006,1
163.0,136.66838,1
101.0,125.50727,1
133.0,118.825066,1
279.5,112.62807,1
255.6,68.2035,1
156.0,150.57384,1
107.0,119.93589,1
64.5,26.017794,1
51.0,77.363335,1
141.0,133.68947,1
104.0,117.232765,1
459.3,136.78084,1
282.9,226.67055,1
41.0,66.87868,1
106.0,11.058988,1
440.1,162.45573,1
119.0,61.99082,1
214.7,160.7565,1
48.3,110.1388,1
105.0,48.93416,1
18.3,28.537851,1
332.5,222.15727,1
230.0,217.34662,1
69.6,104.839134,1
329.4,222.99767,1
301.0,67.80097,1
230.0,243.53026,1
340.1,95.1338,1
161.0,116.65735,1
28.3,55.91714,1
71.0,64.5908,1
363.0,323.0751,1
340.1,141.96527,1
262.4,126.148544,1
281.0,259.20303,1
23.3,115.88886,1
48.0,52.576572,1
154.0,150.93587,1
160.0,149.10541,1
51.0,79.56049,1
363.0,312.46704,1
464.7,283.98593,1
138.6,127.46349,1
68.0,46.302105,1
103.0,49.397243,1
84.8,149.00758,1
101.0,78.90416,1
163.0,135.77512,1
272.7,226.7177,1
202.0,145.57396,1
155.6,35.24027,1
163.0,107.01047,1
131.7,66.944275,1
363.0,242.95244,1
36.7,90.77233,1
36.0,58.90639,1
71.0,28.833513,1
91.0,111.44146,1
317.9,261.44357,1
158.0,147.67397,1
141.0,133.32945,1
68.0,35.206448,1
141.0,86.15145,1
84.8,55.911594,1
160.0,145.53052,1
293.0,206.27377,1
43.3,163.4671,1
159.0,214.87598,1
107.8,69.96439,1
305.6,86.6655,1
103.0,106.176765,1
51.0,38.35175,1
340.1,174.79442,1
92.0,60.508656,1
330.9,231.36581,1
235.1,252.3138,1
133.0,146.50589,1
43.0,67.6227,1
56.0,77.577705,1
154.0,177.9908,1
268.0,225.46022,1
327.1,152.78578,1
386.2,231.29553,1
357.8,163.26949,1
145.0,142.09883,1
500.0,189.04024,1
325.6,158.0724,1
328.6,183.855,1
293.0,186.83073,1
142.0,133.84666,1
429.4,401.6155,1
343.2,224.43279,1
47.0,34.55995,1
265.9,94.46882,1
36.7,145.11638,1
50.0,120.414406,1
111.2,147.26933,1
329.4,166.00275,1
134.0,76.67463,1
103.0,79.4403,1
141.0,117.9963,1
314.8,103.96073,1
284.0,131.00266,1
342.4,243.76283,1
121.0,73.53887,1
91.0,120.731026,1
259.0,133.27129,1
450.0,204.4285,1
101.0,130.37251,1
32.0,10.7684355,1
464.7,222.8823,1
317.9,226.87833,1
111.0,91.97246,1
36.7,41.526268,1
321.7,175.54036,1
43.3,91.57152,1
404.1,199.12477,1
238.6,30.685928,1
43.0,15.942794,1
370.8,200.96552,1
162.0,125.507706,1
330.0,233.54854,1
121.0,135.22673,1
51.0,123.40197,1
47.0,-15.960055,1
29.0,159.89503,1
41.7,157.9413,1
32.0,26.865896,1
104.0,87.034744,1
324.8,259.5535,1
382.3,275.1807,1
136.0,68.30687,1
363.0,206.98003,1
279.5,126.61555,1
242.0,151.66716,1
133.0,198.53767,1
340.1,181.354,1
102.0,85.50984,1
328.6,182.53558,1
299.0,135.29732,1
284.0,119.35813,1
301.0,134.36015,1
156.0,120.837715,1
107.8,65.0335,1
67.9,218.98161,1
305.6,178.48346,1
130.0,110.25496,1
230.0,226.76692,1
330.9,111.54401,1
91.6,97.27506,1
281.0,131.18124,1
97.0,66.53869,1
56.0,61.952724,1
171.0,127.54539,1
98.3,150.31316,1
103.0,94.46853,1
307.1,158.4859,1
299.0,185.93922,1
380.8,231.36465,1
230.0,187.4517,1
94.9,120.94248,1
40.0,85.39097,1
158.0,151.74571,1
284.0,134.35558,1
332.5,171.71877,1
106.0,72.413506,1
372.0,259.8088,1
363.0,128.3982,1
167.0,128.24643,1
231.7,82.2511,1
48.0,24.36717,1
252.2,26.876017,1
124.0,114.559395,1
141.0,147.6527,1
114.0,87.2251,1
119.0,73.11428,1
372.0,172.82889,1
307.1,199.13846,1
186.3,126.6883,1
335.5,100.65897,1
51.0,20.526148,1
325.6,194.50009,1
8.3,46.00984,1
156.0,129.45914,1
331.7,103.95005,1
259.0,172.81868,1
158.0,131.11397,1
73.0,53.22025,1
169.3,321.7195,1
162.4,76.11582,1
163.0,108.85262,1
89.9,-13.643598,1
199.0,188.79091,1
272.7,135.14764,1
32.0,32.424034,1
141.0,114.64727,1
335.5,293.9959,1
363.0,146.50737,1
363.0,238.61772,1
440.1,112.422935,1
197.0,86.21953,1
154.0,142.33809,1
141.0,64.177216,1
252.2,120.25019,1
38.3,51.384167,1
238.6,234.16454,1
28.3,-31.84765,1
160.0,87.60235,1
143.0,120.15293,1
29.0,134.74141,1
162.0,134.17458,1
262.4,42.090942,1
491.6,186.08644,1
151.0,110.246826,1
134.0,75.6374,1
179.0,138.3441,1
36.0,6.1162667,1
25.0,190.86952,1
101.0,165.47084,1
223.0,121.387726,1
324.8,214.04329,1
29.0,34.341045,1
230.0,160.35448,1
106.0,26.523523,1
15.0,90.01755,1
357.0,156.77914,1
101.0,93.32598,1
341.7,129.13094,1
68.0,33.64036,1
351.7,64.7844,1
245.4,192.0006,1
342.4,199.94179,1
230.0,174.73988,1
450.0,335.02292,1
340.1,282.9832,1
36.7,55.938694,1
329.4,135.6971,1
372.0,296.3835,1
41.0,52.344166,1
62.8,106.82728,1
360.1,285.87393,1
121.0,124.03699,1
450.0,262.38565,1
76.3,178.20073,1
143.0,127.02165,1
404.8,-68.05234,1
141.0,120.37085,1
450.0,227.0868,1
36.0,73.85151,1
500.0,266.26883,1
230.0,174.10843,1
32.0,32.71201,1
163.0,120.74078,1
140.0,116.75507,1
281.0,163.4399,1
97.0,41.503574,1
358.6,152.72665,1
158.0,180.53143,1
363.0,179.57858,1
500.0,171.28627,1
493.1,233.86119,1
342.4,261.6929,1
223.0,254.83897,1
202.0,145.84268,1
158.0,105.483345,1
319.4,173.22545,1
396.9,263.32547,1
301.0,112.05059,1
330.2,90.51731,1
230.0,183.26154,1
373.1,181.54958,1
223.0,150.57526,1
133.0,147.3575,1
121.5,88.45067,1
223.0,215.29214,1
335.5,224.93843,1
300.0,100.20037,1
56.1,163.56847,1
88.2,115.05038,1
133.0,135.22055,1
37.0,12.318963,1
29.0,90.88642,1
327.9,138.52872,1
328.6,173.46143,1
230.0,150.23553,1
156.0,140.08534,1
333.2,185.20384,1
160.0,99.18371,1
245.0,172.49379,1
141.0,130.60464,1
248.8,153.61629,1
281.0,217.02711,1
268.0,236.58147,1
106.0,32.198486,1
31.7,86.215225,1
121.5,99.343605,1
293.0,215.94638,1
318.7,87.56278,1
32.0,28.063711,1
91.6,110.564064,1
380.0,231.29553,1
103.0,123.46613,1
332.5,78.28094,1
114.0,103.779076,1
318.7,212.69942,1
331.7,252.0623,1
148.8,80.53587,1
310.2,98.25251,1
163.0,103.55822,1
332.5,282.83896,1
230.0,164.56093,1
88.2,80.678604,1
358.6,156.46425,1
319.4,198.44466,1
101.0,146.35359,1
404.1,143.38615,1
145.0,123.17471,1
124.9,114.072044,1
276.1,95.2586,1
281.0,147.15442,1
305.6,85.90797,1
265.9,210.19417,1
340.1,97.66535,1
156.0,138.2949,1
334.8,87.38505,1
412.5,146.739,1
450.0,317.4357,1
449.0,144.27652,1
313.3,74.133835,1
429.4,158.87575,1
158.0,135.08382,1
69.6,115.63157,1
78.0,112.60411,1
41.0,63.376873,1
279.5,111.85259,1
301.8,103.91137,1
286.3,167.07289,1
61.1,110.73293,1
370.1,326.07,1
363.0,175.70589,1
262.4,163.26549,1
70.0,96.566505,1
230.0,178.48335,1
450.0,229.05249,1
223.0,105.17371,1
76.3,296.65182,1
293.0,153.2281,1
281.0,245.79819,1
33.3,47.10394,1
121.0,83.97805,1
316.3,158.41093,1
262.4,61.81334,1
47.0,3.6797063,1
245.4,155.85172,1
63.0,85.92298,1
48.3,70.58221,1
369.3,235.3787,1
358.6,322.72964,1
363.0,306.17062,1
111.0,83.31063,1
91.0,95.549355,1
230.0,232.58257,1
163.0,147.34105,1
324.8,161.4795,1
138.6,99.14859,1
156.0,124.864006,1
121.0,114.57118,1
282.9,131.887,1
449.0,186.03137,1
429.4,153.81248,1
369.3,175.46214,1
223.0,204.3539,1
68.0,47.2261,1
242.0,88.706085,1
284.0,126.114555,1
37.0,41.39462,1
91.0,126.98906,1
293.0,199.38441,1
363.0,393.55362,1
136.0,48.865707,1
56.0,68.81342,1
230.0,190.57808,1
272.7,164.68681,1
373.1,192.08015,1
111.2,95.06107,1
143.0,128.56293,1
293.0,184.38179,1
73.0,17.190004,1
230.0,172.1715,1
131.7,209.05943,1
156.0,143.3771,1
363.2,127.71801,1
27.0,10.262858,1
104.0,200.31528,1
119.0,84.3214,1
156.0,135.22636,1
158.0,112.89404,1
248.8,134.75739,1
62.8,185.9063,1
328.6,175.94844,1
372.0,112.56153,1
33.3,130.91437,1
230.0,212.50484,1
161.0,120.27924,1
91.0,119.29105,1
43.0,-13.555622,1
103.0,62.460197,1
158.0,129.30267,1
356.3,76.430626,1
73.0,50.284557,1
337.1,205.3637,1
141.0,152.02452,1
389.3,252.99184,1
161.0,128.84073,1
449.0,146.60506,1
101.0,100.46557,1
429.4,300.5732,1
301.8,103.03051,1
48.3,86.30954,1
332.5,212.15454,1
141.0,109.091354,1
276.1,106.489784,1
235.1,71.72849,1
449.0,281.83847,1
160.0,127.298744,1
160.0,128.77068,1
103.0,82.27752,1
230.0,151.43117,1
363.0,158.39302,1
386.2,507.44974,1
70.0,30.801918,1
363.9,151.93738,1
259.0,88.25994,1
344.0,111.12914,1
206.0,112.73452,1
26.7,56.362404,1
324.8,260.64673,1
370.1,254.39394,1
396.9,270.51205,1
141.0,155.9612,1
335.5,120.32587,1
356.3,248.39458,1
320.0,109.60098,1
328.6,176.69423,1
142.0,92.011375,1
327.9,188.62302,1
449.0,112.510574,1
138.0,102.36759,1
284.0,137.60327,1
179.0,144.44304,1
230.0,218.42723,1
119.0,98.51284,1
179.0,130.98209,1
248.8,172.0099,1
106.0,23.636703,1
363.0,221.50743,1
88.2,232.17758,1
331.0,160.07243,1
103.0,119.533165,1
84.8,83.02705,1
372.0,110.15066,1
314.8,105.760315,1
31.7,26.574297,1
74.7,123.29428,1
69.6,100.23592,1
57.8,29.755133,1
41.7,163.29155,1
182.9,75.89399,1
269.3,190.90195,1
96.6,14.4983,1
31.7,78.98455,1
92.0,83.9454,1
206.0,136.97102,1
89.9,117.455696,1
311.0,124.720795,1
56.1,13.647253,1
13.3,65.24399,1
328.6,142.45064,1
152.2,75.44297,1
156.0,102.235115,1
84.8,112.72872,1
202.0,178.16245,1
363.0,262.20746,1
449.0,210.09222,1
158.0,140.6147,1
304.8,225.42755,1
386.2,235.46977,1
74.7,148.59944,1
103.0,76.305115,1
343.2,210.1161,1
330.0,186.30254,1
151.0,113.2373,1
154.0,117.039444,1
301.0,106.255035,1
268.0,209.43758,1
224.9,181.70131,1
105.0,68.74744,1
26.7,85.34782,1
156.0,140.58261,1
91.0,109.82394,1
182.0,95.89707,1
441.7,77.277214,1
372.0,283.83224,1
300.0,139.49272,1
141.0,119.92071,1
343.2,177.7696,1
230.0,184.5367,1
199.0,83.448265,1
301.0,117.95633,1
324.0,86.26612,1
325.6,40.50022,1
182.9,190.13991,1
36.0,57.76795,1
27.0,82.86274,1
156.0,128.84328,1
268.0,168.92929,1
293.0,215.36006,1
322.5,145.75786,1
54.4,66.59908,1
141.0,107.28028,1
301.8,77.774475,1
93.2,10.609935,1
93.2,116.857506,1
293.0,210.72548,1
204.4,110.62312,1
272.7,126.09332,1
331.0,179.2404,1
102.0,50.683804,1
363.9,251.6645,1
320.0,98.02879,1
386.2,165.35152,1
121.0,115.500854,1
143.0,130.8347,1
64.5,87.14185,1
324.8,62.265526,1
156.0,133.21843,1
68.0,59.17941,1
272.7,187.30287,1
371.6,298.69247,1
441.7,121.287834,1
206.0,154.3535,1
500.0,207.50119,1
320.0,117.40888,1
293.0,152.93666,1
64.5,153.1153,1
265.9,191.5183,1
71.3,226.28236,1
309.4,96.67521,1
496.2,149.91335,1
141.0,137.19743,1
363.0,254.07582,1
59.4,16.746311,1
343.2,169.21385,1
16.7,133.77034,1
53.0,36.882763,1
71.0,48.853275,1
230.0,205.46333,1
324.0,206.51479,1
156.0,134.01357,1
68.0,40.86137,1
38.3,151.6833,1
370.1,285.94855,1
363.0,142.24553,1
67.9,45.401535,1
325.6,113.75647,1
70.0,50.706764,1
252.2,169.1476,1
73.0,72.26458,1
47.0,25.813417,1
49.0,44.093018,1
160.0,139.10707,1
230.0,207.32109,1
141.0,98.593376,1
138.6,77.83117,1
293.0,174.58481,1
35.0,104.975555,1
93.2,149.45479,1
104.4,26.204794,1
101.0,102.496925,1
207.8,79.92603,1
238.6,68.7687,1
313.3,76.51328,1
429.4,220.37334,1
47.0,28.26393,1
156.0,124.454765,1
28.3,69.331985,1
103.0,80.06588,1
386.2,181.74532,1
159.0,99.58903,1
327.1,97.74665,1
230.0,236.09102,1
279.5,96.62424,1
51.0,24.315943,1
316.3,106.88254,1
343.2,384.26877,1
202.0,183.95453,1
262.4,140.71034,1
334.8,65.884834,1
118.1,82.7234,1
309.4,110.945366,1
36.0,30.145407,1
96.6,68.85177,1
284.0,139.76936,1
162.0,151.6075,1
228.3,175.75157,1
160.0,98.116646,1
340.9,189.89058,1
86.5,73.01789,1
372.0,288.26947,1
45.0,127.54768,1
151.0,123.12939,1
387.0,249.99678,1
223.0,109.05761,1
363.0,227.8976,1
171.0,164.84137,1
402.5,105.28629,1
141.0,117.14333,1
163.0,139.43082,1
56.0,34.787655,1
94.9,83.6823,1
230.0,197.96777,1
281.0,210.10127,1
68.0,18.39028,1
143.0,126.85804,1
324.8,157.15318,1
61.1,95.690636,1
293.2,109.18133,1
43.0,24.738554,1
160.0,138.59825,1
496.2,226.80864,1
159.0,75.94404,1
94.9,88.708336,1
101.0,81.096825,1
158.0,122.5017,1
182.9,89.09159,1
293.0,254.60362,1
43.3,204.03603,1
37.0,10.433629,1
76.3,42.466473,1
390.0,112.06373,1
101.0,87.58916,1
197.0,111.94867,1
88.2,164.21129,1
393.1,213.8295,1
43.0,47.256386,1
230.0,182.6363,1
450.0,257.2947,1
35.0,52.232353,1
78.0,102.62324,1
43.0,47.003437,1
333.2,146.91783,1
323.3,237.61824,1
93.2,191.64363,1
43.3,35.136204,1
156.0,154.27083,1
101.0,99.999466,1
363.0,239.03925,1
160.0,122.34798,1
156.0,122.76286,1
299.0,160.37915,1
464.7,177.3744,1
93.2,36.547016,1
327.9,369.77658,1
500.0,86.28513,1
293.0,152.86275,1
50.0,86.39573,1
47.0,44.149307,1
103.0,60.71729,1
73.0,77.42179,1
141.0,138.29506,1
107.8,49.36278,1
53.0,-3.0729346,1
238.6,240.72609,1
282.9,45.816372,1
73.0,85.70398,1
230.0,156.6216,1
41.0,27.63837,1
262.4,242.44919,1
396.9,175.936,1
57.8,221.68506,1
118.1,115.63381,1
341.7,167.34326,1
56.0,71.757225,1
91.0,108.69413,1
86.5,71.44839,1
341.7,145.1371,1
52.7,57.89964,1
56.1,92.06333,1
40.0,132.36455,1
293.0,196.99385,1
163.0,89.361145,1
50.0,84.27735,1
54.4,70.15948,1
440.1,210.51233,1
162.0,154.34491,1
88.2,122.52517,1
70.0,41.428814,1
281.0,90.17271,1
141.0,134.42189,1
450.0,231.32089,1
101.0,119.59706,1
91.0,101.09308,1
363.0,269.56226,1
279.5,158.26596,1
496.2,224.04372,1
301.8,74.571365,1
449.0,254.69484,1
362.4,241.7221,1
293.0,201.12735,1
281.0,291.68118,1
96.6,123.30626,1
71.0,59.271996,1
252.2,178.355,1
331.7,256.49475,1
156.0,167.39961,1
330.9,183.34892,1
73.0,81.85702,1
134.0,141.8304,1
103.0,97.91564,1
245.0,284.2313,1
128.0,147.27122,1
124.0,114.745255,1
140.0,130.5822,1
314.8,69.73753,1
40.0,50.403484,1
293.0,183.03679,1
304.8,121.23049,1
98.3,101.96996,1
36.0,12.280584,1
242.0,139.07149,1
230.0,163.07889,1
124.9,85.53275,1
107.8,70.42051,1
52.7,111.1191,1
238.6,158.00603,1
154.0,139.81032,1
28.3,186.12383,1
48.0,9.25187,1
37.0,37.841167,1
63.0,85.11083,1
331.0,144.21895,1
10.0,54.30911,1
182.0,134.22763,1
103.0,87.357796,1
363.0,264.38474,1
156.0,115.75737,1
162.0,135.3943,1
101.0,109.742165,1
104.0,17.23721,1
230.0,180.3719,1
282.9,118.182686,1
70.0,42.826313,1
33.3,55.709995,1
163.0,127.98047,1
156.0,116.82899,1
163.0,128.67062,1
128.3,79.73476,1
23.3,111.97387,1
45.0,161.40958,1
179.0,192.76982,1
31.7,75.05222,1
48.3,22.885395,1
320.0,181.63701,1
148.8,105.821266,1
70.0,35.29118,1
76.3,84.18605,1
141.0,162.09525,1
276.1,155.12999,1
265.9,131.96896,1
331.0,113.935356,1
155.6,69.73168,1
332.5,220.51717,1
51.0,31.835138,1
154.0,164.6968,1
91.6,95.00472,1
245.0,236.15,1
404.1,143.71045,1
114.7,95.19239,1
151.0,119.71897,1
26.7,26.455511,1
141.0,118.64524,1
245.0,136.04985,1
141.0,144.93669,1
70.0,47.455128,1
293.0,156.16753,1
300.0,99.73006,1
152.0,107.61761,1
301.8,76.926674,1
135.1,115.9509,1
155.6,133.35269,1
363.2,181.01427,1
160.0,132.52397,1
15.0,-12.11248,1
161.0,102.5317,1
186.3,95.35259,1
429.4,126.77256,1
293.0,261.74432,1
370.1,296.5394,1
141.0,111.48289,1
47.0,-0.384898,1
79.7,115.669426,1
262.4,227.60739,1
114.7,145.69228,1
89.9,88.60125,1
127.0,119.58529,1
158.0,164.56412,1
359.3,139.15416,1
78.0,85.140076,1
37.0,85.73737,1
179.0,118.26124,1
282.9,246.19577,1
119.0,103.42068,1
101.0,112.51313,1
262.4,67.67177,1
91.0,102.31925,1
334.8,175.30043,1
91.0,120.43962,1
62.8,189.10423,1
142.0,197.76715,1
337.8,295.19354,1
105.0,68.280014,1
114.7,144.00108,1
141.0,119.98979,1
323.3,106.40185,1
307.1,172.03136,1
328.6,171.03932,1
94.9,65.04161,1
182.0,122.83795,1
119.0,110.788536,1
134.0,183.2415,1
57.8,62.343845,1
101.0,114.56957,1
402.5,114.339714,1
124.0,125.89727,1
47.0,62.002132,1
162.4,132.5898,1
47.0,3.8930383,1
323.3,435.59464,1
330.0,178.77953,1
223.0,147.3445,1
230.0,204.1644,1
252.2,80.13581,1
309.4,74.11266,1
347.8,257.17105,1
330.0,112.06274,1
363.0,263.44394,1
131.7,158.4417,1
230.0,247.52937,1
43.0,35.32202,1
158.0,110.01465,1
148.8,108.15043,1
383.1,250.05681,1
25.0,82.44619,1
68.0,1.5751536,1
141.0,111.463715,1
314.8,31.956434,1
27.0,72.64248,1
293.0,194.378,1
41.0,58.17271,1
299.0,143.77254,1
311.0,204.64511,1
91.0,111.596924,1
262.4,213.57465,1
363.0,200.82838,1
160.0,115.70786,1
160.0,147.47876,1
337.8,159.09193,1
84.8,89.42303,1
342.4,370.66397,1
281.0,200.26784,1
339.4,150.13773,1
141.0,118.60313,1
214.7,153.69873,1
103.0,55.43095,1
160.0,92.68395,1
63.0,76.328766,1
301.0,44.870907,1
156.0,117.39691,1
158.0,110.22968,1
91.0,93.94578,1
63.0,99.287506,1
334.0,165.01405,1
86.5,80.13652,1
440.1,120.14385,1
163.0,143.50937,1
152.0,147.07182,1
334.0,161.27972,1
331.0,123.28847,1
67.9,154.81145,1
36.0,33.722263,1
141.0,139.35922,1
179.5,98.17448,1
141.0,142.43971,1
156.0,118.90851,1
47.0,30.191744,1
84.8,100.47762,1
67.9,171.32808,1
151.0,117.93655,1
68.0,56.01944,1
114.7,95.63459,1
500.0,100.29505,1
340.1,133.69225,1
303.3,184.18227,1
340.9,242.05814,1
67.9,115.973595,1
363.0,357.8292,1
500.0,260.81192,1
103.0,108.16651,1
161.0,164.90611,1
360.1,288.62228,1
317.9,219.9761,1
43.0,86.45045,1
70.0,58.849407,1
161.0,116.301155,1
299.0,136.00551,1
71.0,54.144897,1
156.0,133.48633,1
202.0,133.9616,1
359.3,18.781176,1
160.0,105.78317,1
363.0,340.6673,1
92.0,85.40943,1
269.3,140.7979,1
121.5,102.139114,1
449.0,217.7184,1
327.1,-261.0795,1
158.0,115.61918,1
300.0,174.52962,1
162.0,126.3171,1
281.0,214.94594,1
148.8,162.4787,1
141.0,119.66048,1
71.0,18.475302,1
255.6,163.43343,1
141.0,103.2848,1
324.0,56.73488,1
204.4,160.5907,1
103.0,76.38353,1
51.0,63.18327,1
71.0,57.289658,1
334.8,94.06405,1
96.6,91.75347,1
342.4,194.67476,1
284.0,148.31746,1
279.5,218.02705,1
235.1,150.44856,1
74.7,43.620167,1
20.0,22.484074,1
103.0,98.73737,1
200.0,270.13492,1
101.0,60.41214,1
223.0,103.86522,1
245.0,208.11089,1
245.0,272.5159,1
328.6,223.54063,1
223.0,144.30685,1
324.8,60.76559,1
245.0,268.44366,1
68.0,60.71099,1
299.0,87.620125,1
301.8,168.90633,1
98.3,125.0371,1
242.0,129.42654,1
440.1,156.71278,1
98.3,167.99904,1
331.7,246.91884,1
101.0,105.03574,1
301.0,12.980201,1
103.0,80.95887,1
410.2,83.4204,1
309.4,145.14977,1
37.0,71.84873,1
158.0,85.70632,1
321.0,173.31192,1
447.8,16.500559,1
61.1,159.08986,1
143.0,112.566536,1
325.6,122.14958,1
114.7,78.40873,1
351.7,69.22628,1
70.0,44.958286,1
47.0,72.67802,1
230.0,245.50092,1
310.2,149.2311,1
41.7,22.165926,1
331.0,139.17485,1
124.9,131.27153,1
404.1,105.122086,1
73.0,61.7207,1
313.3,16.417076,1
334.8,101.70367,1
382.3,294.46338,1
140.0,136.8861,1
51.0,104.22749,1
30.0,35.9014,1
341.7,196.67313,1
386.2,201.66954,1
47.0,48.23235,1
242.0,138.66435,1
63.0,79.998695,1
107.8,89.16679,1
111.0,105.57404,1
141.0,138.18497,1
49.0,60.49706,1
36.7,16.567738,1
182.0,127.24894,1
396.9,214.90636,1
103.0,92.17687,1
159.0,127.31095,1
500.0,176.11378,1
133.0,133.78279,1
230.0,177.09903,1
162.0,134.90074,1
68.0,7.9496713,1
372.0,234.34369,1
73.0,80.210014,1
276.1,251.89885,1
206.0,149.98564,1
372.0,134.0609,1
358.6,161.05898,1
218.1,152.24937,1
20.0,61.623463,1
334.8,117.68645,1
151.0,122.32371,1
148.8,122.06771,1
141.0,113.63895,1
380.8,214.98595,1
167.0,128.07787,1
242.0,156.75974,1
163.0,115.91801,1
86.5,17.805983,1
340.1,157.96028,1
67.9,128.86377,1
68.0,15.437458,1
94.9,99.552986,1
329.4,270.06976,1
245.0,125.10946,1
450.0,245.20082,1
223.0,101.98498,1
41.7,17.430407,1
293.0,211.25638,1
83.1,58.31997,1
114.7,124.86078,1
71.0,5.2622905,1
196.6,80.821175,1
380.0,201.60904,1
141.0,111.740166,1
138.6,48.892086,1
500.0,347.00516,1
141.0,140.80765,1
62.8,53.466034,1
62.8,43.061104,1
404.1,160.49434,1
363.0,195.30742,1
281.0,277.65787,1
119.0,94.49909,1
176.1,134.40956,1
320.0,160.07243,1
337.8,308.0557,1
365.5,117.06469,1
363.0,269.07877,1
145.4,126.396225,1
252.2,106.96921,1
245.0,311.4363,1
56.0,57.53873,1
293.0,271.89325,1
128.3,88.65826,1
245.0,215.41469,1
449.0,283.38388,1
372.0,218.70905,1
89.9,124.228264,1
98.3,97.165276,1
48.3,159.89558,1
163.0,123.31444,1
316.3,103.91323,1
337.8,186.26146,1
73.0,66.59116,1
393.9,246.33104,1
136.0,67.65506,1
36.7,144.54541,1
167.0,88.08331,1
154.0,159.75871,1
230.0,220.88968,1
306.4,175.43929,1
214.7,170.90811,1
70.0,11.159675,1
141.0,119.02102,1
386.2,152.59462,1
161.0,59.94768,1
189.0,156.34511,1
53.0,29.077127,1
380.8,181.0881,1
62.8,118.783325,1
159.0,89.16029,1
355.5,138.43355,1
370.1,210.36449,1
47.0,45.12685,1
330.0,168.62581,1
199.0,216.11147,1
79.7,123.69311,1
103.0,98.23399,1
259.0,147.87819,1
50.0,106.83974,1
47.0,22.910168,1
56.0,44.23028,1
386.2,160.75227,1
449.0,116.73023,1
329.4,89.52268,1
357.8,200.2375,1
73.0,117.751045,1
245.0,265.5513,1
136.0,82.157036,1
230.0,170.15977,1
382.3,340.2168,1
301.0,140.21758,1
293.0,215.96753,1
326.3,176.30424,1
156.0,137.63261,1
43.0,39.85188,1
500.0,178.62236,1
440.1,141.09036,1
160.0,150.17113,1
346.3,124.454506,1
356.3,161.12572,1
163.0,113.31083,1
286.3,237.8778,1
296.6,216.01573,1
426.3,198.56029,1
302.5,149.90915,1
242.0,101.654,1
245.0,227.58665,1
93.2,183.42659,1
235.1,146.10408,1
324.8,300.54935,1
61.1,-21.309664,1
97.0,38.13216,1
235.1,193.56984,1
281.0,234.49088,1
76.3,119.43391,1
154.0,131.68294,1
279.5,131.05013,1
337.1,7.4531593,1
363.0,378.04828,1
333.2,150.16618,1
223.0,106.39558,1
500.0,196.25478,1
73.0,76.151855,1
84.8,111.42239,1
363.2,198.80336,1
37.0,24.490763,1
121.0,75.24432,1
245.4,85.31928,1
491.6,199.3791,1
50.0,60.619328,1
70.0,48.05925,1
230.0,154.65138,1
54.4,253.78886,1
11.7,68.99773,1
156.0,130.76204,1
73.0,113.34291,1
48.3,80.037674,1
262.4,111.37362,1
231.7,236.20241,1
363.0,272.4317,1
457.8,204.72198,1
134.0,141.40681,1
334.0,249.63289,1
276.1,116.538704,1
101.0,80.999985,1
371.6,282.1041,1
156.0,118.01934,1
460.1,286.53378,1
320.2,114.88652,1
386.2,321.58005,1
324.8,139.60948,1
138.0,91.925446,1
363.0,285.68533,1
202.0,153.79944,1
81.4,80.11718,1
337.8,128.9984,1
63.0,113.75078,1
182.0,112.10372,1
48.0,58.84483,1
103.0,111.65944,1
343.2,181.68826,1
142.0,83.019264,1
382.3,309.46915,1
230.0,202.2061,1
317.9,95.18804,1
281.0,204.78654,1
252.2,80.34669,1
154.0,129.39589,1
363.0,56.4533,1
156.0,134.03603,1
154.0,119.789734,1
158.0,164.62804,1
293.0,300.9652,1
340.1,296.9127,1
334.0,227.75587,1
159.0,99.28983,1
33.3,135.92682,1
103.0,91.28854,1
43.3,125.2689,1
230.0,199.17114,1
331.7,78.47231,1
230.0,155.50462,1
182.0,133.42046,1
352.4,197.80763,1
447.8,176.65273,1
48.3,49.267708,1
357.0,155.2776,1
33.3,58.290653,1
235.1,109.15359,1
98.3,78.63723,1
47.0,33.779385,1
300.0,75.142006,1
91.0,97.510284,1
450.0,201.4551,1
54.4,145.08191,1
26.7,50.698334,1
70.0,53.519817,1
384.7,238.3184,1
221.5,196.1902,1
48.3,139.33308,1
158.0,131.99692,1
318.7,279.47818,1
331.0,153.50923,1
449.0,294.50134,1
376.2,139.39601,1
335.5,202.93126,1
372.0,280.03015,1
100.0,152.80806,1
314.8,215.06981,1
269.3,209.35991,1
101.0,125.62322,1
86.5,86.33597,1
156.0,136.64328,1
93.2,100.37057,1
301.0,62.210045,1
500.0,39.266964,1
36.0,92.254036,1
107.8,40.95995,1
68.0,2.4536674,1
152.0,71.393005,1
111.0,89.44786,1
356.3,175.42052,1
450.0,283.32382,1
91.0,129.32135,1
57.8,188.96446,1
130.0,125.36398,1
299.0,104.09679,1
163.0,104.49865,1
363.0,291.39548,1
91.0,118.25243,1
73.0,65.727165,1
101.0,116.21281,1
223.0,164.32271,1
307.1,110.95862,1
500.0,186.19586,1
47.0,37.018192,1
68.0,46.048397,1
449.0,132.5184,1
111.2,67.71129,1
15.0,5.9015794,1
293.0,185.79222,1
310.2,125.65598,1
393.1,147.3938,1
329.4,240.63145,1
91.0,135.75061,1
252.2,176.13753,1
340.1,188.51178,1
335.5,228.19543,1
370.1,285.2219,1
73.0,86.6242,1
114.7,57.752766,1
43.0,74.845085,1
145.0,130.23956,1
97.0,24.73163,1
301.8,149.48302,1
358.6,114.23916,1
380.0,332.5966,1
329.4,203.19106,1
370.1,231.92522,1
334.0,311.24448,1
134.0,166.79219,1
500.0,214.49695,1
235.1,152.79828,1
172.7,212.44841,1
91.0,138.0125,1
169.3,51.65067,1
268.0,344.64545,1
300.0,145.68527,1
331.0,184.91731,1
83.1,95.759415,1
293.0,135.19742,1
429.4,176.91052,1
62.8,146.06404,1
317.9,169.83531,1
160.0,118.513405,1
104.4,107.54594,1
223.0,130.90015,1
330.9,77.36398,1
162.4,95.33658,1
156.0,150.45906,1
47.0,88.639656,1
98.3,111.6396,1
119.0,163.62883,1
230.0,209.24184,1
141.0,113.64729,1
450.0,403.95493,1
145.0,153.16478,1
162.0,124.05977,1
302.5,165.06633,1
152.0,124.6385,1
50.0,134.6914,1
121.0,88.2996,1
328.6,156.15077,1
269.3,47.471584,1
54.4,113.40778,1
47.0,28.186121,1
97.0,11.885718,1
179.0,127.443985,1
73.0,60.22503,1
114.7,189.21451,1
64.5,163.0027,1
64.5,121.23339,1
304.8,139.91046,1
63.0,162.20491,1
114.0,89.63707,1
141.0,143.82776,1
5.0,53.42702,1
43.0,2.899976,1
360.1,212.48006,1
158.0,131.6302,1
358.6,156.5667,1
156.0,158.23866,1
52.7,99.91299,1
141.0,68.17158,1
363.0,223.05254,1
156.0,109.826256,1
460.1,349.8359,1
43.0,113.35947,1
76.3,53.604332,1
154.0,149.31166,1
370.1,104.47127,1
141.0,115.50759,1
68.0,38.88865,1
29.0,43.60926,1
51.0,98.58875,1
41.0,77.15469,1
141.0,147.66289,1
105.0,82.62064,1
325.6,72.09694,1
327.1,142.628,1
23.3,23.730463,1
101.0,109.16331,1
141.0,122.308754,1
133.0,183.19267,1
32.0,12.345931,1
106.0,54.869717,1
331.0,134.8528,1
119.0,69.586845,1
380.8,256.27054,1
386.2,208.33224,1
104.4,150.8359,1
156.0,108.02686,1
40.0,169.47966,1
69.6,135.70238,1
230.0,178.1012,1
304.8,187.88206,1
179.0,81.114,1
340.1,208.18672,1
92.0,42.992493,1
28.3,75.83279,1
296.6,109.96056,1
404.1,149.80342,1
25.0,56.370037,1
372.0,228.02121,1
363.0,198.67375,1
386.2,232.54643,1
51.0,21.864273,1
206.0,102.032814,1
88.2,218.00569,1
402.5,153.45592,1
121.0,100.94851,1
91.0,112.95739,1
324.8,183.06212,1
50.0,61.192486,1
245.0,218.72255,1
74.7,58.412075,1
50.0,50.997906,1
441.7,224.3352,1
76.3,90.14616,1
47.0,44.169044,1
325.6,173.81557,1
160.0,118.41294,1
158.0,110.71841,1
340.1,80.02344,1
333.2,127.33854,1
56.0,68.78524,1
245.0,336.04007,1
43.0,93.96998,1
329.4,253.27058,1
141.0,96.4532,1
101.0,78.737,1
21.7,-33.302036,1
230.0,145.35988,1
161.0,64.10185,1
68.0,50.50075,1
307.1,110.17777,1
402.5,135.03783,1
15.0,3.9162505,1
259.0,285.3157,1
52.7,73.17057,1
11.7,16.815405,1
94.9,89.20884,1
373.9,199.73096,1
28.3,168.52762,1
43.0,25.850037,1
331.0,128.37083,1
141.0,120.154755,1
272.7,77.04089,1
341.7,211.78088,1
162.0,132.03691,1
104.4,69.598946,1
314.8,108.928154,1
104.4,134.92046,1
318.7,194.55539,1
230.0,171.77403,1
103.0,88.3092,1
43.0,42.595173,1
411.0,169.97705,1
230.0,143.3083,1
66.2,119.035225,1
73.0,61.080147,1
141.0,128.64226,1
160.0,102.31984,1
450.0,278.8005,1
386.2,318.27823,1
73.0,48.8717,1
56.1,159.334,1
156.0,139.63478,1
320.0,164.47502,1
104.4,118.60009,1
252.2,197.40396,1
311.0,154.88742,1
107.0,183.70073,1
84.8,104.7218,1
328.6,100.29546,1
154.0,140.52692,1
305.6,91.48344,1
154.0,114.30601,1
141.0,101.95312,1
328.6,150.16063,1
38.3,84.77868,1
48.0,60.401714,1
88.2,86.82721,1
138.0,113.41813,1
32.0,-4.362763,1
131.7,54.651104,1
268.0,198.60173,1
321.0,136.57864,1
71.0,42.042583,1
92.0,37.932293,1
81.4,76.77599,1
158.0,120.44842,1
121.0,115.14855,1
331.0,122.44137,1
89.9,93.53028,1
68.0,0.9653725,1
441.7,131.7453,1
159.0,137.01405,1
286.3,179.58586,1
69.6,163.33815,1
156.0,144.3574,1
324.8,163.21257,1
91.0,111.277,1
68.0,74.595314,1
73.0,69.71439,1
160.0,120.19023,1
121.0,60.382866,1
230.0,149.71947,1
104.0,110.890205,1
73.0,103.87835,1
284.0,161.46077,1
299.0,185.79364,1
47.0,41.39913,1
152.0,112.31098,1
238.6,102.20551,1
71.0,43.59049,1
104.4,199.12105,1
26.7,125.95333,1
202.0,143.13182,1
135.1,35.592693,1
310.2,8.952587,1
48.0,10.605824,1
154.0,112.17845,1
327.9,414.61646,1
293.0,241.75377,1
308.7,198.5691,1
156.0,125.38168,1
163.0,96.41773,1
89.9,89.195625,1
48.3,126.04587,1
156.0,136.44296,1
245.0,223.28804,1
92.0,43.01051,1
79.7,101.70075,1
36.0,39.003178,1
145.4,60.91222,1
46.7,-27.440931,1
245.0,200.14226,1
93.2,30.491941,1
306.4,167.22252,1
36.0,19.828453,1
167.0,117.82305,1
49.0,83.7698,1
28.3,121.800415,1
248.8,160.92503,1
71.0,58.49645,1
51.0,24.184877,1
41.7,94.95213,1
314.8,152.89998,1
104.0,139.3457,1
71.3,43.52737,1
230.0,201.11034,1
41.7,133.49672,1
334.0,103.90757,1
296.6,136.11275,1
45.0,67.53338,1
114.7,61.471607,1
346.3,187.5071,1
457.8,228.7162,1
76.0,103.18237,1
314.8,121.51627,1
97.0,18.121666,1
389.3,254.66371,1
33.3,82.52025,1
331.0,141.65233,1
38.3,112.88029,1
172.7,54.86868,1
156.0,166.85724,1
245.0,143.0839,1
333.2,288.40182,1
238.6,83.38917,1
331.0,203.22386,1
114.0,73.15547,1
48.0,63.550972,1
335.5,280.69083,1
45.0,26.499172,1
331.0,154.04814,1
83.1,123.034096,1
57.8,131.38873,1
230.0,175.05638,1
154.0,131.08363,1
343.2,143.48701,1
47.0,66.754295,1
36.0,33.25316,1
62.8,65.06463,1
145.4,155.76823,1
91.6,73.70723,1
197.0,83.30935,1
43.0,33.657387,1
101.0,122.905266,1
145.0,131.29724,1
363.0,209.77496,1
141.0,177.03474,1
141.0,88.07047,1
91.0,90.34243,1
103.0,88.58477,1
317.1,107.7299,1
330.0,251.01668,1
281.0,210.76436,1
484.7,192.73459,1
182.0,123.06251,1
156.0,123.32472,1
223.0,184.57063,1
363.2,187.14693,1
334.8,87.74851,1
145.0,171.47218,1
64.5,-4.653725,1
32.0,-1.1232984,1
35.0,120.33729,1
245.0,158.07355,1
70.0,37.236473,1
279.5,158.10649,1
156.0,124.10438,1
172.7,113.78014,1
64.5,184.1881,1
230.0,202.09468,1
37.0,42.113003,1
145.0,141.39424,1
52.7,107.8583,1
160.0,101.33268,1
69.6,78.042076,1
228.3,205.45201,1
172.7,115.145874,1
317.1,265.41696,1
143.0,125.82783,1
230.0,250.16837,1
156.0,107.34783,1
334.8,121.04019,1
68.0,38.90565,1
86.5,117.11169,1
360.1,147.86372,1
101.0,112.791664,1
94.9,77.30845,1
54.4,89.12073,1
124.9,86.48038,1
37.0,30.210669,1
162.0,128.14912,1
268.0,165.48798,1
245.0,126.68487,1
330.9,107.3797,1
179.0,207.3277,1
162.0,145.87883,1
138.6,54.44057,1
73.0,98.755,1
13.3,149.65367,1
156.0,112.12945,1
331.0,118.33702,1
321.0,146.37833,1
162.0,116.74706,1
330.0,187.17331,1
50.0,76.41665,1
93.2,99.19555,1
51.0,50.25088,1
163.0,111.67301,1
36.0,31.836473,1
79.7,46.579502,1
223.0,212.31223,1
333.2,141.10225,1
207.8,142.6802,1
356.3,231.71162,1
272.7,125.86798,1
141.0,116.24687,1
362.4,228.53874,1
53.0,39.124805,1
372.0,275.3227,1
118.1,115.35704,1
357.0,134.71545,1
160.0,102.36121,1
396.9,164.83899,1
158.0,127.70156,1
78.0,-5.0591683,1
341.7,206.57536,1
324.8,69.578926,1
230.0,182.06044,1
163.0,132.73991,1
88.2,-290.2336,1
89.9,92.273705,1
91.0,88.47663,1
66.2,70.80218,1
269.3,158.6161,1
106.0,11.363597,1
324.8,128.42862,1
152.0,120.9389,1
134.0,139.96696,1
284.0,130.26024,1
94.9,165.19133,1
500.0,293.42886,1
162.0,143.5158,1
196.6,92.455635,1
327.1,182.72667,1
340.1,8.0987425,1
235.1,141.90956,1
124.0,117.720634,1
289.8,227.72954,1
141.0,117.762276,1
311.0,159.5502,1
15.0,4.028385,1
48.0,12.251132,1
141.0,110.49761,1
165.9,174.03658,1
114.0,106.42794,1
304.8,113.86318,1
98.3,200.8954,1
107.8,234.52596,1
230.0,203.27287,1
47.0,66.43217,1
316.3,122.86611,1
500.0,237.40584,1
28.3,35.851994,1
279.5,55.700184,1
230.0,188.6068,1
37.0,60.87855,1
47.0,27.886604,1
315.6,114.44549,1
269.3,167.881,1
281.0,197.31465,1
160.0,126.750374,1
40.0,58.45177,1
130.0,74.993385,1
334.8,164.15752,1
141.0,108.638664,1
440.1,448.67154,1
162.0,109.5147,1
279.5,114.39884,1
351.7,63.98066,1
230.0,184.8094,1
230.0,197.33356,1
282.9,179.1548,1
84.8,72.28897,1
230.0,188.97366,1
107.8,51.658897,1
91.0,105.100975,1
138.0,117.372734,1
105.0,51.86208,1
94.9,213.28503,1
121.5,164.54599,1
97.0,39.84277,1
46.7,5.1854115,1
50.0,186.25801,1
281.0,257.3054,1
360.1,292.39902,1
36.0,59.036144,1
136.0,63.810127,1
197.0,110.98882,1
359.3,45.37023,1
265.9,142.71358,1
333.2,127.278145,1
163.0,131.65016,1
145.0,151.47299,1
370.1,266.19434,1
341.7,191.37373,1
140.0,124.66787,1
304.8,152.05211,1
104.4,103.865395,1
28.3,77.46739,1
141.0,146.3473,1
363.0,256.55658,1
158.0,180.79536,1
43.0,88.62794,1
141.0,114.74964,1
372.0,251.32472,1
323.3,223.87862,1
141.0,124.29103,1
38.3,226.79225,1
26.7,132.32863,1
49.0,58.09655,1
103.0,60.675575,1
163.0,113.64358,1
199.0,164.87828,1
245.0,137.1251,1
411.0,199.29292,1
100.0,81.53176,1
372.0,242.42986,1
43.0,76.7606,1
141.0,152.61755,1
161.0,122.42695,1
136.0,69.2005,1
327.9,152.59935,1
66.2,90.29069,1
156.0,140.62352,1
141.0,29.314127,1
71.0,51.79273,1
218.1,143.6114,1
380.0,197.28131,1
54.4,74.947716,1
41.7,43.546078,1
142.0,135.86427,1
47.0,83.131714,1
141.0,105.39172,1
330.0,241.54703,1
340.1,202.41096,1
141.0,137.16582,1
337.8,235.18315,1
330.2,158.68379,1
334.8,221.02066,1
78.0,180.52483,1
281.0,226.14734,1
301.8,113.254395,1
182.0,104.26423,1
56.0,45.864613,1
133.0,125.25036,1
84.8,96.51377,1
199.0,200.48216,1
101.0,115.854294,1
252.2,153.27516,1
450.0,336.59323,1
230.0,165.27203,1
36.0,19.24526,1
356.3,283.76962,1
335.5,116.287865,1
29.0,66.06215,1
308.7,168.32309,1
36.0,64.41716,1
158.0,124.670265,1
324.8,181.9392,1
223.0,188.9322,1
159.0,113.78257,1
93.2,131.55928,1
78.0,51.531067,1
11.7,42.54286,1
449.0,-64.46092,1
48.3,58.557766,1
27.0,65.2349,1
25.0,49.629383,1
331.0,157.2891,1
103.0,85.64034,1
59.4,85.70254,1
152.2,55.594852,1
53.0,49.471664,1
331.0,99.560295,1
296.6,16.464367,1
340.1,154.49011,1
202.0,145.97914,1
370.1,186.62343,1
199.0,212.69804,1
202.0,130.20496,1
343.2,115.3025,1
337.8,160.81337,1
81.4,160.96962,1
304.8,140.02681,1
449.0,116.66674,1
341.7,221.75566,1
312.5,154.82304,1
331.0,165.52197,1
68.0,44.183178,1
311.0,202.71819,1
156.0,142.54735,1
78.0,59.111736,1
341.7,185.73036,1
101.0,118.82145,1
118.1,67.16376,1
449.0,291.5562,1
337.8,222.5768,1
156.0,119.15091,1
281.0,331.8121,1
330.2,234.19331,1
351.7,179.67867,1
93.2,85.003845,1
230.0,204.92369,1
91.0,108.55826,1
37.0,18.281357,1
51.0,13.901088,1
142.0,125.52141,1
347.0,135.55002,1
158.0,116.29426,1
31.7,83.64027,1
41.0,45.694305,1
199.0,154.19281,1
365.5,142.19154,1
130.0,146.79161,1
262.4,98.94599,1
335.5,127.853134,1
100.0,80.028984,1
159.0,106.23768,1
450.0,290.81366,1
496.2,223.10106,1
340.1,58.878265,1
50.0,153.73232,1
362.4,178.72008,1
311.7,176.24718,1
200.0,-7.95602,1
331.0,169.06313,1
154.0,114.1443,1
69.6,52.27506,1
333.2,132.16214,1
136.0,30.428555,1
314.0,193.77026,1
282.9,244.74165,1
238.6,110.87307,1
268.0,314.3316,1
130.0,119.883804,1
43.0,28.486725,1
78.0,15.109323,1
156.0,116.796715,1
48.0,62.604404,1
37.0,35.75223,1
158.0,125.15664,1
41.7,143.81557,1
262.4,170.28822,1
162.4,71.56396,1
496.2,229.70596,1
330.0,221.12012,1
293.0,196.65498,1
338.6,125.15647,1
15.0,25.566015,1
230.0,263.25375,1
330.0,191.49446,1
315.6,192.7913,1
48.3,12.132324,1
450.0,291.13504,1
103.0,104.30011,1
160.0,87.60516,1
51.0,46.95576,1
230.0,174.63597,1
73.0,132.0739,1
141.0,70.1303,1
330.0,232.46141,1
51.0,14.994838,1
70.0,29.186346,1
363.0,382.7375,1
101.0,117.617775,1
326.3,23.857372,1
56.0,80.04034,1
57.8,62.348583,1
134.0,140.23288,1
66.2,137.13432,1
363.0,184.56447,1
106.0,29.566248,1
53.0,20.399048,1
50.0,64.74845,1
330.2,319.835,1
47.0,70.92667,1
163.0,109.82078,1
370.1,215.82362,1
230.0,190.4399,1
293.0,196.4516,1
52.7,61.460022,1
43.3,23.518179,1
223.0,204.69835,1
111.0,57.559597,1
358.6,196.92816,1
88.2,25.607925,1
341.7,199.57463,1
363.0,89.44099,1
293.0,195.07703,1
376.2,177.86061,1
293.0,218.16254,1
230.0,239.77968,1
360.1,174.74034,1
255.6,151.35675,1
331.0,137.7823,1
154.0,148.62883,1
56.0,66.24189,1
101.0,30.931593,1
337.8,224.12636,1
320.0,184.91731,1
51.0,20.492731,1
327.9,118.19633,1
143.0,141.79042,1
356.3,151.98682,1
92.0,30.539753,1
293.0,202.47913,1
78.0,56.89568,1
101.0,107.830605,1
330.0,185.6632,1
41.0,65.67468,1
124.9,58.14384,1
238.6,191.99797,1
63.0,105.17275,1
372.0,274.074,1
200.0,177.42735,1
281.0,236.20634,1
402.5,163.21844,1
88.2,38.392033,1
335.5,206.68677,1
103.0,114.587425,1
281.0,260.9083,1
104.0,226.8939,1
121.5,58.799213,1
230.0,162.95793,1
160.0,139.37233,1
321.0,163.21233,1
47.0,24.248014,1
104.0,128.54611,1
429.4,250.22188,1
328.6,113.838554,1
66.2,33.324215,1
176.1,129.71596,1
158.0,111.33847,1
330.9,223.76471,1
372.0,269.84244,1
47.0,55.80619,1
372.0,80.34638,1
252.2,77.29744,1
281.0,287.93845,1
179.0,105.34524,1
151.0,109.36792,1
141.0,87.68542,1
68.0,38.96052,1
94.9,110.69766,1
340.1,160.68439,1
163.0,110.20575,1
365.5,104.129395,1
26.7,58.355995,1
45.0,44.767673,1
73.0,43.795464,1
305.6,182.58522,1
91.6,121.46455,1
89.9,206.18669,1
404.1,110.29738,1
56.1,126.76246,1
163.0,148.98189,1
450.0,264.61575,1
43.0,100.48574,1
111.0,73.75054,1
325.6,210.93791,1
91.6,94.12174,1
63.0,132.00465,1
141.0,172.66927,1
317.1,199.12047,1
101.0,86.91061,1
79.7,131.77275,1
449.0,102.25458,1
202.0,97.166695,1
158.0,140.54527,1
460.1,254.67354,1
300.0,117.19796,1
281.0,260.32977,1
47.0,70.12522,1
329.4,130.84828,1
76.3,167.06836,1
156.0,118.5445,1
130.0,100.42656,1
47.0,65.02262,1
158.0,127.37366,1
158.0,109.83822,1
54.4,89.24975,1
156.0,114.11144,1
328.6,115.080635,1
61.1,58.90604,1
37.0,10.519725,1
61.1,169.53195,1
380.0,235.46977,1
299.0,179.09288,1
59.4,86.041435,1
159.0,123.12414,1
305.6,59.435917,1
47.0,59.03847,1
245.4,343.89435,1
63.0,123.14556,1
293.0,152.0278,1
313.3,79.71255,1
281.0,261.3251,1
141.0,72.42849,1
152.0,155.02435,1
309.4,82.75346,1
67.9,173.66829,1
268.0,259.6934,1
202.0,122.3423,1
162.0,146.6586,1
265.9,156.08406,1
37.0,23.814798,1
141.0,110.75309,1
104.0,128.99637,1
111.0,70.912704,1
71.0,17.5722,1
88.2,110.50141,1
450.0,257.73334,1
230.0,166.52806,1
155.6,94.60254,1
281.0,214.3915,1
104.4,27.594545,1
97.0,57.896057,1
104.0,44.677437,1
47.0,56.86807,1
426.3,218.46338,1
230.0,219.41612,1
63.0,87.30736,1
202.0,150.18799,1
47.0,52.374767,1
393.9,213.63918,1
162.0,159.09244,1
341.7,157.37431,1
281.0,165.02043,1
309.4,123.02892,1
145.4,104.00938,1
101.0,102.6044,1
101.0,117.86399,1
79.7,44.855484,1
76.3,71.056984,1
382.3,106.25555,1
40.0,135.4324,1
339.4,151.3991,1
36.0,42.30502,1
52.7,68.05392,1
372.0,281.38974,1
145.4,29.97735,1
299.0,108.15305,1
47.0,12.254578,1
176.1,62.695305,1
107.8,141.9857,1
38.3,2.3326595,1
43.0,65.01773,1
449.0,203.60866,1
141.0,144.12935,1
101.0,104.937096,1
330.0,170.30544,1
276.1,205.90819,1
101.0,111.12353,1
300.0,176.99734,1
163.0,144.58849,1
151.0,134.74266,1
78.0,46.77556,1
487.7,167.81584,1
104.4,90.3666,1
189.0,121.68485,1
98.3,104.57981,1
15.0,29.194468,1
360.9,77.92016,1
311.7,115.073235,1
91.0,117.8478,1
324.0,257.7148,1
63.0,133.7586,1
328.6,140.40968,1
160.0,111.43654,1
300.0,118.15811,1
62.8,41.796875,1
248.8,203.31462,1
156.0,133.3081,1
13.3,119.45187,1
41.7,56.07456,1
370.1,266.48996,1
119.0,160.70189,1
30.0,-158.91942,1
73.0,78.53297,1
31.7,59.15273,1
327.1,210.91684,1
242.0,160.20723,1
114.7,158.40115,1
321.7,287.8389,1
43.0,87.76558,1
156.0,83.076996,1
201.0,92.290306,1
47.0,64.25893,1
380.8,390.1291,1
281.0,250.3128,1
30.0,105.30282,1
142.0,22.863842,1
447.8,107.508995,1
62.8,88.11924,1
130.0,149.99028,1
363.0,96.269035,1
460.1,304.02847,1
230.0,238.76247,1
203.0,182.25194,1
114.0,111.118904,1
238.6,62.646008,1
121.5,181.43779,1
248.8,197.22287,1
296.6,294.56317,1
141.0,128.72073,1
496.2,304.67026,1
130.0,148.73495,1
37.0,67.08997,1
301.0,212.66351,1
500.0,232.02312,1
56.1,98.3424,1
363.0,233.23772,1
40.0,118.09887,1
335.5,150.55391,1
156.0,115.32068,1
159.0,106.35195,1
315.6,211.13274,1
450.0,380.6423,1
47.0,45.041107,1
47.0,5.2947392,1
362.4,188.96938,1
268.0,98.469536,1
73.0,138.18474,1
176.1,36.57118,1
47.0,39.348907,1
284.0,157.52847,1
158.0,119.11436,1
265.9,52.58671,1
111.2,221.4931,1
158.0,139.46233,1
151.0,88.49561,1
121.0,117.058655,1
51.0,45.594948,1
148.8,152.9394,1
143.0,145.24553,1
71.0,49.9746,1
100.0,101.7846,1
104.0,80.38562,1
206.0,125.200905,1
25.0,55.842747,1
156.0,105.38334,1
37.0,34.4989,1
202.0,122.09597,1
156.0,132.69762,1
230.0,210.66422,1
182.0,150.57283,1
111.0,96.4,1
37.0,15.155185,1
33.3,135.06587,1
36.7,30.89774,1
41.0,65.24897,1
160.0,106.9259,1
386.2,204.54478,1
311.7,104.30642,1
293.0,136.08366,1
143.0,85.11942,1
327.9,208.53069,1
306.4,101.01681,1
440.1,157.25102,1
111.2,40.68283,1
54.4,126.120735,1
332.5,206.03271,1
98.3,214.12627,1
156.0,122.06376,1
134.0,123.201485,1
131.7,86.18982,1
134.0,97.85375,1
331.7,235.48834,1
96.6,151.54713,1
140.0,109.32711,1
66.2,126.324066,1
337.8,389.1642,1
68.0,70.28638,1
151.0,129.91298,1
79.7,130.56676,1
372.0,233.32613,1
230.0,245.44743,1
332.5,200.42754,1
106.0,37.781353,1
51.0,17.282911,1
331.7,225.02701,1
160.0,131.90112,1
281.0,267.2491,1
121.5,81.93137,1
262.4,147.3453,1
182.0,121.481384,1
325.6,116.7103,1
331.7,139.86945,1
386.2,122.02642,1
48.3,68.2459,1
74.7,111.207985,1
307.1,140.3203,1
373.1,212.77531,1
101.0,108.69916,1
56.0,60.237724,1
141.0,123.81181,1
457.0,357.08798,1
131.7,122.33886,1
426.3,152.8743,1
314.8,67.48175,1
88.2,77.10435,1
91.6,66.365036,1
84.8,94.13746,1
148.8,190.19048,1
282.9,24.457655,1
79.7,149.76811,1
104.0,81.481224,1
182.9,67.8614,1
235.1,98.46496,1
331.0,100.46916,1
81.4,93.57888,1
33.3,99.46043,1
231.7,318.48828,1
88.2,88.42841,1
359.3,173.74036,1
38.3,181.98683,1
13.3,68.58689,1
245.0,208.70767,1
230.0,189.35217,1
156.0,137.73286,1
162.4,31.457747,1
143.0,128.86641,1
23.3,191.97894,1
37.0,57.008343,1
156.0,152.37065,1
156.0,111.412476,1
36.0,50.297215,1
41.7,112.26267,1
307.9,240.37813,1
94.9,73.90716,1
37.0,22.957895,1
156.0,104.69393,1
141.0,57.45502,1
156.0,115.82597,1
38.3,72.006905,1
162.0,152.84206,1
390.0,199.79546,1
230.0,185.70332,1
98.3,53.93498,1
334.8,225.72372,1
324.8,86.111336,1
54.4,92.36196,1
21.7,75.246216,1
345.5,152.37276,1
363.0,90.55262,1
32.0,20.916256,1
324.0,262.8193,1
51.0,58.726955,1
380.0,181.74532,1
133.0,138.2018,1
363.0,352.40622,1
141.0,161.55562,1
88.2,53.46064,1
289.8,108.72855,1
276.1,121.00793,1
329.4,205.3625,1
131.7,131.05013,1
344.0,187.86525,1
141.0,118.540276,1
156.0,147.14456,1
29.0,98.97024,1
104.4,138.0991,1
33.3,149.43657,1
335.5,131.79872,1
334.8,177.35712,1
114.0,78.69488,1
293.0,204.18889,1
161.0,85.549,1
105.0,89.5,1
124.0,120.16517,1
15.0,7.1167426,1
230.0,217.8142,1
51.0,150.13751,1
268.0,228.46526,1
171.0,139.8774,1
333.2,205.62698,1
324.8,174.28545,1
121.0,101.12897,1
360.1,178.92671,1
154.0,153.10878,1
321.0,152.13521,1
29.0,169.1746,1
73.0,46.312313,1
284.0,132.80501,1
119.0,68.48138,1
73.0,257.37302,1
103.0,154.67194,1
387.0,321.58005,1
37.0,63.53611,1
47.0,9.429327,1
29.0,128.93474,1
45.0,25.544073,1
142.0,109.21041,1
103.0,112.59208,1
141.0,113.735985,1
37.0,90.033264,1
383.1,58.295616,1
134.0,113.07661,1
245.0,298.14633,1
255.6,16.188805,1
140.0,129.55406,1
390.8,91.19628,1
111.0,102.55702,1
51.0,107.97028,1
358.6,102.90929,1
199.0,113.78467,1
450.0,287.4731,1
104.0,41.8886,1
447.8,197.25336,1
43.0,31.694159,1
331.0,190.21754,1
334.8,215.22443,1
362.4,180.07666,1
36.7,52.194115,1
151.0,123.832085,1
104.4,55.49648,1
342.4,204.78477,1
370.1,213.053,1
69.6,185.9564,1
47.0,21.479715,1
372.0,137.74745,1
317.9,138.567,1
15.0,20.249945,1
47.0,18.433096,1
46.7,100.35496,1
232.0,150.24928,1
97.0,57.070576,1
76.3,86.64364,1
335.5,148.89236,1
158.0,129.49484,1
154.0,143.5541,1
47.0,80.55245,1
148.8,198.75038,1
96.6,155.92207,1
449.0,218.45883,1
282.9,183.91173,1
333.2,211.54654,1
135.1,169.54143,1
223.0,107.58966,1
98.3,135.31464,1
272.7,167.38332,1
299.0,188.06181,1
124.0,116.188255,1
340.1,137.96736,1
154.0,133.7334,1
160.0,142.41127,1
230.0,248.99265,1
91.6,81.80164,1
284.0,149.97621,1
388.5,148.62885,1
111.0,62.046032,1
124.0,130.44725,1
111.2,80.382065,1
450.0,284.31146,1
189.8,107.849464,1
158.0,168.1746,1
449.0,251.71672,1
79.7,51.78699,1
167.0,122.49171,1
331.7,86.122475,1
334.0,131.12175,1
245.0,159.03857,1
311.0,156.68858,1
71.0,29.254808,1
91.0,118.84783,1
29.0,81.67327,1
29.0,115.983894,1
363.0,267.29126,1
279.5,141.49495,1
73.0,67.10584,1
265.9,160.49854,1
52.7,-44.895435,1
114.0,86.6818,1
91.6,97.70669,1
204.4,151.20586,1
59.4,46.009136,1
45.0,44.35139,1
98.3,65.07749,1
202.0,126.554726,1
26.7,14.5282135,1
154.0,104.956795,1
78.0,65.907646,1
38.3,152.59024,1
159.0,127.46136,1
163.0,110.58015,1
141.0,140.81776,1
223.0,106.9177,1
89.9,75.73996,1
111.0,118.26978,1
330.9,157.33755,1
162.4,74.39921,1
119.0,141.6324,1
330.9,181.13496,1
159.0,106.6411,1
293.0,235.76146,1
45.0,110.90899,1
56.0,50.573444,1
154.0,148.15868,1
32.0,19.073988,1
156.0,142.61868,1
71.0,43.48951,1
450.0,300.20712,1
121.0,103.912025,1
330.0,211.1115,1
111.2,114.58968,1
268.0,310.73706,1
104.0,104.38636,1
103.0,52.6393,1
152.0,128.1315,1
500.0,310.00223,1
411.0,190.72983,1
106.0,45.26611,1
119.0,99.121124,1
182.0,126.71851,1
262.4,93.72457,1
78.0,51.033283,1
325.6,163.84172,1
104.4,84.46876,1
158.0,112.655754,1
293.0,173.54468,1
281.0,211.70197,1
334.8,139.78697,1
386.2,202.35149,1
98.3,74.94712,1
62.8,34.691494,1
76.3,85.39851,1
49.0,94.78119,1
33.3,56.557034,1
383.1,135.73709,1
101.0,109.95334,1
84.8,136.6877,1
41.0,66.71516,1
138.0,142.29472,1
411.0,169.97705,1
138.0,108.86457,1
320.0,181.11671,1
121.0,54.586536,1
313.3,87.21185,1
101.0,113.87578,1
45.0,141.25362,1
370.1,311.7972,1
21.7,46.768215,1
206.0,118.117134,1
293.0,125.929504,1
103.0,83.16639,1
71.0,43.453854,1
289.8,208.1266,1
13.3,45.23698,1
317.1,177.45937,1
339.4,137.74449,1
281.0,271.14676,1
145.4,83.01136,1
45.0,52.081944,1
429.4,136.8485,1
23.3,158.90579,1
88.2,40.98524,1
162.0,92.51919,1
36.0,27.471535,1
332.5,145.27151,1
158.0,105.7875,1
363.0,304.05453,1
141.0,124.3077,1
268.0,167.46288,1
48.0,65.0243,1
330.0,176.52612,1
299.0,136.8101,1
372.0,246.69078,1
363.0,213.15303,1
89.9,-27.246786,1
230.0,240.9254,1
23.3,7.8351984,1
303.3,123.24959,1
343.2,252.68864,1
199.0,186.63304,1
163.0,106.50666,1
383.1,264.74686,1
130.0,133.14244,1
281.0,93.86657,1
63.0,109.82116,1
309.4,60.27016,1
336.3,136.24483,1
281.0,192.13963,1
223.0,155.91963,1
96.6,86.89294,1
111.0,72.552925,1
325.6,99.28344,1
43.0,64.80492,1
331.0,126.521545,1
379.3,207.11198,1
121.0,137.86807,1
51.0,108.00267,1
71.0,46.325302,1
334.8,131.48282,1
260.0,149.89528,1
131.7,62.512875,1
341.7,116.067665,1
373.1,237.39099,1
97.0,3.58027,1
48.0,-14.919506,1
162.0,112.747475,1
334.8,126.73147,1
182.0,118.22976,1
329.4,259.41995,1
118.1,86.01252,1
128.3,41.577274,1
43.0,44.5556,1
330.0,230.31166,1
154.0,91.60758,1
305.6,156.27452,1
160.0,123.16979,1
48.0,16.623672,1
94.9,72.03783,1
370.1,238.56844,1
25.0,45.677532,1
363.0,120.618774,1
91.0,157.04216,1
338.6,182.13431,1
15.0,15.239242,1
335.5,165.30931,1
104.0,118.893425,1
223.0,148.37065,1
357.0,155.20915,1
327.1,132.17377,1
121.0,126.15931,1
363.0,188.72542,1
163.0,142.73686,1
101.0,165.75253,1
279.5,99.243576,1
160.0,127.31038,1
121.5,37.259216,1
324.0,157.97801,1
279.5,199.46053,1
158.0,133.83128,1
255.6,134.08861,1
62.8,83.328064,1
70.0,54.50115,1
104.0,97.48504,1
121.5,95.19808,1
37.0,30.454044,1
104.0,126.556114,1
141.0,109.107475,1
154.0,165.6293,1
71.0,50.076546,1
206.0,90.7437,1
76.3,66.72953,1
230.0,150.27513,1
158.0,127.65625,1
314.8,138.88234,1
223.0,139.312,1
324.0,286.29584,1
268.0,201.88113,1
223.0,104.46372,1
134.0,157.10638,1
63.0,96.48129,1
48.3,126.932014,1
362.4,141.77946,1
104.0,137.33495,1
309.4,95.305016,1
53.0,9.154876,1
64.5,101.32986,1
45.0,86.53317,1
357.8,128.1372,1
86.5,94.57242,1
111.0,80.4759,1
327.9,274.22635,1
66.2,132.14568,1
363.0,442.55234,1
248.8,92.58066,1
328.6,174.71846,1
26.7,209.25871,1
245.4,145.75346,1
334.8,205.42143,1
230.0,152.09639,1
97.0,81.0207,1
124.0,109.16187,1
43.0,52.562572,1
63.0,135.6928,1
156.0,148.54411,1
121.0,94.03388,1
449.0,294.93954,1
281.0,243.63661,1
302.5,97.43218,1
107.8,133.65456,1
48.3,75.70322,1
293.0,335.32642,1
319.4,235.68604,1
107.0,127.023285,1
307.1,69.5621,1
47.0,36.77888,1
359.3,128.0234,1
105.0,70.62783,1
223.0,116.55326,1
386.2,266.3648,1
450.0,309.16708,1
500.0,188.96558,1
386.2,238.22661,1
334.8,124.02794,1
36.0,56.747402,1
386.2,226.54715,1
330.0,148.38972,1
160.0,112.80934,1
304.8,113.26061,1
330.0,151.99739,1
97.0,22.036467,1
36.7,53.924168,1
28.3,71.6191,1
71.0,21.64557,1
160.0,118.977135,1
301.8,146.68854,1
259.0,168.52791,1
53.0,23.51657,1
163.0,137.53273,1
91.0,112.79946,1
61.1,80.47423,1
118.1,11.336167,1
111.2,139.08665,1
293.0,208.70985,1
29.0,69.29977,1
66.2,66.436386,1
37.0,33.810608,1
235.1,113.30376,1
314.8,100.4405,1
451.7,305.8781,1
343.2,160.29457,1
67.9,78.719864,1
360.9,121.759254,1
156.0,137.88747,1
20.0,25.625202,1
245.0,233.6365,1
47.0,84.9967,1
242.0,57.90872,1
73.0,87.88315,1
48.0,54.82395,1
158.0,115.54464,1
307.1,174.7696,1
91.0,113.77732,1
68.0,68.948746,1
91.0,108.949165,1
324.8,183.03712,1
289.8,131.04924,1
337.1,243.54817,1
333.2,163.05571,1
133.0,190.53104,1
141.0,123.521034,1
37.0,52.906506,1
307.1,94.89054,1
160.0,129.47246,1
43.0,-9.744435,1
230.0,156.20921,1
15.0,40.822517,1
265.9,107.38994,1
235.1,85.584465,1
160.0,148.20848,1
29.0,13.585952,1
38.3,87.62437,1
344.0,254.80092,1
91.0,109.92015,1
103.0,89.36561,1
51.0,52.281235,1
230.0,174.25049,1
51.0,58.88797,1
289.8,133.24953,1
279.5,105.63571,1
223.0,110.2019,1
230.0,196.36086,1
230.0,157.34904,1
449.0,181.82426,1
441.7,230.17934,1
182.0,140.17313,1
182.0,147.05579,1
29.0,16.409998,1
71.0,59.848156,1
111.0,125.62362,1
100.0,156.79915,1
36.0,22.37678,1
111.2,134.37144,1
43.0,21.49156,1
29.0,29.738317,1
114.0,118.80883,1
230.0,227.22833,1
74.7,128.94221,1
37.0,40.06558,1
429.4,240.30537,1
223.0,153.37614,1
162.0,138.90474,1
363.0,53.998394,1
73.0,61.13576,1
56.0,68.03356,1
21.7,110.21776,1
154.0,112.04692,1
119.0,117.71256,1
104.4,68.613106,1
18.3,104.71555,1
158.0,145.89532,1
56.1,40.44321,1
441.7,169.05992,1
103.0,84.58338,1
360.9,177.98021,1
163.0,131.16881,1
35.0,32.859303,1
182.0,119.85077,1
242.0,76.924255,1
154.0,160.963,1
242.0,116.38344,1
103.0,107.29669,1
128.0,125.60296,1
48.0,-10.292411,1
43.0,-20.698633,1
48.0,35.566578,1
449.0,213.24992,1
307.9,89.798836,1
223.0,175.87663,1
165.9,278.1779,1
449.0,109.50286,1
372.0,295.2689,1
206.0,126.07536,1
57.8,76.60071,1
320.0,123.28847,1
440.1,192.75482,1
92.0,36.463516,1
91.0,79.664,1
160.0,114.66224,1
50.0,108.40241,1
160.0,91.13775,1
141.0,114.12136,1
335.5,174.40834,1
319.4,188.7456,1
107.0,116.60058,1
32.0,59.736576,1
279.5,200.82954,1
245.4,123.97747,1
337.8,314.2204,1
30.0,143.00229,1
316.3,157.77835,1
154.0,106.167885,1
141.0,161.88927,1
206.0,110.43098,1
334.8,268.30893,1
402.5,154.5309,1
390.0,152.4716,1
51.0,1.8511124,1
328.6,102.4629,1
314.8,63.206127,1
73.0,8.342603,1
214.7,91.18037,1
161.0,56.405186,1
300.0,99.46455,1
26.7,26.215189,1
500.0,141.68602,1
101.0,99.79546,1
332.5,210.88951,1
281.0,111.336464,1
245.0,177.13072,1
327.9,86.09756,1
128.0,124.25033,1
156.0,190.94524,1
370.1,133.02913,1
404.1,272.2199,1
197.0,112.62302,1
152.2,163.91858,1
94.9,86.520386,1
81.4,105.79933,1
161.0,139.5544,1
300.0,140.44168,1
56.0,41.395252,1
202.0,145.74455,1
94.9,151.59088,1
223.0,186.10538,1
499.2,171.7708,1
141.0,132.09921,1
141.0,66.2615,1
450.0,266.64557,1
84.8,94.68796,1
64.5,50.907593,1
66.2,54.31875,1
230.0,171.10774,1
111.0,80.74619,1
223.0,182.22789,1
311.7,57.29513,1
143.0,133.98073,1
128.3,63.88657,1
91.6,189.83687,1
303.3,70.367195,1
337.8,61.448788,1
202.0,163.02252,1
331.0,173.77391,1
156.0,101.274635,1
410.2,108.21038,1
91.0,144.83482,1
56.0,22.873755,1
281.0,301.74677,1
62.8,226.36656,1
284.0,135.91574,1
121.0,120.67397,1
160.0,121.829216,1
43.3,49.885914,1
163.0,141.42546,1
100.0,51.192196,1
40.0,75.01658,1
62.8,79.633934,1
56.1,86.795494,1
124.0,100.92043,1
305.6,130.9933,1
303.3,140.99852,1
37.0,24.803064,1
207.8,99.190125,1
500.0,78.49267,1
15.0,44.906517,1
73.0,33.42532,1
169.3,118.56544,1
340.1,157.6603,1
329.4,152.96034,1
148.8,145.20724,1
138.6,135.67479,1
141.0,120.86637,1
160.0,117.75556,1
268.0,186.95383,1
68.0,43.07435,1
158.0,127.307335,1
141.0,130.22247,1
340.9,167.21217,1
92.0,41.409527,1
383.1,111.72088,1
329.4,234.49141,1
40.0,40.511654,1
91.0,104.42544,1
335.5,156.64452,1
11.7,89.78527,1
330.2,99.04221,1
199.0,203.46681,1
36.0,46.484375,1
41.7,59.727783,1
111.2,45.430386,1
28.3,15.421322,1
500.0,203.33879,1
70.0,35.6789,1
281.0,121.86639,1
230.0,156.0167,1
388.5,98.021774,1
71.0,54.852226,1
141.0,135.7293,1
162.0,123.6052,1
360.9,160.2332,1
309.4,132.52559,1
138.0,68.394646,1
380.0,190.3461,1
272.7,118.78213,1
68.0,59.634266,1
387.0,204.80843,1
334.8,214.27025,1
319.4,225.06508,1
230.0,181.43547,1
100.0,61.106453,1
370.1,54.955105,1
317.9,114.23092,1
133.0,141.47212,1
114.0,87.79312,1
230.0,166.97742,1
293.0,147.71072,1
56.0,27.660797,1
238.6,267.26712,1
49.0,61.936104,1
197.0,119.4658,1
76.3,211.21135,1
29.0,90.67733,1
300.0,201.852,1
36.0,18.458708,1
331.7,220.07191,1
104.4,209.64796,1
47.0,31.225214,1
35.0,36.972248,1
25.0,84.002266,1
103.0,91.89892,1
230.0,206.3528,1
36.0,59.80972,1
94.9,152.70648,1
141.0,129.11768,1
73.0,32.007435,1
163.0,107.27748,1
158.0,127.72175,1
156.0,147.61925,1
156.0,161.21268,1
331.0,173.07841,1
68.0,42.79034,1
306.4,178.68732,1
64.5,116.22386,1
337.1,162.5399,1
8.3,20.899458,1
97.0,70.54362,1
133.0,111.25215,1
223.0,134.63385,1
370.1,260.49582,1
141.0,139.97057,1
18.3,46.079777,1
327.1,201.57103,1
359.3,181.33702,1
200.0,173.48141,1
158.0,114.15302,1
43.3,116.02567,1
141.0,152.05074,1
259.0,126.57494,1
179.0,182.35745,1
38.3,80.31304,1
91.0,102.134636,1
182.0,132.8076,1
450.0,236.01692,1
141.0,110.5879,1
160.0,133.23952,1
235.1,221.66682,1
179.0,134.05986,1
134.0,158.77866,1
214.7,242.5869,1
337.8,303.9031,1
15.0,28.106642,1
156.0,158.54797,1
341.7,108.825485,1
96.6,74.29395,1
37.0,21.583279,1
167.0,132.91588,1
111.2,94.66267,1
402.5,102.39084,1
141.0,43.67173,1
45.0,34.792545,1
103.0,102.90026,1
300.0,157.03502,1
343.2,239.619,1
293.0,168.0426,1
404.1,144.12181,1
52.7,258.1072,1
104.4,113.117134,1
101.0,112.08541,1
230.0,148.3683,1
156.0,111.00945,1
179.0,112.83153,1
268.0,278.5416,1
311.0,152.12502,1
235.1,94.114876,1
32.0,34.022205,1
124.0,124.23834,1
331.0,115.253456,1
84.8,86.63673,1
94.9,128.23088,1
255.6,108.639114,1
47.0,24.21453,1
67.9,127.334946,1
124.9,63.90295,1
333.2,-185.55699,1
500.0,301.79047,1
314.8,142.92136,1
303.3,58.868156,1
156.0,136.00822,1
284.0,139.15533,1
356.3,87.26953,1
68.0,74.53854,1
156.0,187.11388,1
93.2,65.32755,1
50.0,115.218666,1
56.0,40.64516,1
316.3,161.31804,1
156.0,114.81881,1
73.0,114.64445,1
143.0,126.049965,1
306.4,148.96577,1
302.5,73.406204,1
78.0,114.82208,1
94.9,91.2335,1
43.0,110.8406,1
91.0,84.19865,1
182.0,144.37257,1
324.8,117.786766,1
284.0,114.91768,1
276.1,146.61284,1
303.3,85.729,1
103.0,75.40778,1
429.4,121.99504,1
331.0,170.13844,1
286.3,139.86969,1
63.0,83.324196,1
16.7,107.74384,1
450.0,255.93481,1
279.5,152.08783,1
141.0,131.1808,1
363.0,400.79553,1
48.3,46.427914,1
324.8,145.01929,1
11.7,64.9999,1
268.0,273.0671,1
360.1,317.57474,1
141.0,119.936195,1
103.0,82.98904,1
100.0,60.19946,1
29.0,81.441765,1
296.6,147.3965,1
152.0,111.60755,1
160.0,105.57475,1
111.0,109.45358,1
140.0,143.83183,1
383.1,103.375786,1
301.0,108.24728,1
363.0,422.79404,1
252.2,104.64932,1
106.0,56.7729,1
56.1,127.5934,1
262.4,111.13747,1
161.0,139.28087,1
158.0,145.12372,1
357.0,139.00288,1
105.0,102.02828,1
179.0,206.8101,1
331.7,249.513,1
114.0,87.79017,1
182.0,127.15906,1
124.0,120.283424,1
103.0,86.80111,1
300.0,175.07211,1
343.2,185.7759,1
23.3,50.107624,1
96.6,60.24775,1
63.0,112.221794,1
158.0,127.71638,1
141.0,127.300964,1
335.5,147.79915,1
230.0,187.38586,1
386.2,183.28267,1
158.0,123.17561,1
163.0,143.6682,1
311.7,167.5318,1
329.4,151.93109,1
46.7,27.552546,1
101.0,102.49217,1
172.7,83.96742,1
30.0,17.852068,1
68.0,33.275986,1
230.0,137.78941,1
404.1,207.23238,1
293.0,204.66405,1
23.3,88.91054,1
103.0,98.690865,1
230.0,174.39906,1
417.1,293.90768,1
163.0,125.96912,1
28.3,39.564747,1
128.3,104.83941,1
145.0,149.47716,1
331.0,117.40888,1
73.0,93.48771,1
141.0,145.17326,1
330.0,222.50768,1
106.0,19.172762,1
276.1,147.63893,1
47.0,41.48229,1
36.0,40.447495,1
230.0,168.17676,1
331.0,26.84915,1
320.0,182.94633,1
306.4,92.10085,1
328.6,165.1993,1
162.0,133.30055,1
330.0,196.56984,1
301.0,89.156334,1
121.0,109.95532,1
330.0,295.48288,1
36.7,126.945885,1
68.0,57.736385,1
48.0,12.368344,1
325.6,184.9291,1
134.0,109.789635,1
334.0,218.83539,1
317.9,138.82628,1
91.0,126.59817,1
88.2,-10.029487,1
49.0,97.00257,1
79.7,47.28455,1
48.0,75.79214,1
380.8,370.37125,1
159.0,132.93097,1
41.0,67.95495,1
163.0,112.02262,1
449.0,65.521,1
91.0,99.93563,1
334.8,215.11852,1
88.2,22.72382,1
336.3,239.82878,1
25.0,169.82176,1
372.0,252.36288,1
162.0,104.238144,1
107.8,82.70019,1
360.1,256.83527,1
156.0,142.45284,1
103.0,111.740036,1
223.0,109.30958,1
289.8,88.40822,1
138.0,109.71859,1
358.6,287.33688,1
103.0,64.00961,1
272.7,165.55133,1
357.0,127.11857,1
330.2,147.22911,1
37.0,66.89766,1
330.2,145.18379,1
245.0,246.41046,1
41.7,88.6545,1
245.0,185.72104,1
382.3,318.8467,1
331.7,123.77205,1
331.0,95.44114,1
100.0,206.04419,1
284.0,144.38235,1
324.0,206.37521,1
103.0,114.80013,1
334.8,160.18211,1
51.0,26.858099,1
329.4,248.50824,1
96.6,52.954605,1
131.7,71.03731,1
327.9,301.62204,1
89.9,66.78377,1
104.4,123.45073,1
500.0,136.67433,1
334.8,111.33493,1
84.8,125.0268,1
193.2,16.17724,1
336.3,157.55724,1
145.4,25.20509,1
36.7,65.79115,1
199.0,203.35081,1
86.5,151.92543,1
265.9,63.577053,1
281.0,148.15599,1
337.8,291.01553,1
52.7,113.0913,1
159.0,144.72566,1
328.6,193.7878,1
372.0,225.03151,1
238.6,113.48827,1
48.3,77.548134,1
179.0,131.62764,1
309.4,134.55269,1
119.0,74.27427,1
206.0,137.17291,1
449.0,165.13853,1
96.6,120.986046,1
344.0,100.20969,1
342.4,143.49797,1
449.0,209.48058,1
36.0,17.730587,1
49.0,54.972103,1
334.0,147.34161,1
328.6,194.6052,1
324.8,176.06601,1
145.0,149.59492,1
457.8,425.64706,1
154.0,132.89708,1
48.0,-1.904115,1
111.0,107.98013,1
333.2,266.41055,1
73.0,102.784996,1
230.0,212.01134,1
162.0,142.72899,1
45.0,64.35324,1
326.3,79.72857,1
53.0,42.740612,1
329.4,167.65407,1
43.0,22.374971,1
426.3,193.39099,1
182.0,177.12883,1
293.0,194.93855,1
154.0,138.39494,1
341.7,157.18645,1
133.0,214.47314,1
281.0,338.08713,1
218.1,122.39564,1
121.0,112.94024,1
50.0,54.790737,1
496.2,197.53435,1
306.4,117.83888,1
29.0,95.55942,1
133.0,86.02604,1
103.0,121.709404,1
43.0,14.609531,1
156.0,143.4248,1
66.2,85.47228,1
326.3,185.59184,1
334.8,257.69397,1
154.0,116.57249,1
284.0,126.261284,1
30.0,156.41283,1
167.0,116.826744,1
159.0,102.54306,1
230.0,226.47916,1
155.6,143.2966,1
101.0,135.24501,1
321.0,102.29533,1
343.2,128.4745,1
46.7,43.778458,1
56.1,96.05091,1
279.5,136.3447,1
334.8,80.59099,1
119.0,66.7127,1
48.0,27.409533,1
230.0,161.50755,1
81.4,137.15392,1
41.0,48.15336,1
333.2,283.62827,1
51.0,118.52814,1
284.0,119.60558,1
163.0,124.65356,1
343.2,253.91833,1
47.0,23.075739,1
141.0,100.54088,1
134.0,99.100914,1
104.0,7.5508685,1
230.0,189.89308,1
148.8,91.93087,1
13.3,237.17831,1
384.7,325.6588,1
45.0,126.94619,1
245.4,119.000175,1
358.6,152.04872,1
37.0,22.487576,1
281.0,199.43439,1
351.7,166.28471,1
447.8,260.53397,1
141.0,69.312294,1
141.0,183.90303,1
63.0,92.3267,1
36.0,51.392326,1
135.1,6.8717465,1
230.0,188.22697,1
91.0,132.0559,1
158.0,133.7227,1
103.0,101.52264,1
84.8,36.891956,1
314.8,80.51728,1
140.0,149.44302,1
15.0,25.876331,1
301.8,86.764336,1
159.0,144.69685,1
331.0,125.49931,1
26.7,151.12529,1
333.2,174.28935,1
293.0,167.03435,1
363.0,346.42386,1
114.7,95.95549,1
43.3,77.90237,1
67.9,10.542125,1
281.0,333.9537,1
158.0,115.91881,1
101.0,103.2677,1
380.8,187.65038,1
372.0,254.41443,1
162.4,112.09965,1
96.6,26.022013,1
449.0,219.57147,1
245.0,211.09657,1
299.0,140.97354,1
245.0,180.04602,1
281.0,232.16866,1
41.0,53.774487,1
156.0,109.715935,1
199.0,154.10396,1
500.0,21.282,1
237.0,84.58737,1
141.0,150.65056,1
158.0,151.9712,1
342.4,147.24352,1
101.0,181.76308,1
301.0,145.4311,1
268.0,201.5255,1
337.1,178.24243,1
97.0,85.34405,1
71.0,54.46162,1
245.0,145.66252,1
91.6,47.687195,1
119.0,105.75534,1
62.8,53.855373,1
230.0,178.62239,1
93.2,58.956905,1
73.0,59.784462,1
56.0,70.25318,1
252.2,231.32701,1
230.0,179.95183,1
154.0,136.75177,1
314.8,105.92593,1
230.0,179.22185,1
342.4,140.71916,1
154.0,143.01762,1
206.0,118.97145,1
83.1,82.335,1
51.0,2.0746262,1
121.0,84.33411,1
54.4,146.31313,1
83.1,64.394684,1
160.0,109.57456,1
201.0,182.99193,1
330.0,182.38536,1
91.0,122.475685,1
330.2,108.54981,1
156.0,126.562225,1
91.0,129.15486,1
331.0,171.4814,1
199.0,193.45691,1
363.0,285.55048,1
103.0,96.85293,1
282.9,178.49925,1
43.0,24.17304,1
104.0,107.29431,1
18.3,65.08109,1
47.0,20.080236,1
293.0,208.54195,1
303.3,94.087395,1
43.0,-3.444133,1
107.8,98.64099,1
320.0,181.20764,1
43.0,98.75679,1
293.0,193.49426,1
27.0,81.13842,1
141.0,139.88359,1
199.0,212.40677,1
230.0,218.32097,1
330.0,161.30415,1
500.0,111.73496,1
73.0,58.74232,1
327.9,198.14383,1
26.7,15.273873,1
91.0,145.76367,1
311.0,164.50133,1
320.2,90.2903,1
73.0,72.617165,1
343.2,246.53954,1
119.0,97.269356,1
429.4,65.54644,1
51.0,33.390564,1
128.3,78.8045,1
328.6,161.16629,1
214.7,143.96404,1
328.6,236.58739,1
160.0,127.7262,1
156.0,160.49153,1
343.2,310.45242,1
121.0,73.25297,1
156.0,187.74152,1
363.2,204.42998,1
21.7,87.372765,1
238.6,304.1781,1
37.0,29.440207,1
293.0,191.10176,1
317.9,76.12889,1
84.8,111.38412,1
281.0,142.86829,1
309.4,134.00096,1
131.7,23.9924,1
356.3,207.8628,1
124.0,147.49678,1
142.0,68.15698,1
328.6,303.77042,1
245.0,225.50325,1
326.3,128.53822,1
104.0,96.84471,1
334.8,197.76328,1
311.0,237.06764,1
331.0,167.43279,1
102.0,104.87876,1
343.2,119.74114,1
111.0,81.8236,1
189.8,299.31482,1
156.0,171.59084,1
202.0,139.24199,1
54.4,53.017002,1
43.3,75.49209,1
450.0,234.23705,1
160.0,126.32218,1
154.0,143.71156,1
158.0,103.16774,1
158.0,100.52719,1
161.0,134.86668,1
121.5,174.24773,1
92.0,51.164055,1
89.9,56.60593,1
223.0,178.90657,1
296.6,128.46797,1
272.7,142.46953,1
306.4,138.26604,1
41.0,55.62644,1
104.4,208.96489,1
141.0,148.4724,1
154.0,114.75962,1
279.5,57.451977,1
487.7,146.0273,1
337.8,227.29703,1
158.0,130.87987,1
89.9,63.544594,1
376.2,104.13142,1
242.0,245.94862,1
128.3,148.22136,1
179.0,106.09265,1
141.0,166.82365,1
48.0,3.0925832,1
21.7,57.95856,1
324.8,179.90114,1
89.9,26.064596,1
281.0,118.70153,1
337.8,110.300865,1
377.0,229.63676,1
91.6,134.02507,1
40.0,79.764885,1
97.0,31.225958,1
86.5,8.285855,1
141.0,125.8107,1
97.0,63.515743,1
74.7,122.58097,1
296.6,192.52019,1
197.0,87.86095,1
281.0,318.2893,1
84.8,72.24996,1
293.0,243.74478,1
330.2,74.34895,1
245.0,248.79482,1
73.0,47.600708,1
449.0,112.87328,1
341.7,193.62212,1
68.0,22.78905,1
325.6,186.94939,1
230.0,254.2383,1
238.6,288.05765,1
43.3,202.03325,1
128.3,100.73703,1
449.0,171.58783,1
131.7,96.09371,1
91.0,92.04098,1
61.1,186.48244,1
223.0,196.71162,1
15.0,4.7710876,1
363.0,263.34567,1
107.8,81.427505,1
351.7,130.66707,1
148.8,210.90437,1
343.2,289.60107,1
111.0,75.75881,1
45.0,44.61964,1
362.4,267.0349,1
230.0,181.29701,1
103.0,112.64478,1
265.9,189.47493,1
36.0,52.222004,1
199.0,212.8319,1
363.0,141.88315,1
341.7,102.167915,1
154.0,127.573944,1
358.6,217.20728,1
245.0,226.46184,1
343.2,166.163,1
357.8,175.67812,1
335.5,245.57767,1
325.6,39.634815,1
268.0,237.486,1
156.0,135.29408,1
304.8,247.95668,1
92.0,45.517376,1
141.0,136.30545,1
91.6,82.58936,1
47.0,28.881361,1
57.8,79.30377,1
281.0,282.11588,1
343.2,211.23412,1
320.0,101.937065,1
370.1,179.67203,1
31.7,105.24387,1
158.0,150.59618,1
245.0,175.55486,1
245.0,259.44724,1
340.1,204.97026,1
62.8,189.6436,1
500.0,171.91869,1
84.8,36.501892,1
235.1,132.24211,1
342.4,106.279854,1
101.0,170.4869,1
449.0,153.37297,1
43.3,91.630684,1
11.7,162.29826,1
382.3,316.5936,1
450.0,253.56654,1
429.4,256.95667,1
141.0,151.32367,1
141.0,91.05413,1
94.9,100.94466,1
276.1,147.0877,1
37.0,133.2702,1
325.6,102.01056,1
86.5,109.04598,1
106.0,46.946247,1
156.0,126.095695,1
84.8,18.326164,1
141.0,134.97238,1
41.0,32.280132,1
41.0,65.70513,1
330.9,121.27244,1
51.0,21.133818,1
114.0,81.381,1
154.0,133.62602,1
199.0,95.88144,1
317.9,185.3749,1
156.0,138.17181,1
154.0,162.34245,1
103.0,111.76899,1
151.0,123.19208,1
43.0,82.71497,1
37.0,23.307072,1
160.0,120.98116,1
154.0,139.3662,1
106.0,73.8236,1
106.0,31.04442,1
330.9,113.382835,1
309.4,96.97981,1
293.0,231.3722,1
119.0,54.93463,1
206.0,137.3813,1
230.0,227.13615,1
363.0,251.765,1
71.0,50.103687,1
145.4,51.225037,1
103.0,97.421036,1
76.3,16.018465,1
154.0,164.0712,1
303.3,137.76793,1
230.0,208.90817,1
331.0,85.73033,1
449.0,131.21156,1
134.0,97.01549,1
230.0,184.88112,1
284.0,126.40898,1
36.0,70.10069,1
33.3,42.9592,1
84.8,93.44662,1
103.0,107.09376,1
199.0,85.0224,1
145.0,120.71003,1
107.8,73.04746,1
162.4,165.9784,1
362.4,212.56154,1
50.0,136.70412,1
245.0,191.91223,1
152.0,85.15297,1
218.1,178.8193,1
311.7,91.93282,1
487.7,102.220215,1
37.0,49.83748,1
242.0,108.26548,1
48.0,53.530346,1
68.0,39.165955,1
363.0,106.54009,1
38.3,65.66528,1
100.0,60.05978,1
101.0,83.42137,1
37.0,14.217466,1
341.7,167.96799,1
344.0,72.971245,1
36.0,88.08901,1
136.0,101.23412,1
328.6,177.87102,1
324.0,175.07185,1
293.0,162.83153,1
161.0,83.904335,1
245.4,101.963356,1
15.0,23.881231,1
238.6,123.28506,1
68.0,33.514454,1
133.0,117.933304,1
98.3,134.86171,1
449.0,260.52222,1
28.3,116.22764,1
293.0,280.9625,1
238.6,194.82648,1
141.0,91.231606,1
47.0,25.488615,1
101.0,110.18807,1
282.9,88.92487,1
29.0,125.03365,1
317.9,248.4555,1
124.0,127.10524,1
363.0,299.2659,1
71.0,44.69086,1
162.0,125.999016,1
252.2,126.306656,1
386.2,324.41068,1
337.8,283.6082,1
179.0,101.021675,1
141.0,120.97326,1
51.0,8.134753,1
43.0,7.826508,1
334.8,166.6743,1
324.8,131.07918,1
86.5,132.42668,1
30.0,46.78186,1
167.0,115.49876,1
172.7,-7.8397384,1
306.4,96.722374,1
238.6,178.67264,1
156.0,138.75023,1
335.5,244.13441,1
281.0,93.86705,1
319.4,194.5855,1
47.0,-0.9114397,1
32.0,25.467545,1
324.0,203.93059,1
363.0,137.57617,1
51.0,38.646084,1
50.0,131.66795,1
330.2,106.39085,1
230.0,205.08362,1
37.0,43.316402,1
331.0,134.3453,1
156.0,152.37624,1
124.0,105.22939,1
230.0,174.15405,1
133.0,110.9694,1
114.7,86.89294,1
293.0,225.36394,1
276.1,105.79371,1
20.0,88.24376,1
36.0,11.404377,1
315.6,144.65617,1
331.0,156.5735,1
68.0,107.59234,1
235.1,120.5494,1
74.7,82.500374,1
37.0,17.443926,1
35.0,152.652,1
343.2,215.02025,1
134.0,109.38427,1
255.6,121.37188,1
101.0,78.00189,1
141.0,139.90202,1
262.4,105.39151,1
154.0,163.18277,1
86.5,173.89482,1
245.4,192.34486,1
156.0,131.16685,1
154.0,108.074295,1
281.0,123.018745,1
141.0,107.86589,1
163.0,122.228004,1
357.0,67.44758,1
301.8,222.9713,1
206.0,153.37773,1
49.0,51.78628,1
230.0,190.74336,1
363.0,357.9236,1
299.0,108.53915,1
281.0,189.45808,1
154.0,129.49712,1
136.0,57.583782,1
107.8,157.42706,1
141.0,113.40538,1
141.0,131.79257,1
103.0,95.252945,1
370.1,225.71623,1
106.0,71.22844,1
71.3,73.44912,1
334.8,71.18781,1
162.0,134.97194,1
96.6,-11.145202,1
128.0,65.43032,1
50.0,106.29555,1
163.0,107.18373,1
302.5,214.69055,1
101.0,139.31133,1
268.0,242.64398,1
337.1,145.02522,1
382.3,368.27875,1
500.0,121.0306,1
63.0,63.2673,1
29.0,57.668915,1
151.0,119.3088,1
41.7,85.64685,1
104.0,55.65541,1
69.6,116.20115,1
136.0,84.19846,1
496.2,122.98956,1
121.0,119.142715,1
411.0,165.99272,1
145.4,146.77489,1
331.0,119.83512,1
104.0,54.3271,1
154.0,155.80534,1
91.6,249.39484,1
106.0,33.11294,1
121.0,109.541405,1
52.7,70.70527,1
214.7,157.87233,1
500.0,142.71272,1
328.6,203.18436,1
223.0,113.2671,1
242.0,158.41176,1
43.0,2.8883388,1
97.0,65.48646,1
159.0,228.37582,1
328.6,196.10887,1
47.0,30.463465,1
199.0,199.72144,1
121.0,108.65145,1
106.0,36.41863,1
380.0,211.59494,1
372.0,225.81209,1
141.0,134.32857,1
372.0,227.60713,1
293.0,162.56544,1
156.0,166.75389,1
134.0,61.961205,1
320.0,172.50871,1
29.0,85.301834,1
331.0,102.40016,1
324.8,130.01854,1
330.0,173.9472,1
320.0,180.03337,1
131.7,107.547966,1
372.0,256.17258,1
386.2,313.21643,1
245.0,122.99476,1
121.5,140.6962,1
36.0,40.07051,1
158.0,133.89944,1
40.0,171.20966,1
91.0,106.46854,1
47.0,24.69435,1
356.3,141.20877,1
358.6,206.8853,1
94.9,109.84237,1
330.2,105.56039,1
268.0,259.5898,1
245.4,101.88698,1
328.6,184.21979,1
111.2,127.72372,1
154.0,156.07773,1
89.9,35.918503,1
162.0,139.0842,1
23.3,104.04018,1
305.6,110.90627,1
84.8,172.03096,1
500.0,200.39693,1
48.3,166.69197,1
449.0,248.71425,1
230.0,156.53893,1
141.0,161.6753,1
334.8,246.31885,1
43.0,108.334915,1
301.0,73.098564,1
84.8,53.93734,1
363.0,238.26222,1
69.6,40.948498,1
245.0,313.04596,1
63.0,104.86639,1
320.0,183.56766,1
279.5,87.735725,1
182.0,123.8249,1
330.2,83.2864,1
63.0,82.31025,1
156.0,132.5002,1
47.0,33.687794,1
93.2,22.094084,1
328.6,168.56387,1
124.9,147.82402,1
107.8,122.78866,1
362.4,108.04846,1
156.0,131.67235,1
268.0,213.5381,1
158.0,186.36713,1
145.0,150.43706,1
30.0,57.788044,1
235.1,143.07784,1
328.6,121.05357,1
131.7,153.36708,1
163.0,125.10865,1
340.1,85.826836,1
160.0,138.04225,1
441.7,241.15761,1
86.5,30.859697,1
52.7,8.751431,1
50.0,25.71021,1
102.0,58.132435,1
255.6,202.0746,1
276.1,205.44783,1
54.4,195.70534,1
36.0,1.3812625,1
158.0,205.07585,1
96.6,156.80275,1
15.0,11.044931,1
45.0,64.08674,1
154.0,112.23295,1
193.2,122.0811,1
338.6,163.08305,1
68.0,34.109352,1
300.0,170.89066,1
450.0,342.41544,1
128.3,140.66612,1
30.0,34.34361,1
342.4,232.89116,1
121.5,134.4966,1
46.7,144.60713,1
223.0,115.30599,1
68.0,52.447636,1
441.7,172.41528,1
47.0,16.86364,1
293.0,260.522,1
57.8,74.90707,1
299.0,125.629906,1
268.0,186.94984,1
141.0,76.34783,1
91.6,68.808754,1
336.3,170.13531,1
51.0,41.687664,1
341.7,116.05756,1
68.0,21.039825,1
165.9,135.08685,1
104.0,93.05833,1
160.0,106.46191,1
245.4,180.92062,1
133.0,101.40876,1
293.0,200.8647,1
104.0,81.072044,1
314.8,103.34257,1
119.0,145.7223,1
265.9,110.30657,1
318.7,374.39157,1
73.0,108.20761,1
36.0,25.717165,1
159.0,141.99329,1
143.0,141.19435,1
145.0,131.81535,1
372.0,215.2776,1
281.0,193.1285,1
141.0,107.84634,1
457.8,256.6335,1
276.1,125.92777,1
300.0,173.01906,1
356.3,196.49702,1
145.4,72.329994,1
252.2,61.241093,1
88.2,81.108376,1
156.0,118.09257,1
370.1,201.41756,1
88.2,182.77303,1
363.9,322.199,1
330.2,194.84451,1
101.0,130.4709,1
324.0,109.34533,1
162.0,131.45941,1
281.0,236.16417,1
158.0,119.6696,1
206.0,104.64786,1
330.0,225.40791,1
340.1,181.2512,1
268.0,213.0041,1
31.7,11.07743,1
386.2,195.71774,1
332.5,156.30803,1
304.8,80.738884,1
74.7,60.77673,1
67.9,177.102,1
156.0,106.99255,1
370.1,226.26558,1
321.0,101.46528,1
500.0,215.55391,1
15.0,20.039007,1
363.0,251.56987,1
179.0,73.22205,1
93.2,79.57467,1
91.0,108.764366,1
293.0,161.25172,1
66.2,75.88401,1
103.0,102.4244,1
330.9,208.63385,1
304.8,115.600494,1
196.6,201.29932,1
88.2,151.4907,1
43.0,-18.61434,1
100.0,124.12009,1
450.0,282.6662,1
151.0,122.3541,1
54.4,93.18545,1
78.0,58.217373,1
101.0,113.55596,1
47.0,56.94754,1
154.0,99.087296,1
345.5,150.31769,1
106.0,42.49829,1
56.0,42.33448,1
151.0,118.00842,1
104.0,113.618,1
54.4,148.76031,1
156.0,125.00135,1
78.0,105.460976,1
78.0,54.56814,1
496.2,139.23381,1
377.0,134.57417,1
94.9,105.6876,1
73.0,96.44118,1
102.0,41.204517,1
248.8,100.42333,1
160.0,128.58672,1
158.0,143.48065,1
141.0,99.82858,1
450.0,305.6511,1
33.3,41.16505,1
114.0,89.37882,1
340.1,125.272804,1
138.0,152.65967,1
141.0,81.67451,1
71.0,40.080997,1
484.7,328.8552,1
245.0,179.58083,1
223.0,169.60437,1
272.7,82.69602,1
230.0,211.95729,1
101.0,113.30933,1
311.7,171.66646,1
160.0,128.99806,1
32.0,53.38422,1
135.1,169.76839,1
372.0,194.66148,1
121.5,149.8686,1
89.9,150.82292,1
141.0,120.91282,1
94.9,84.78454,1
43.3,189.9446,1
449.0,229.49684,1
47.0,31.943428,1
284.0,113.09893,1
154.0,144.11592,1
124.9,170.62004,1
230.0,186.73422,1
131.7,172.2235,1
25.0,107.12364,1
162.0,125.865814,1
91.0,101.94425,1
73.0,57.629375,1
154.0,106.89325,1
159.0,146.2324,1
156.0,125.8391,1
103.0,80.62976,1
135.1,116.77747,1
404.1,159.1411,1
386.2,273.57523,1
315.6,127.60175,1
314.8,52.938057,1
230.0,195.5358,1
372.0,137.56477,1
293.0,193.35197,1
64.5,-1.3376107,1
230.0,202.26274,1
429.4,146.7689,1
89.9,122.558586,1
159.0,137.70834,1
223.0,132.42355,1
336.3,137.74103,1
314.0,244.5092,1
141.0,136.64851,1
230.0,180.59302,1
163.0,148.97603,1
327.9,300.47073,1
202.0,159.97554,1
230.0,191.95547,1
281.0,267.90625,1
167.0,129.06816,1
179.0,96.85783,1
363.0,344.33075,1
450.0,358.326,1
330.0,221.13135,1
91.0,106.46754,1
64.5,101.382164,1
342.4,215.87123,1
48.0,1.347395,1
35.0,158.3275,1
317.1,235.0608,1
141.0,153.14943,1
363.0,123.75063,1
379.3,303.9185,1
121.0,91.09515,1
91.6,67.865974,1
363.0,-17.779799,1
30.0,107.350586,1
158.0,146.62907,1
331.0,91.83574,1
429.4,165.85222,1
145.0,141.69531,1
337.1,150.33092,1
48.3,27.732244,1
162.0,140.43991,1
245.4,133.86241,1
130.0,115.81576,1
333.2,115.10704,1
223.0,188.9727,1
230.0,159.83586,1
202.0,164.55208,1
496.2,187.85811,1
289.8,89.25361,1
68.0,22.709932,1
141.0,113.465675,1
182.0,125.247,1
262.4,196.45259,1
56.0,35.805885,1
259.0,161.02742,1
440.1,102.89099,1
441.7,123.954094,1
47.0,47.149673,1
450.0,350.57953,1
304.1,236.57576,1
101.0,120.2787,1
78.0,71.70225,1
104.4,66.34614,1
230.0,140.53058,1
242.0,145.40482,1
293.0,221.21513,1
307.1,130.48601,1
134.0,254.33571,1
156.0,90.15728,1
47.0,46.550728,1
333.2,91.9529,1
464.7,250.97371,1
69.6,137.20525,1
63.0,110.389854,1
230.0,155.27553,1
380.0,318.27823,1
340.1,135.0059,1
154.0,169.85141,1
182.0,143.18816,1
404.1,173.46259,1
131.7,137.4408,1
145.4,109.34831,1
94.9,-311.03714,1
268.0,299.89346,1
41.0,88.01443,1
342.4,214.59239,1
299.0,157.23021,1
91.6,150.56682,1
372.0,221.38176,1
370.1,170.65022,1
186.3,45.146168,1
141.0,128.34631,1
307.1,214.50081,1
46.7,228.70622,1
412.5,259.39917,1
73.0,209.45888,1
320.0,154.04814,1
141.0,125.34608,1
223.0,230.85918,1
68.0,20.024782,1
160.0,135.00038,1
51.0,94.17112,1
293.0,281.9656,1
161.0,116.77871,1
71.3,36.4374,1
43.3,96.58474,1
323.3,199.53322,1
282.9,120.37578,1
300.0,207.36238,1
325.6,254.35991,1
370.1,225.94002,1
50.0,77.07622,1
347.0,73.48951,1
363.0,228.64021,1
131.7,94.316826,1
342.4,262.37207,1
447.8,58.959396,1
373.1,160.53807,1
141.0,138.55202,1
51.0,35.536106,1
134.0,239.0712,1
223.0,110.764656,1
91.6,110.918655,1
101.0,114.43892,1
47.0,34.805614,1
141.0,124.975624,1
26.7,43.02596,1
47.0,-1.4060242,1
317.9,128.69325,1
363.0,435.64178,1
104.4,165.63795,1
136.0,68.13711,1
339.4,151.03975,1
301.0,51.394634,1
63.0,45.10835,1
91.6,152.61488,1
30.0,66.25344,1
372.0,269.23416,1
141.0,142.91823,1
104.4,114.40786,1
320.0,167.95383,1
341.7,208.89595,1
199.0,78.308,1
386.2,250.63649,1
144.0,131.75232,1
199.0,236.917,1
330.2,115.96827,1
402.5,221.21413,1
156.0,122.92746,1
372.0,277.37952,1
156.0,125.288345,1
49.0,70.977776,1
331.0,176.71391,1
103.0,72.91344,1
363.2,215.38554,1
333.2,177.20778,1
305.6,182.17918,1
500.0,81.30169,1
245.0,298.33792,1
105.0,89.980736,1
204.4,115.31026,1
450.0,304.56842,1
156.0,113.67917,1
223.0,119.53778,1
73.0,23.687067,1
156.0,133.4981,1
43.0,68.839195,1
25.0,122.748695,1
36.0,42.835567,1
272.7,39.09637,1
299.0,83.159676,1
53.0,44.17799,1
104.0,56.96848,1
300.0,119.33446,1
28.3,45.192562,1
103.0,81.75667,1
335.5,17.934748,1
363.0,435.80862,1
404.1,168.10081,1
372.0,222.78023,1
128.3,89.85992,1
71.3,110.477516,1
344.0,169.45644,1
98.3,22.040388,1
88.2,94.58706,1
41.7,102.848785,1
309.4,73.46309,1
156.0,117.46317,1
281.0,211.38806,1
81.4,140.98048,1
56.0,57.88387,1
156.0,150.97334,1
230.0,184.71486,1
83.1,133.13759,1
330.0,168.08383,1
441.7,192.4975,1
245.4,172.83597,1
301.0,142.96077,1
363.0,160.61592,1
230.0,263.233,1
141.0,149.68245,1
104.0,107.93896,1
202.0,133.4159,1
500.0,95.559395,1
159.0,121.5251,1
223.0,109.17335,1
304.1,26.057997,1
355.5,149.96834,1
97.0,68.653786,1
66.2,61.025204,1
136.0,70.143295,1
158.0,116.96781,1
121.0,111.870476,1
189.8,35.300434,1
344.7,111.83596,1
351.7,71.67236,1
450.0,247.9583,1
245.0,269.18307,1
78.0,215.08136,1
255.6,82.10732,1
331.0,171.97603,1
268.0,283.71423,1
339.4,142.89073,1
43.3,83.546364,1
54.4,4.7990203,1
71.3,45.257786,1
372.0,245.65376,1
238.6,48.59696,1
89.9,93.178795,1
103.0,27.42687,1
333.2,135.08794,1
43.3,0.6083639,1
68.0,43.548023,1
324.8,210.01271,1
386.2,153.46663,1
68.0,40.857166,1
357.0,35.000965,1
206.0,133.24693,1
143.0,129.0233,1
308.7,247.69975,1
154.0,144.38963,1
141.0,139.0287,1
152.2,85.76576,1
148.8,138.3155,1
206.0,130.50847,1
124.9,119.47701,1
145.4,112.38181,1
121.0,87.66851,1
235.1,125.99132,1
230.0,195.83737,1
500.0,179.88959,1
57.8,84.548225,1
331.0,181.63701,1
487.7,108.488594,1
86.5,100.62655,1
321.0,178.65971,1
269.3,162.81398,1
156.0,121.98359,1
337.1,142.64632,1
281.0,168.96175,1
103.0,83.79251,1
98.3,144.78181,1
43.0,112.73734,1
380.0,105.21993,1
500.0,179.43411,1
63.0,115.551765,1
328.6,184.96184,1
15.0,72.56773,1
141.0,152.93385,1
130.0,119.50249,1
91.6,116.24627,1
314.0,243.53337,1
500.0,252.72726,1
160.0,123.476234,1
151.0,103.4694,1
245.4,141.47725,1
293.0,293.666,1
156.0,129.57271,1
372.0,232.54395,1
387.0,338.7578,1
119.0,131.12479,1
121.0,109.49055,1
37.0,45.424385,1
230.0,193.6816,1
314.0,145.42871,1
325.6,158.96167,1
40.0,64.965866,1
245.0,184.49417,1
37.0,45.549675,1
265.9,27.826422,1
148.8,132.5784,1
363.0,267.03918,1
79.7,70.653946,1
320.0,117.45741,1
245.0,153.39505,1
372.0,94.78818,1
141.0,132.81778,1
156.0,116.00068,1
64.5,10.861878,1
31.7,17.84205,1
13.3,184.71147,1
136.0,61.505943,1
63.0,80.19344,1
133.0,164.11023,1
133.0,165.25476,1
163.0,135.29243,1
133.0,108.91666,1
71.3,21.652205,1
324.0,103.98705,1
496.2,259.84085,1
104.4,78.45477,1
156.0,153.32701,1
171.0,139.6684,1
97.0,54.427944,1
105.0,69.01415,1
56.0,69.26252,1
89.9,136.5248,1
341.7,83.98661,1
305.6,170.66814,1
317.9,136.58553,1
357.8,104.23909,1
230.0,237.43932,1
23.3,117.20668,1
158.0,132.7845,1
48.0,31.838156,1
265.9,95.31162,1
259.0,191.92212,1
91.0,88.60924,1
360.1,247.29135,1
327.1,310.97702,1
500.0,168.30244,1
104.4,88.57422,1
334.8,126.05749,1
57.8,103.35034,1
200.0,51.965572,1
402.5,135.8137,1
57.8,101.5908,1
111.0,81.66839,1
158.0,109.9629,1
357.0,105.02322,1
37.0,1.6535444,1
314.8,75.995674,1
43.0,30.327751,1
223.0,186.27068,1
52.7,36.850246,1
141.0,97.37669,1
88.2,93.641624,1
301.8,191.79497,1
158.0,134.04759,1
161.0,173.72685,1
496.2,225.69753,1
78.0,66.34223,1
429.4,116.07502,1
197.0,110.34101,1
70.0,58.22626,1
363.0,229.7009,1
91.0,83.51151,1
104.0,108.59286,1
230.0,229.91751,1
322.5,318.6752,1
46.7,41.286594,1
304.1,83.12863,1
335.5,230.28067,1
47.0,41.121754,1
76.3,113.30184,1
358.6,214.54184,1
141.0,91.08582,1
47.0,72.82583,1
341.7,202.84392,1
262.4,55.71664,1
138.6,169.23851,1
88.2,77.88743,1
281.0,244.90977,1
363.0,67.169014,1
260.0,96.183266,1
142.0,163.65361,1
73.0,129.37756,1
154.0,119.9146,1
372.0,183.08441,1
71.0,57.53493,1
242.0,47.718166,1
324.8,148.83725,1
304.8,142.30666,1
363.0,276.25415,1
11.7,174.6704,1
293.0,213.16365,1
430.9,152.02652,1
230.0,182.66808,1
259.0,171.73338,1
68.0,77.25173,1
156.0,166.05461,1
47.0,35.53815,1
272.7,130.71663,1
500.0,168.95717,1
320.0,203.22386,1
158.0,136.43022,1
449.0,203.56483,1
337.8,100.51704,1
47.0,26.959154,1
328.6,247.10243,1
343.2,244.94276,1
429.4,190.0057,1
154.0,142.76794,1
103.0,72.11707,1
107.8,96.09539,1
182.0,157.30452,1
47.0,64.4463,1
370.1,225.6237,1
281.0,171.12668,1
143.0,116.36834,1
160.0,109.57231,1
36.0,90.19546,1
159.0,140.83331,1
363.0,220.09679,1
363.0,267.4241,1
57.8,44.48247,1
309.4,106.03603,1
500.0,269.52884,1
43.0,64.8122,1
319.4,134.55562,1
176.1,142.19658,1
91.0,121.33817,1
62.8,22.794483,1
104.4,154.05629,1
230.0,237.2088,1
133.0,82.636215,1
15.0,223.0224,1
156.0,152.90727,1
334.8,139.93376,1
230.0,169.75755,1
351.7,149.4825,1
393.9,72.850365,1
316.3,158.10649,1
105.0,91.96324,1
103.0,76.04209,1
161.0,142.96425,1
201.0,77.28151,1
37.0,61.39119,1
43.0,46.344303,1
101.0,123.360374,1
156.0,122.1585,1
154.0,175.7371,1
296.6,75.271065,1
328.6,173.11623,1
38.3,56.11369,1
71.0,46.042873,1
92.0,56.360203,1
71.3,107.59554,1
343.2,186.77516,1
404.1,219.55269,1
330.2,194.48482,1
284.0,123.06977,1
62.8,80.27018,1
114.7,113.56878,1
135.1,58.93372,1
363.0,367.5775,1
156.0,130.62473,1
103.0,87.15481,1
78.0,136.71526,1
141.0,134.53355,1
68.0,73.4405,1
324.0,210.76888,1
105.0,75.89469,1
156.0,113.85874,1
83.1,-201.52507,1
230.0,194.764,1
104.0,101.92962,1
343.2,185.45168,1
43.0,105.36717,1
50.0,36.201866,1
46.7,47.82887,1
245.0,156.27843,1
141.0,135.79851,1
357.8,193.02992,1
346.3,115.138695,1
348.6,162.22693,1
124.0,115.641655,1
324.8,154.48442,1
265.9,296.04868,1
121.0,50.82705,1
101.0,239.10054,1
91.0,106.05413,1
106.0,85.91271,1
163.0,157.27402,1
179.0,153.63765,1
56.0,57.310486,1
30.0,219.33348,1
94.9,58.935696,1
91.0,141.09273,1
91.6,107.679634,1
160.0,96.295494,1
238.6,225.59213,1
306.4,124.511765,1
141.0,137.88805,1
245.0,132.59447,1
199.0,117.01148,1
124.0,119.27706,1
346.3,222.21545,1
63.0,76.572334,1
103.0,83.9135,1
48.3,46.699688,1
25.0,29.791237,1
248.8,111.54956,1
93.2,140.6789,1
27.0,16.934624,1
179.5,191.234,1
286.3,149.15518,1
204.4,33.23232,1
158.0,123.192726,1
57.8,87.94931,1
159.0,114.71863,1
335.5,201.71318,1
281.0,247.80849,1
342.4,195.51848,1
245.0,241.88869,1
324.8,91.327354,1
47.0,39.049694,1
91.0,105.92036,1
325.6,179.44234,1
301.0,239.35115,1
373.1,98.990265,1
136.0,67.67567,1
245.4,222.97127,1
318.7,178.63255,1
156.0,172.83151,1
78.0,116.79395,1
13.3,39.32017,1
199.0,185.38391,1
304.1,121.434044,1
496.2,274.54587,1
140.0,157.99734,1
91.0,81.39179,1
343.2,97.978935,1
91.6,143.91956,1
343.2,99.748924,1
289.8,144.68364,1
57.8,85.319466,1
315.6,172.92375,1
45.0,61.844738,1
111.2,101.53405,1
29.0,185.4451,1
111.0,119.799965,1
141.0,135.60211,1
320.0,152.35878,1
133.0,48.377792,1
92.0,41.4692,1
73.0,33.381428,1
235.1,186.95918,1
343.2,187.9005,1
30.0,85.10558,1
325.6,136.98451,1
162.4,60.292492,1
119.0,153.73274,1
41.0,75.714554,1
124.0,115.37208,1
331.0,164.47502,1
320.0,105.6017,1
107.8,33.13904,1
140.0,128.92436,1
500.0,387.7608,1
136.0,73.35356,1
141.0,153.48079,1
335.5,157.63948,1
363.0,358.96835,1
393.9,195.57542,1
101.0,110.49424,1
121.0,107.63993,1
101.0,127.37286,1
141.0,89.857895,1
382.3,286.4907,1
15.0,35.265717,1
118.1,120.16398,1
105.0,46.01634,1
496.2,264.1345,1
363.0,290.59033,1
28.3,-14.673493,1
156.0,141.82048,1
31.7,111.28169,1
61.1,103.967636,1
281.0,278.04453,1
103.0,106.51911,1
89.9,339.3671,1
145.4,174.20552,1
380.0,338.7578,1
279.5,215.71655,1
272.7,145.80879,1
320.0,165.02473,1
43.0,40.278767,1
440.1,186.8579,1
218.1,343.45047,1
154.0,113.88391,1
328.6,151.4755,1
93.2,131.95583,1
357.8,137.50172,1
37.0,15.610362,1
159.0,140.22292,1
363.0,239.72255,1
68.0,76.58165,1
325.6,165.59218,1
91.0,111.48589,1
337.8,182.1945,1
299.0,95.39027,1
81.4,59.993523,1
130.0,139.23209,1
169.3,215.03003,1
31.7,86.95072,1
303.3,111.54065,1
310.2,177.04138,1
37.0,40.34442,1
158.0,128.59348,1
124.9,115.336266,1
382.3,283.7449,1
140.0,111.22378,1
37.0,9.832329,1
158.0,106.40801,1
156.0,117.183586,1
54.4,88.33849,1
230.0,139.42543,1
334.0,182.53519,1
158.0,132.83629,1
386.2,256.059,1
201.0,97.16758,1
36.7,23.309103,1
161.0,125.39125,1
84.8,101.93414,1
333.2,72.64841,1
306.4,193.23259,1
56.0,52.398037,1
45.0,84.94991,1
142.0,187.90642,1
162.0,112.10375,1
119.0,148.70392,1
332.5,156.83669,1
78.0,93.92487,1
156.0,152.58998,1
31.7,46.618633,1
269.3,206.45006,1
357.0,146.43608,1
92.0,55.8927,1
111.0,109.39881,1
141.0,115.93882,1
331.7,181.4662,1
404.1,187.18732,1
158.0,147.71483,1
320.0,164.14722,1
152.2,97.729836,1
404.1,236.60452,1
91.0,120.056145,1
158.0,135.43315,1
141.0,122.344765,1
268.0,266.296,1
104.0,107.05604,1
202.0,139.1544,1
160.0,136.10635,1
337.8,181.59671,1
327.1,154.1643,1
142.0,112.30341,1
141.0,107.84008,1
197.0,120.786,1
331.0,150.77159,1
304.8,263.10843,1
340.9,288.50772,1
357.0,25.680319,1
314.8,201.1161,1
154.0,142.71088,1
347.0,146.8765,1
202.0,168.98218,1
141.0,147.17998,1
91.0,127.44876,1
104.0,107.17388,1
47.0,55.765568,1
56.0,62.21079,1
52.7,55.019405,1
47.0,32.77543,1
36.7,8.28277,1
103.0,87.16778,1
156.0,106.69206,1
262.4,149.97102,1
230.0,125.33167,1
163.0,135.06186,1
103.0,101.11427,1
142.0,185.96555,1
111.0,69.92292,1
47.0,25.32274,1
156.0,153.10793,1
103.0,115.325584,1
429.4,276.93887,1
363.0,411.68527,1
86.5,175.88005,1
268.0,295.69003,1
36.0,44.452374,1
230.0,191.76486,1
404.1,134.15692,1
156.0,120.49488,1
182.0,107.551,1
344.0,128.93332,1
324.8,181.71107,1
450.0,320.36102,1
179.0,108.076195,1
89.9,123.41598,1
31.7,98.67411,1
272.7,255.49011,1
134.0,172.80919,1
73.0,73.38674,1
252.2,191.25305,1
335.5,222.7349,1
141.0,97.92963,1
412.5,217.80162,1
141.0,122.9952,1
141.0,133.73457,1
111.0,89.880516,1
324.0,140.81335,1
500.0,88.37822,1
325.6,206.89836,1
380.8,90.34293,1
70.0,42.352783,1
373.1,263.91714,1
450.0,279.59943,1
128.3,93.90046,1
143.0,115.60899,1
97.0,43.519794,1
106.0,20.549643,1
104.0,137.53871,1
141.0,94.32799,1
96.6,103.24062,1
325.6,104.77624,1
159.0,116.545135,1
320.0,173.07841,1
128.3,92.52723,1
334.0,132.58522,1
289.8,136.39503,1
282.9,145.99617,1
101.0,126.525635,1
307.1,118.01351,1
200.0,2.2264345,1
334.8,82.42314,1
92.0,28.612158,1
307.9,300.3552,1
441.7,193.64531,1
70.0,15.391175,1
158.0,157.32669,1
281.0,288.4053,1
140.0,113.942245,1
199.0,130.62494,1
235.1,122.59741,1
101.0,132.87517,1
37.0,55.32575,1
325.6,213.53932,1
363.0,440.8692,1
20.0,88.22497,1
101.0,116.67939,1
73.0,69.40341,1
103.0,71.949165,1
318.7,218.4532,1
68.0,51.84,1
199.0,96.778694,1
43.3,68.81522,1
331.0,169.69814,1
145.4,191.01901,1
74.7,165.38234,1
386.2,188.97157,1
316.3,172.3824,1
335.5,134.18103,1
51.0,26.127298,1
73.0,57.993435,1
29.0,38.440403,1
182.0,134.84596,1
38.3,188.70602,1
333.2,169.01497,1
301.0,56.60159,1
64.5,178.4088,1
334.8,135.28456,1
328.6,265.17432,1
88.2,61.15993,1
64.5,4.346393,1
232.0,158.94667,1
50.0,187.52492,1
230.0,195.87097,1
372.0,224.83879,1
269.3,68.12476,1
316.3,106.643456,1
10.0,94.364044,1
334.8,157.44145,1
111.0,95.31296,1
68.0,54.11336,1
145.0,124.66767,1
68.0,43.934406,1
92.0,71.03838,1
272.7,115.02242,1
156.0,129.87032,1
96.6,93.848755,1
93.2,89.11022,1
223.0,198.75148,1
311.7,64.474815,1
61.1,142.5168,1
363.0,153.49431,1
78.0,35.8534,1
136.0,50.42413,1
18.3,47.469913,1
281.0,144.09789,1
259.0,69.01111,1
330.9,209.81926,1
138.6,176.33607,1
96.6,78.23856,1
197.0,99.49467,1
111.2,46.719173,1
342.4,191.5627,1
143.0,171.9853,1
51.0,66.853065,1
103.0,80.33872,1
135.1,98.13617,1
293.0,251.09364,1
51.0,27.806023,1
357.0,25.226934,1
317.1,234.74251,1
312.5,181.51564,1
102.0,41.648735,1
351.7,93.83013,1
43.3,101.866516,1
51.0,-0.34094054,1
48.0,48.275074,1
320.2,155.26508,1
299.0,198.91391,1
121.0,71.62447,1
193.2,162.85858,1
384.7,280.9106,1
304.8,168.31978,1
327.9,266.1345,1
377.0,151.86325,1
384.7,194.02794,1
25.0,25.28943,1
230.0,184.2288,1
104.4,97.01149,1
179.0,122.96398,1
324.8,239.7006,1
37.0,7.2512393,1
43.0,32.30174,1
245.0,195.32872,1
96.6,123.27939,1
449.0,195.71532,1
230.0,191.18538,1
111.0,59.816658,1
343.2,254.05873,1
78.0,75.333916,1
338.6,110.98467,1
331.0,134.9947,1
135.1,93.08881,1
158.0,129.77538,1
43.0,21.016842,1
245.0,263.70792,1
334.0,191.67914,1
138.6,24.460867,1
94.9,224.8878,1
46.7,19.26361,1
141.0,88.08869,1
37.0,27.28398,1
372.0,266.48495,1
73.0,44.014256,1
245.0,227.36989,1
293.0,181.51813,1
341.7,229.94347,1
71.0,20.54409,1
29.0,29.528757,1
43.0,9.562159,1
281.0,293.89078,1
319.4,235.97983,1
304.1,204.00684,1
78.0,10.708781,1
154.0,118.09177,1
68.0,55.708332,1
259.0,98.24674,1
38.3,134.10486,1
41.7,-13.454965,1
111.0,92.70356,1
141.0,128.72606,1
59.4,47.341652,1
31.7,90.279655,1
327.9,261.71225,1
57.8,88.766174,1
104.4,75.64939,1
91.6,74.83282,1
33.3,69.14737,1
100.0,83.34491,1
449.0,257.6928,1
37.0,51.56848,1
121.0,108.70733,1
63.0,105.977394,1
156.0,90.26581,1
81.4,124.1502,1
179.0,145.91508,1
62.8,92.79327,1
393.1,180.88838,1
382.3,327.92578,1
154.0,121.30801,1
121.5,13.0702915,1
255.6,156.84338,1
48.0,48.756504,1
84.8,77.67631,1
141.0,118.50528,1
106.0,62.374283,1
293.0,184.49043,1
57.8,157.59572,1
103.0,69.42663,1
324.8,123.60493,1
386.2,220.12897,1
156.0,141.35654,1
156.0,104.511215,1
131.7,157.25111,1
143.0,137.76378,1
156.0,136.35486,1
340.9,175.61067,1
284.0,128.64737,1
321.0,194.98145,1
91.0,112.2988,1
330.2,128.18259,1
334.8,66.43865,1
199.0,188.28786,1
230.0,168.62828,1
92.0,45.986397,1
141.0,162.85712,1
245.0,233.8816,1
230.0,226.44667,1
103.0,96.92762,1
372.0,254.24564,1
396.9,223.64725,1
48.3,79.887276,1
41.7,31.442734,1
449.0,192.60333,1
93.2,196.27187,1
128.3,81.400276,1
31.7,76.5801,1
158.0,127.41418,1
331.0,144.92868,1
265.9,92.30388,1
121.0,80.66282,1
325.6,115.99822,1
334.0,181.48903,1
101.0,113.5001,1
329.4,169.57204,1
370.1,326.73483,1
329.4,219.94844,1
48.3,63.366695,1
342.4,188.38002,1
252.2,64.33592,1
145.4,122.117546,1
100.0,60.6449,1
327.1,148.08427,1
138.0,117.209724,1
154.0,99.892975,1
67.9,79.6534,1
340.1,142.26155,1
103.0,105.61413,1
255.6,253.53659,1
429.4,199.6847,1
91.0,107.889114,1
111.2,222.3134,1
88.2,70.99934,1
48.3,83.17434,1
329.4,134.88164,1
200.0,165.9209,1
343.2,346.74,1
429.4,241.12321,1
73.0,91.59331,1
52.7,55.174595,1
363.0,312.3185,1
293.2,53.05538,1
230.0,223.5337,1
45.0,167.58794,1
47.0,53.755,1
182.0,129.83833,1
179.0,135.62177,1
62.8,84.55129,1
332.5,159.94891,1
50.0,14.958895,1
54.4,73.88976,1
393.1,263.93076,1
230.0,184.70326,1
268.0,233.52205,1
238.6,266.8107,1
114.0,100.881584,1
384.7,208.90056,1
114.0,94.48037,1
449.0,159.96806,1
162.0,146.39027,1
223.0,158.03783,1
324.8,94.18972,1
159.0,132.65674,1
88.2,20.67037,1
386.2,228.19872,1
91.0,116.69814,1
104.0,105.7609,1
304.1,100.39133,1
245.4,153.74553,1
103.0,78.18586,1
27.0,82.00889,1
52.7,67.92228,1
162.0,105.8397,1
313.3,86.46751,1
327.1,122.00459,1
351.7,50.5739,1
35.0,28.358425,1
121.0,91.11892,1
88.2,75.91096,1
48.3,121.76577,1
314.0,174.6567,1
158.0,121.9205,1
107.0,55.524292,1
245.0,233.44952,1
101.0,112.264565,1
63.0,73.63113,1
121.5,69.09323,1
51.0,63.576057,1
103.0,120.44456,1
252.2,201.4709,1
179.0,128.79825,1
242.0,186.67146,1
57.8,188.35338,1
23.3,51.862125,1
313.3,191.55855,1
450.0,282.49506,1
18.3,36.24571,1
255.6,185.70656,1
328.6,286.309,1
327.1,230.83119,1
121.0,67.724556,1
26.7,80.32804,1
333.2,141.90489,1
43.0,27.314299,1
92.0,35.6619,1
26.7,88.205086,1
334.8,192.33318,1
43.0,11.4922905,1
383.1,112.955986,1
62.8,91.9514,1
321.0,233.23308,1
305.6,106.43188,1
104.4,134.24059,1
49.0,48.36832,1
500.0,104.82773,1
230.0,215.67491,1
29.0,50.59952,1
36.0,40.837116,1
337.8,283.60837,1
176.1,73.047005,1
500.0,88.9849,1
148.8,259.10703,1
37.0,80.53698,1
68.0,40.29999,1
284.0,132.2119,1
334.0,158.9343,1
104.0,106.9092,1
83.1,90.073975,1
103.0,107.04192,1
372.0,234.28508,1
268.0,172.06078,1
493.1,211.32509,1
56.1,53.63967,1
160.0,101.37348,1
47.0,57.568836,1
32.0,-19.32886,1
245.0,245.75444,1
84.8,37.301765,1
89.9,153.02354,1
86.5,61.057327,1
179.0,132.1637,1
179.0,131.62239,1
496.2,274.36313,1
51.0,47.803516,1
141.0,136.54535,1
333.2,151.28015,1
363.0,309.738,1
101.0,97.17198,1
107.8,59.0669,1
330.0,291.6113,1
61.1,182.57175,1
46.7,61.758953,1
64.5,-18.670103,1
404.1,146.49069,1
286.3,217.9222,1
145.4,210.42921,1
103.0,95.4967,1
245.0,164.209,1
158.0,147.06316,1
33.3,129.10596,1
154.0,139.85721,1
449.0,295.8431,1
86.5,31.33193,1
333.2,209.95065,1
73.0,60.581013,1
105.0,56.009396,1
40.0,53.920155,1
289.8,172.69905,1
262.4,212.23006,1
134.0,161.48564,1
327.9,245.76385,1
284.0,126.108635,1
156.0,119.02715,1
363.0,86.905785,1
51.0,27.194445,1
259.0,110.070625,1
372.0,238.2844,1
163.0,137.20302,1
370.1,16.01508,1
172.7,196.08073,1
56.1,39.068558,1
197.0,116.57382,1
167.0,126.99152,1
100.0,71.25206,1
49.0,64.91735,1
331.0,124.998314,1
163.0,133.69466,1
245.4,150.49754,1
47.0,28.452343,1
329.4,158.43489,1
43.0,56.87386,1
363.0,115.343666,1
300.0,209.32108,1
101.0,207.52469,1
31.7,143.43115,1
293.0,182.96973,1
151.0,105.90572,1
230.0,224.17894,1
114.7,104.552376,1
156.0,134.57619,1
386.2,142.51021,1
106.0,20.602098,1
327.9,287.7059,1
500.0,93.605644,1
245.0,253.38068,1
281.0,280.24942,1
138.6,415.06586,1
101.0,214.01143,1
124.0,132.06828,1
259.0,137.90062,1
230.0,228.2171,1
262.4,74.20736,1
76.3,153.4905,1
281.0,162.2536,1
167.0,95.27059,1
314.0,95.13183,1
328.6,194.92897,1
94.9,113.57543,1
35.0,74.576904,1
384.7,209.05086,1
81.4,115.20908,1
230.0,196.76357,1
330.0,274.8575,1
101.0,115.15823,1
47.0,50.411083,1
268.0,205.71864,1
330.0,103.012596,1
161.0,136.02522,1
300.0,33.976147,1
321.7,177.47725,1
136.0,68.024605,1
255.6,111.3283,1
141.0,126.45466,1
441.7,219.99413,1
161.0,58.636692,1
284.0,120.627625,1
223.0,114.32565,1
230.0,180.27779,1
317.1,189.41502,1
53.0,20.048206,1
496.2,196.09196,1
156.0,112.992836,1
380.8,289.42834,1
141.0,156.76062,1
124.9,124.26703,1
319.4,198.22958,1
230.0,115.23814,1
53.0,32.743526,1
156.0,139.76918,1
293.0,210.7856,1
154.0,106.5193,1
81.4,7.7349167,1
284.0,125.46877,1
384.7,271.45065,1
169.3,94.078865,1
141.0,96.04226,1
342.4,173.04529,1
57.8,51.79391,1
305.6,159.44878,1
235.1,154.08084,1
104.4,107.318825,1
101.0,123.33375,1
103.0,71.9786,1
43.0,11.9248295,1
230.0,160.22165,1
204.4,46.558826,1
160.0,147.1999,1
230.0,180.93532,1
276.1,99.72018,1
101.0,104.579765,1
179.0,113.65689,1
362.4,215.58119,1
370.8,233.37216,1
167.0,114.028984,1
179.0,113.55015,1
163.0,111.19632,1
91.6,134.53125,1
141.0,158.07332,1
15.0,100.7469,1
134.0,46.44548,1
404.1,176.68095,1
118.1,34.41691,1
97.0,49.98631,1
71.3,48.600937,1
293.0,123.05087,1
331.0,169.79985,1
373.1,181.15501,1
279.5,142.17574,1
382.3,268.85938,1
230.0,207.36462,1
362.4,63.310738,1
160.0,100.78975,1
68.0,27.48926,1
25.0,92.13917,1
156.0,119.98063,1
86.5,77.39285,1
91.0,81.57142,1
235.1,113.33668,1
71.3,145.89807,1
245.0,322.31534,1
387.0,208.91988,1
68.0,28.5429,1
331.0,159.68166,1
356.3,182.72874,1
128.3,282.0499,1
386.2,254.78232,1
160.0,123.45292,1
230.0,217.19063,1
167.0,129.07372,1
204.4,35.797523,1
316.3,153.62843,1
318.7,224.39569,1
36.7,77.79721,1
162.0,114.37096,1
37.0,31.722467,1
341.7,145.701,1
121.0,115.96668,1
230.0,182.96773,1
342.4,161.06256,1
384.7,331.3856,1
27.0,75.19231,1
162.0,129.74379,1
331.7,225.85042,1
163.0,150.84258,1
94.9,195.2376,1
141.0,71.09603,1
124.0,104.5037,1
38.3,51.07529,1
156.0,114.32263,1
380.8,368.8306,1
86.5,98.354996,1
50.0,133.20872,1
103.0,69.37482,1
308.7,261.04788,1
293.0,190.024,1
172.7,169.92442,1
61.1,108.54369,1
104.0,106.652855,1
156.0,142.61168,1
340.1,123.240715,1
214.7,150.82545,1
141.0,123.16856,1
333.2,109.24262,1
151.0,106.50068,1
101.0,118.540535,1
107.0,147.4796,1
248.8,97.44456,1
68.0,42.836517,1
333.2,150.937,1
380.0,199.1426,1
214.7,130.03496,1
43.0,96.59545,1
78.0,109.39614,1
167.0,107.95457,1
340.1,60.956345,1
56.1,66.3722,1
66.2,54.278996,1
363.0,245.68056,1
156.0,132.87514,1
103.0,62.6518,1
202.0,163.73524,1
91.0,88.24984,1
81.4,22.677526,1
73.0,32.75526,1
393.9,165.95036,1
16.7,84.19996,1
167.0,103.60564,1
496.2,227.96129,1
281.0,206.98872,1
103.0,80.34881,1
357.0,58.403324,1
97.0,22.24459,1
154.0,125.15261,1
357.8,203.12407,1
238.6,230.92598,1
141.0,146.82484,1
330.2,126.411644,1
429.4,212.18987,1
50.0,31.068945,1
331.0,93.23897,1
496.2,231.59698,1
171.0,190.76657,1
230.0,173.54741,1
69.6,42.50044,1
145.0,161.45988,1
56.0,62.301407,1
103.0,62.707336,1
36.7,157.72473,1
331.7,122.13874,1
310.2,261.42886,1
223.0,103.10011,1
128.3,100.38588,1
57.8,90.46566,1
245.0,217.74493,1
318.7,187.62498,1
88.2,95.954094,1
91.0,125.2589,1
328.6,311.17432,1
29.0,71.692116,1
163.0,142.82564,1
223.0,105.38569,1
286.3,128.33676,1
279.5,193.70595,1
345.5,203.69255,1
245.0,257.50797,1
133.0,149.81592,1
124.9,100.68112,1
59.4,156.63531,1
356.3,293.0282,1
343.2,150.58028,1
344.0,158.33018,1
334.8,186.27838,1
496.2,212.70195,1
43.0,34.30512,1
162.0,95.7644,1
37.0,21.954313,1
223.0,150.96901,1
307.1,226.35527,1
56.0,53.767113,1
450.0,279.07327,1
310.2,135.74614,1
104.4,54.6412,1
143.0,131.27638,1
26.7,184.13872,1
68.0,58.58137,1
289.8,126.150665,1
230.0,179.82352,1
255.6,105.1706,1
141.0,156.23871,1
133.0,172.09047,1
70.0,45.602093,1
182.0,139.51509,1
56.0,61.45617,1
133.0,122.075966,1
141.0,131.50105,1
318.7,57.328693,1
432.5,250.08499,1
91.0,99.13937,1
327.9,186.73299,1
111.2,129.81148,1
68.0,78.04174,1
133.0,196.61583,1
145.4,33.568707,1
141.0,105.45791,1
230.0,219.21179,1
363.0,125.71124,1
325.6,169.12427,1
293.0,260.07135,1
335.5,56.722485,1
36.0,55.723083,1
103.0,98.085365,1
100.0,102.38175,1
235.1,208.2791,1
73.0,61.621166,1
196.6,54.03713,1
276.1,189.04076,1
214.7,140.15868,1
282.9,181.3459,1
301.0,302.8593,1
156.0,130.51823,1
152.0,170.9692,1
158.0,127.16448,1
140.0,134.24664,1
293.0,287.53613,1
38.3,18.584995,1
450.0,329.82657,1
163.0,126.95561,1
105.0,86.626335,1
50.0,146.21605,1
141.0,119.86097,1
331.0,152.35878,1
69.6,54.980556,1
328.6,174.8325,1
262.4,140.1771,1
111.0,73.91762,1
281.0,244.0904,1
330.0,301.06314,1
337.8,295.59073,1
141.0,118.65366,1
370.1,224.52928,1
182.0,120.318275,1
106.0,-1.0175705,1
450.0,301.158,1
35.0,111.10851,1
141.0,111.842995,1
29.0,81.47814,1
68.0,48.568974,1
156.0,112.2835,1
230.0,160.62935,1
70.0,39.28844,1
162.0,150.7321,1
351.7,70.59287,1
101.0,66.11181,1
242.0,146.39713,1
330.2,276.7159,1
88.2,78.822815,1
61.1,134.17754,1
47.0,64.4722,1
48.3,74.01356,1
48.0,16.683504,1
333.2,99.86845,1
100.0,70.662865,1
245.4,130.66246,1
268.0,335.53177,1
331.0,140.83907,1
235.1,152.62834,1
301.8,173.33023,1
141.0,122.697624,1
154.0,131.87834,1
327.9,350.97623,1
141.0,135.33076,1
92.0,86.378296,1
26.7,189.06621,1
141.0,121.166336,1
330.0,305.45145,1
230.0,157.91718,1
118.1,28.950788,1
134.0,137.66148,1
21.7,136.44426,1
96.6,181.46834,1
138.6,92.48252,1
342.4,198.55563,1
163.0,112.03012,1
141.0,148.31538,1
32.0,42.02425,1
37.0,32.580917,1
163.0,115.37086,1
135.1,139.64442,1
162.0,151.42552,1
121.0,117.96375,1
500.0,293.92014,1
363.0,277.43436,1
103.0,77.45722,1
141.0,135.0839,1
97.0,32.50552,1
104.0,103.3722,1
91.0,101.52441,1
92.0,65.78431,1
357.8,179.3173,1
230.0,197.67282,1
330.2,273.71457,1
71.3,135.72223,1
333.2,150.40254,1
32.0,60.63306,1
141.0,100.92939,1
105.0,60.77478,1
57.8,52.097507,1
62.8,139.22243,1
500.0,212.1415,1
324.0,356.2959,1
46.7,123.95381,1
309.4,116.28233,1
88.2,67.265526,1
158.0,105.71643,1
293.0,143.67778,1
223.0,236.9633,1
84.8,90.39338,1
56.1,126.9985,1
41.7,17.916231,1
67.9,66.91779,1
154.0,132.20848,1
156.0,168.94263,1
500.0,209.59853,1
252.2,140.3798,1
103.0,83.09748,1
145.4,61.7123,1
176.1,136.1118,1
156.0,146.02293,1
301.0,68.433235,1
68.0,72.49279,1
36.7,14.520406,1
48.0,40.940357,1
223.0,204.55266,1
348.6,172.43803,1
334.0,79.15692,1
305.6,170.26814,1
73.0,45.43706,1
363.0,372.01123,1
104.4,131.016,1
61.1,71.52512,1
331.0,48.603077,1
196.6,83.11672,1
351.7,121.297874,1
101.0,113.21544,1
328.6,185.05376,1
162.0,126.01019,1
101.0,34.843685,1
411.0,178.7118,1
47.0,27.687801,1
91.6,76.31623,1
36.0,49.56689,1
71.0,70.14916,1
309.4,195.49886,1
358.6,218.0257,1
134.0,56.991474,1
92.0,75.55865,1
71.3,17.46293,1
30.0,84.43454,1
148.8,99.26653,1
238.6,96.60771,1
201.0,130.89047,1
161.0,66.218704,1
235.1,94.03363,1
370.1,160.76263,1
91.6,160.5361,1
152.2,138.63805,1
313.3,202.8459,1
500.0,179.88959,1
154.0,127.81517,1
47.0,59.09418,1
36.0,27.824339,1
73.0,166.33356,1
154.0,152.33253,1
48.3,34.087727,1
141.0,132.50374,1
91.0,91.33613,1
402.5,123.391075,1
138.6,238.13342,1
47.0,50.11526,1
313.3,111.0251,1
230.0,170.44505,1
103.0,105.8459,1
223.0,215.55452,1
93.2,65.75921,1
84.8,107.78414,1
101.0,95.122505,1
68.0,42.27373,1
337.1,272.29303,1
84.8,256.19165,1
73.0,40.17776,1
245.0,149.76514,1
131.7,66.28437,1
27.0,58.27306,1
377.0,177.06902,1
104.0,101.268326,1
160.0,110.380684,1
119.0,109.47982,1
328.6,213.41255,1
357.0,111.75118,1
304.8,135.4178,1
404.1,96.037636,1
293.0,169.37524,1
159.0,111.88964,1
104.4,75.63215,1
41.7,19.646955,1
262.4,152.7524,1
370.1,173.95992,1
315.6,166.69305,1
162.0,104.08801,1
37.0,28.65004,1
162.0,113.85318,1
140.0,127.81337,1
160.0,143.60625,1
73.0,82.513885,1
331.0,91.695,1
376.2,163.74272,1
252.2,191.98839,1
141.0,118.96401,1
182.0,124.3339,1
242.0,175.43288,1
370.1,270.231,1
103.0,106.94231,1
230.0,198.04951,1
73.0,83.691086,1
71.3,102.89305,1
154.0,163.77318,1
160.0,114.14616,1
329.4,189.49742,1
248.8,68.647575,1
340.1,68.88371,1
363.0,74.426414,1
319.4,180.11392,1
66.2,22.107069,1
160.0,114.63556,1
86.5,123.287544,1
230.0,151.1775,1
107.8,117.888916,1
324.8,173.3802,1
73.0,43.82348,1
158.0,106.88243,1
281.0,183.30664,1
145.4,-92.6836,1
73.0,104.05913,1
48.0,12.398505,1
46.7,54.018505,1
404.1,244.60085,1
81.4,122.91378,1
158.0,126.647095,1
329.4,233.7231,1
143.0,124.116356,1
293.0,137.10298,1
111.0,85.1403,1
156.0,117.32391,1
230.0,163.10701,1
156.0,188.71559,1
380.8,381.7876,1
43.0,41.808765,1
43.0,130.67357,1
83.1,24.781347,1
330.0,219.57523,1
51.0,11.107078,1
339.4,165.34148,1
330.0,173.6741,1
230.0,221.26929,1
293.0,168.89131,1
404.1,153.41849,1
141.0,44.08874,1
121.0,101.15353,1
152.0,144.16682,1
293.0,238.68929,1
91.0,108.315575,1
450.0,277.99103,1
43.0,23.79003,1
154.0,117.27557,1
124.9,44.59523,1
26.7,100.83239,1
61.1,102.734726,1
73.0,49.51781,1
91.0,108.308716,1
156.0,117.533424,1
296.6,122.74587,1
91.6,199.82857,1
154.0,140.83244,1
63.0,90.04796,1
111.0,130.08598,1
141.0,135.03654,1
293.0,185.77469,1
141.0,115.687904,1
84.8,67.66326,1
107.8,275.58002,1
372.0,214.5215,1
141.0,119.03522,1
94.9,185.45274,1
161.0,152.7963,1
130.0,120.614,1
141.0,130.37755,1
70.0,39.12582,1
37.0,28.025187,1
51.0,57.16415,1
124.0,139.88387,1
281.0,195.29526,1
230.0,157.76372,1
345.5,158.72316,1
15.0,58.546394,1
141.0,151.2902,1
189.0,128.28323,1
331.0,128.36656,1
33.3,22.994745,1
68.0,45.500248,1
301.0,123.374855,1
204.4,149.08789,1
370.1,337.79886,1
68.0,37.679585,1
293.0,212.77502,1
281.0,219.22032,1
165.9,45.41,1
154.0,180.43858,1
107.8,24.607721,1
98.3,13.36197,1
293.0,172.43636,1
339.4,141.32228,1
47.0,50.560596,1
145.0,180.95705,1
47.0,2.0534246,1
29.0,61.182083,1
324.0,238.28712,1
382.3,431.98843,1
309.4,129.91563,1
154.0,129.10098,1
158.0,136.53052,1
330.0,136.4736,1
114.0,101.26477,1
48.0,42.057755,1
404.1,166.77493,1
162.0,144.03052,1
176.1,121.38584,1
140.0,140.20229,1
460.9,209.20018,1
372.0,250.1002,1
344.0,171.56552,1
27.0,72.36643,1
301.8,88.951706,1
74.7,175.05797,1
179.0,87.82576,1
158.0,116.91621,1
160.0,99.80909,1
107.8,32.705067,1
158.0,148.30037,1
318.7,154.30725,1
56.0,40.0641,1
450.0,230.8201,1
45.0,55.187237,1
156.0,139.8913,1
360.1,349.848,1
328.6,84.00776,1
56.0,50.78608,1
245.0,161.77922,1
86.5,115.3689,1
382.3,122.976074,1
223.0,130.62895,1
141.0,118.61984,1
43.0,28.937677,1
92.0,42.643154,1
47.0,53.400967,1
372.0,279.45023,1
56.1,146.47264,1
383.1,117.21757,1
450.9,256.41217,1
163.0,175.35219,1
373.1,113.18403,1
73.0,65.84098,1
47.0,46.571724,1
324.8,239.20876,1
84.8,73.16087,1
131.7,21.986256,1
56.1,66.62551,1
328.6,178.71315,1
223.0,98.191795,1
68.0,23.06225,1
179.0,118.915886,1
293.0,186.72414,1
49.0,67.783455,1
156.0,159.73033,1
311.7,170.67601,1
136.0,81.4598,1
160.0,111.79021,1
76.3,113.9965,1
206.0,85.18486,1
311.7,157.5006,1
91.0,114.42671,1
43.0,105.44337,1
59.4,168.3913,1
182.0,118.09055,1
293.0,226.87886,1
111.0,72.62201,1
206.0,140.30052,1
329.4,165.31383,1
156.0,123.65809,1
145.0,125.76715,1
396.9,264.4556,1
156.0,111.26208,1
32.0,43.34548,1
269.3,124.160164,1
307.9,53.54777,1
223.0,139.36824,1
230.0,196.43694,1
54.4,65.71873,1
363.0,369.89572,1
104.4,162.22481,1
460.1,344.59604,1
496.2,151.81827,1
121.0,81.82733,1
284.0,109.57104,1
331.0,138.80482,1
300.0,142.68706,1
199.0,197.52509,1
158.0,121.53512,1
133.0,187.52538,1
101.0,102.32226,1
160.0,84.71665,1
128.3,49.24999,1
500.0,158.04341,1
230.0,161.23883,1
88.2,244.83067,1
329.4,152.39139,1
89.9,73.4307,1
56.0,42.421932,1
426.3,170.18773,1
93.2,145.14839,1
25.0,35.758278,1
231.7,154.61945,1
308.7,115.539406,1
145.0,142.17812,1
259.0,-74.410164,1
107.8,136.62495,1
429.4,295.90158,1
154.0,116.39319,1
314.8,56.864285,1
158.0,158.45276,1
98.3,126.53681,1
54.4,-0.91047245,1
94.9,197.24927,1
68.0,84.59887,1
158.0,124.28859,1
141.0,158.10994,1
293.0,230.26492,1
309.4,114.19058,1
305.6,136.91968,1
311.7,88.64738,1
25.0,221.29225,1
84.8,96.705925,1
119.0,83.24935,1
73.0,48.730015,1
158.0,120.15841,1
284.0,122.044685,1
255.6,180.00583,1
328.6,173.6166,1
330.9,190.00023,1
141.0,128.42303,1
31.7,-11.751162,1
300.0,122.57926,1
304.1,195.96617,1
238.6,190.9104,1
40.0,44.855396,1
64.5,94.611465,1
73.0,43.27345,1
143.0,147.17372,1
79.7,5.07522,1
141.0,141.59177,1
317.9,86.59312,1
32.0,44.243324,1
71.0,23.01639,1
53.0,-8.719451,1
343.2,221.83485,1
358.6,200.20436,1
328.6,220.02455,1
464.7,167.36919,1
331.0,71.70052,1
154.0,193.31732,1
334.8,113.315025,1
334.0,427.92795,1
265.9,133.16718,1
20.0,57.187344,1
306.4,163.63622,1
186.3,213.07495,1
360.1,124.85006,1
36.0,47.098827,1
133.0,97.791756,1
121.5,144.38716,1
272.7,94.656906,1
230.0,208.46912,1
32.0,42.636166,1
362.4,73.25418,1
141.0,118.41228,1
335.5,250.36746,1
32.0,39.391052,1
429.4,150.05943,1
326.3,-103.08578,1
317.9,279.8636,1
71.0,51.279682,1
103.0,63.44475,1
337.8,245.77867,1
47.0,39.713886,1
138.0,108.688774,1
333.2,264.9782,1
91.0,112.66772,1
56.1,156.14554,1
242.0,170.15808,1
141.0,113.46864,1
134.0,115.939644,1
363.0,133.01588,1
197.0,106.836754,1
330.9,109.939156,1
158.0,167.11441,1
296.6,165.08092,1
199.0,134.64267,1
28.3,51.47196,1
141.0,139.56102,1
47.0,20.909174,1
165.9,170.69814,1
160.0,115.89573,1
119.0,91.74538,1
92.0,21.988379,1
152.0,72.157166,1
230.0,195.61513,1
154.0,126.53638,1
86.5,105.636856,1
189.8,54.856167,1
163.0,105.94657,1
103.0,100.84011,1
329.4,242.28648,1
62.8,31.413996,1
103.0,114.347,1
141.0,142.8376,1
487.7,85.154305,1
362.4,225.37099,1
107.0,157.8423,1
179.0,101.79487,1
101.0,100.939,1
133.0,167.09494,1
67.9,33.04327,1
304.1,200.90639,1
252.2,97.437416,1
159.0,153.88144,1
141.0,126.902794,1
141.0,140.96165,1
464.7,173.32498,1
29.0,88.675316,1
152.0,130.19429,1
36.7,69.0038,1
105.0,70.30987,1
156.0,118.90102,1
47.0,12.937043,1
154.0,154.92987,1
36.0,10.905608,1
325.6,103.34959,1
160.0,107.48737,1
230.0,205.41396,1
86.5,142.80125,1
141.0,112.52657,1
23.3,60.00042,1
89.9,17.916246,1
89.9,23.983866,1
337.8,269.26883,1
281.0,239.332,1
91.0,111.32374,1
388.5,147.15343,1
156.0,110.6907,1
92.0,46.633358,1
182.0,121.22407,1
29.0,70.79056,1
334.8,97.74457,1
360.9,146.68071,1
299.0,140.09863,1
158.0,122.80497,1
333.2,122.90923,1
141.0,74.4967,1
141.0,120.79723,1
32.0,11.116475,1
32.0,24.016079,1
386.2,226.00116,1
49.0,55.14216,1
363.2,151.26715,1
363.0,264.15836,1
331.0,86.089485,1
331.0,116.91065,1
230.0,228.34975,1
48.0,27.380713,1
334.8,62.02921,1
169.3,52.71402,1
66.2,157.26752,1
73.0,20.740614,1
47.0,33.430027,1
328.6,119.72613,1
36.7,97.73484,1
152.0,150.22975,1
107.8,107.72943,1
293.0,152.99342,1
158.0,130.12303,1
93.2,71.100075,1
281.0,157.05911,1
88.2,74.791725,1
245.0,254.36293,1
334.8,150.11736,1
272.7,74.7076,1
447.8,257.688,1
57.8,64.200714,1
93.2,73.15204,1
449.0,161.47624,1
328.6,207.73529,1
279.5,168.88576,1
133.0,142.30719,1
15.0,192.33122,1
404.8,40.99773,1
314.8,149.49336,1
20.0,210.20906,1
141.0,112.22574,1
45.0,141.59999,1
91.6,67.04548,1
324.0,132.32884,1
104.4,60.417675,1
143.0,136.17967,1
199.0,201.58507,1
169.3,17.715258,1
61.1,89.51066,1
78.0,111.978615,1
357.0,141.40686,1
255.6,196.40752,1
71.3,1.0829654,1
48.3,26.01849,1
370.1,160.7165,1
84.8,95.311104,1
500.0,155.53578,1
202.0,176.7093,1
69.6,44.49475,1
135.1,205.7034,1
64.5,89.55487,1
73.0,58.1639,1
74.7,118.215034,1
28.3,49.3969,1
242.0,124.52253,1
91.6,73.69947,1
36.0,45.1192,1
412.5,252.3473,1
18.3,10.962894,1
386.2,332.5966,1
67.9,1.9446037,1
331.0,165.1493,1
145.0,146.27953,1
33.3,64.794334,1
327.9,150.65007,1
68.0,70.65377,1
337.1,208.66042,1
89.9,135.52542,1
370.1,170.56372,1
300.0,137.9912,1
360.1,245.5994,1
372.0,200.2457,1
143.0,138.51582,1
100.0,128.71176,1
31.7,117.790886,1
107.0,137.31273,1
128.3,146.36858,1
31.7,117.66803,1
330.2,143.23305,1
141.0,145.67854,1
103.0,67.46581,1
103.0,106.33955,1
223.0,101.852974,1
299.0,175.89923,1
380.0,160.75227,1
500.0,60.04485,1
496.2,296.407,1
333.2,222.23157,1
156.0,94.334236,1
141.0,138.19557,1
121.0,70.58767,1
363.0,371.5859,1
199.0,83.05843,1
43.3,91.33265,1
156.0,129.22948,1
78.0,212.91277,1
449.0,271.01163,1
70.0,49.35968,1
420.2,64.475044,1
245.0,232.51646,1
329.4,175.09035,1
104.0,113.78719,1
223.0,107.17371,1
70.0,57.310474,1
114.0,106.63116,1
289.8,159.48045,1
141.0,128.17484,1
331.0,115.54179,1
404.1,184.33078,1
182.0,147.4503,1
320.0,157.69933,1
111.0,88.207924,1
319.4,126.51767,1
70.0,35.236046,1
248.8,239.87102,1
160.0,105.488396,1
252.2,135.36458,1
161.0,81.505974,1
121.0,87.01147,1
156.0,114.02498,1
91.6,128.1795,1
121.0,83.049324,1
206.0,151.3662,1
230.0,230.32039,1
335.5,109.23939,1
330.2,149.30171,1
156.0,110.7983,1
56.0,79.50643,1
141.0,188.81004,1
124.0,137.33661,1
21.7,44.11411,1
16.7,156.78792,1
158.0,113.41836,1
197.0,115.54649,1
20.0,109.58619,1
304.1,187.6603,1
165.9,129.71358,1
156.0,137.93657,1
450.0,229.32408,1
156.0,132.8575,1
335.5,169.23811,1
68.0,72.9835,1
230.0,195.67862,1
48.0,21.901344,1
320.0,178.02994,1
202.0,149.64119,1
93.2,93.6818,1
306.4,50.442867,1
296.6,42.83205,1
156.0,147.74182,1
384.7,287.4225,1
156.0,124.39489,1
91.6,263.16577,1
330.0,168.96986,1
265.9,157.62358,1
450.0,252.68468,1
404.1,216.07274,1
63.0,82.018135,1
293.0,183.73991,1
331.7,137.56862,1
265.9,140.07344,1
158.0,146.75192,1
342.4,219.49428,1
101.0,106.32236,1
370.1,204.711,1
382.3,203.89937,1
104.4,132.49893,1
320.0,205.48972,1
100.0,110.06744,1
363.0,221.79091,1
45.0,162.24126,1
318.7,105.116844,1
404.1,193.82661,1
301.0,134.93349,1
230.0,198.24028,1
238.6,84.241035,1
103.0,95.74674,1
141.0,132.5217,1
159.0,152.24394,1
86.5,86.87332,1
68.0,61.668392,1
66.2,77.17871,1
161.0,119.50174,1
303.3,168.72508,1
334.0,299.3762,1
89.9,48.490665,1
54.4,71.46148,1
344.0,167.91121,1
68.0,20.060839,1
103.0,61.891865,1
330.0,251.41957,1
37.0,37.95483,1
493.1,271.40842,1
70.0,29.644508,1
450.0,272.46155,1
330.0,130.83199,1
73.0,85.733055,1
304.1,170.5572,1
40.0,50.874996,1
230.0,215.24141,1
268.0,146.86205,1
223.0,144.2528,1
358.6,140.26836,1
230.0,199.09433,1
300.0,212.49162,1
340.1,283.5689,1
107.0,187.56856,1
186.3,143.89777,1
496.2,208.81886,1
330.0,175.10796,1
71.0,32.908203,1
91.0,109.73366,1
104.0,131.08444,1
303.3,132.46526,1
301.8,105.91808,1
142.0,92.42157,1
124.9,101.75156,1
52.7,165.64204,1
245.0,249.17268,1
245.0,223.88356,1
252.2,108.94085,1
223.0,107.94737,1
160.0,157.60576,1
36.0,48.050755,1
301.0,51.34621,1
70.0,18.112099,1
134.0,147.1657,1
57.8,45.595585,1
496.2,258.60666,1
133.0,135.90727,1
341.7,181.3784,1
370.1,316.06906,1
293.0,155.16641,1
145.4,136.83846,1
235.1,75.07253,1
18.3,-17.352514,1
53.0,27.593699,1
325.6,140.83952,1
328.6,121.76859,1
91.6,39.134995,1
143.0,154.64253,1
342.4,170.05977,1
94.9,75.812294,1
31.7,103.92422,1
37.0,32.847942,1
88.2,62.62783,1
156.0,124.56936,1
245.0,287.0618,1
268.0,255.92357,1
160.0,93.59948,1
84.8,101.69866,1
97.0,37.40742,1
230.0,217.17534,1
206.0,142.65572,1
71.0,25.716599,1
334.8,119.76555,1
341.7,229.4134,1
47.0,89.92147,1
305.6,74.21003,1
281.0,184.62102,1
135.1,99.82197,1
83.1,70.391014,1
91.0,134.85582,1
293.0,243.46481,1
314.8,84.48832,1
449.0,271.38632,1
334.8,106.2083,1
56.0,48.58267,1
25.0,131.48659,1
163.0,137.01076,1
179.5,151.52818,1
28.3,39.034657,1
47.0,33.469585,1
134.0,159.13853,1
357.8,174.26903,1
500.0,159.1223,1
103.0,124.53889,1
255.6,214.58205,1
333.2,82.946785,1
334.8,167.93932,1
199.0,203.52095,1
201.0,85.3221,1
141.0,145.08588,1
341.7,146.41669,1
252.2,83.70693,1
301.0,105.766396,1
69.6,168.10295,1
160.0,119.22769,1
450.0,270.26303,1
76.3,80.94133,1
69.6,21.794462,1
331.7,258.85385,1
37.0,11.512633,1
91.0,98.10391,1
151.0,95.78576,1
141.0,134.32286,1
334.8,56.849888,1
245.0,296.015,1
336.3,207.79124,1
328.6,162.16628,1
154.0,115.06495,1
141.0,23.797281,1
284.0,122.94816,1
86.5,75.83218,1
325.6,58.40153,1
141.0,115.23366,1
265.9,141.42592,1
84.8,106.20608,1
245.0,263.4188,1
30.0,70.76585,1
103.0,92.32089,1
317.1,79.09005,1
281.0,332.81308,1
37.0,31.06984,1
450.0,275.6906,1
171.0,123.976616,1
282.9,97.89302,1
26.7,39.418674,1
309.4,124.62812,1
23.3,106.23014,1
387.0,201.92049,1
84.8,45.551373,1
199.0,183.95647,1
293.0,261.87823,1
202.0,146.79579,1
331.0,136.13623,1
43.0,41.48425,1
182.0,120.008255,1
73.0,58.6712,1
69.6,141.90126,1
91.6,101.19643,1
272.7,122.1179,1
98.3,129.60378,1
293.0,304.68826,1
101.0,117.11281,1
96.6,91.07465,1
135.1,65.296265,1
330.2,137.32816,1
86.5,24.759195,1
324.8,135.55075,1
343.2,132.46661,1
100.0,55.723392,1
138.6,110.20258,1
199.0,85.566315,1
36.0,20.719276,1
363.0,264.65256,1
426.3,120.97329,1
163.0,133.59314,1
230.0,185.22331,1
281.0,231.12257,1
161.0,69.75225,1
103.0,84.055916,1
238.6,57.66388,1
140.0,134.56902,1
161.0,127.57711,1
182.0,130.68393,1
163.0,137.2466,1
302.5,174.89671,1
26.7,19.940083,1
97.0,41.158558,1
79.7,66.6355,1
56.0,66.41181,1
57.8,264.1441,1
31.7,117.33348,1
156.0,134.93576,1
50.0,90.955124,1
114.0,72.852425,1
141.0,87.060265,1
281.0,193.8817,1
199.0,186.83434,1
299.0,128.07661,1
328.6,101.20716,1
61.1,157.97215,1
32.0,31.904278,1
325.6,157.86064,1
357.8,206.11134,1
71.0,47.954967,1
160.0,148.41628,1
36.0,15.331562,1
248.8,202.05382,1
402.5,157.71165,1
199.0,205.93297,1
29.0,150.87004,1
357.8,252.70534,1
317.9,105.7821,1
372.0,252.64957,1
156.0,116.50862,1
15.0,-14.088397,1
79.7,87.83847,1
89.9,147.82433,1
449.0,146.5793,1
449.0,92.380806,1
96.6,183.3499,1
245.4,39.28519,1
284.0,127.09491,1
334.8,75.72836,1
63.0,101.919685,1
327.9,248.04527,1
40.0,64.8705,1
68.0,40.151287,1
154.0,110.17205,1
141.0,131.59642,1
319.4,266.9398,1
23.3,120.13325,1
165.9,50.90772,1
43.0,23.106497,1
103.0,73.83488,1
325.6,170.12105,1
284.0,153.98224,1
152.2,184.47081,1
252.2,118.97624,1
104.4,118.71957,1
143.0,130.56725,1
62.8,170.04863,1
98.3,108.49639,1
36.0,84.3996,1
230.0,178.41988,1
130.0,114.05573,1
228.3,143.96399,1
340.9,111.52699,1
179.0,121.57734,1
78.0,112.16481,1
103.0,78.56376,1
96.6,142.32549,1
121.0,111.4441,1
46.7,41.20541,1
404.1,253.28406,1
330.9,220.883,1
52.7,163.91133,1
121.5,53.88916,1
47.0,54.016865,1
293.0,214.43031,1
176.1,54.50591,1
289.8,155.02496,1
317.1,82.089516,1
114.0,97.26122,1
284.0,139.40157,1
103.0,117.64138,1
158.0,161.23634,1
158.0,106.35385,1
500.0,153.80959,1
363.0,197.24736,1
238.6,62.840294,1
325.6,246.41727,1
56.0,63.663944,1
15.0,13.170947,1
89.9,107.34866,1
167.0,131.6563,1
304.1,197.13348,1
459.3,206.80138,1
230.0,165.04611,1
342.4,166.81859,1
35.0,196.60138,1
48.0,-3.130043,1
88.2,268.47305,1
337.1,143.92224,1
289.8,156.76907,1
363.0,396.77097,1
163.0,113.366615,1
449.0,191.65993,1
202.0,154.235,1
386.2,244.24335,1
52.7,106.159515,1
71.3,29.882553,1
71.0,53.628582,1
390.0,159.63614,1
333.2,100.70823,1
101.0,143.11232,1
101.0,121.22684,1
43.0,8.310979,1
330.0,206.69128,1
337.8,253.54222,1
268.0,227.61041,1
30.0,137.79826,1
345.5,132.89322,1
36.7,-45.846485,1
214.7,144.46461,1
66.2,105.30919,1
71.0,34.243374,1
154.0,157.47298,1
15.0,8.154484,1
372.0,102.75498,1
103.0,96.13144,1
142.0,131.01584,1
272.7,208.52306,1
293.0,149.12944,1
337.8,125.62716,1
341.7,243.14618,1
159.0,102.78865,1
81.4,14.145849,1
331.0,157.13475,1
66.2,101.131584,1
124.0,134.3337,1
356.3,304.78427,1
363.0,236.7171,1
15.0,72.473274,1
134.0,185.14774,1
154.0,164.88538,1
309.4,245.77556,1
341.7,186.97795,1
301.0,156.48251,1
160.0,136.5976,1
36.0,77.993614,1
73.0,64.78473,1
8.3,63.881626,1
94.9,111.712074,1
96.6,168.34615,1
358.6,192.62035,1
393.9,111.00334,1
70.0,43.22456,1
293.0,237.57823,1
103.0,82.45879,1
343.2,162.07327,1
152.0,148.69633,1
143.0,118.033844,1
37.0,28.49687,1
204.4,159.2122,1
319.4,36.08465,1
252.2,181.58884,1
305.6,146.96904,1
343.2,112.588615,1
91.0,126.55321,1
156.0,119.21506,1
272.7,100.90415,1
199.0,114.54447,1
97.0,86.78039,1
43.0,45.44207,1
296.6,82.77132,1
51.0,113.11781,1
363.0,72.10359,1
78.0,78.0335,1
154.0,142.3954,1
245.0,163.90242,1
98.3,83.57812,1
293.0,199.23515,1
335.5,-19.511278,1
156.0,148.90532,1
